{
  "IAP": 21,
  "TMRCA": 10,
  "chrom_lengths": [
    248956422,
    242193529,
    198295559,
    190214555,
    181538259,
    170805979,
    159345973,
    145138636,
    138394717,
    133797422,
    135086622,
    133275309,
    114364328,
    107043718,
    101991189,
    90338345,
    83257441,
    80373285,
    58617616,
    64444167,
    46709983,
    50818468
  ],
  "genealogical_ancestors": [
    1,
    2,
    3.9988888888888887,
    7.963333333333333,
    15.834444444444445,
    31.192222222222224,
    60.37222222222222,
    112.92333333333333,
    199.69222222222223,
    326.37555555555554,
    470.48333333333335,
    578.7733333333333,
    666.54,
    695.5033333333333,
    699.8211111111111,
    710.8822222222223,
    699.9677777777778,
    708.8488888888888,
    707.9477777777778,
    711.9611111111111,
    721.9877777777778,
    721,
    707,
    707,
    708,
    694,
    697,
    705,
    717,
    713,
    722,
    723,
    718,
    710,
    729,
    723,
    725,
    715,
    716,
    727,
    713,
    710,
    710,
    708,
    711,
    706,
    725,
    717,
    727,
    721,
    743,
    744,
    727,
    741,
    730,
    712,
    715,
    706,
    722,
    732
  ],
  "genealogical_descendants": [
    1,
    2.3166023166023164,
    4.913934426229508,
    9.957004160887656,
    19.904895104895104,
    39.12027972027972,
    75.56783216783217,
    141.7146853146853,
    250.06153846153848,
    404.0237762237762,
    575.5034965034965,
    719.2503496503497,
    810.9426573426573,
    860.0055944055944,
    883.3510489510489,
    892.8937062937063,
    897.2237762237762,
    899.3006993006993,
    899.8909090909091,
    899.9916083916083,
    900,
    900,
    900,
    900,
    900,
    900,
    900,
    900,
    900,
    900,
    900,
    900,
    900,
    900,
    900,
    900,
    900,
    900,
    900,
    900,
    900,
    900,
    900,
    900,
    900,
    900,
    900,
    900,
    900,
    900,
    900,
    900,
    900,
    900,
    900,
    900,
    900,
    900,
    900,
    900
  ],
  "genetic_ancestors": [
    1,
    2,
    3.9988888888888887,
    7.963333333333333,
    15.834444444444445,
    31.18,
    59.80777777777778,
    105.95444444444445,
    164.54222222222222,
    224.0377777777778,
    274.2611111111111,
    310.5233333333333,
    343.21666666666664,
    367.73777777777775,
    388.55,
    407.80444444444447,
    409.8177777777778,
    425.02555555555557,
    438.52222222222224,
    448.6022222222222,
    468.55555555555554,
    477.8466666666667,
    471.86,
    481.9688888888889,
    492.97,
    489.8822222222222,
    503.41333333333336,
    508.53333333333336,
    517.5222222222222,
    520.7711111111112,
    532.4066666666666,
    542.1244444444444,
    541.24,
    546.4144444444445,
    569.2722222222222,
    563.7511111111111,
    564.31,
    562.7077777777778,
    569.1388888888889,
    576.0888888888888,
    564.8311111111111,
    564.0566666666666,
    579.68,
    584.0222222222222,
    584.1222222222223,
    578.27,
    593.47,
    591.6066666666667,
    600.7766666666666,
    593.1977777777778,
    605.8177777777778,
    615.1355555555556,
    610.0766666666667,
    629.6111111111111,
    627.2677777777777,
    613.47,
    610.6,
    610.2788888888889,
    609.9466666666667,
    620.7566666666667
  ],
  "genetic_descendants": [
    1,
    2.3166023166023164,
    4.913934426229508,
    9.957004160887656,
    19.904895104895104,
    39.10489510489511,
    74.82517482517483,
    132.94545454545454,
    206.56643356643357,
    279.2937062937063,
    340.42657342657344,
    388.14825174825177,
    425.8615384615385,
    455.6125874125874,
    479.72027972027973,
    501.8529411764706,
    520.7689075630252,
    537.4579831932773,
    552.8597475455821,
    567.2819074333801,
    579.8232819074334,
    593.4550561797753,
    605.351617440225,
    615.0928270042194,
    625.0337552742616,
    633.7791842475386,
    642.7594936708861,
    650.8045007032349,
    658.3417721518987,
    665.3417721518987,
    671.8902953586498,
    678.42194092827,
    683.4810126582279,
    690.3150492264416,
    695.4106891701829,
    700.8691983122363,
    705.6272855133615,
    710.2461322081575,
    715.5422535211268,
    720.2112676056338,
    724.2535211267606,
    727.9788732394367,
    731.8690140845071,
    734.9788732394367,
    737.9450704225352,
    741.2985915492958,
    744.0661971830986,
    747.9887323943663,
    750.9338028169014,
    753.3394366197183,
    756.2704225352113,
    758.9816901408451,
    761.3098591549295,
    763.6267605633802,
    767.1875881523272,
    768.9055007052186,
    771.3370944992948,
    773.62341325811,
    774.9971791255289,
    777.5303244005642
  ],
  "num_gen": 60,
  "pop_size": 900,
  "recomb_rate": 1e-8,
  "roh_freq": [
    0,
    0,
    0.0004906608026638966,
    0.0005058010520400845,
    0.0024143111071987036,
    0.003045959448751593,
    0.004550991612387126,
    0.006435082046077145,
    0.004816795077470184,
    0.004368448246995011,
    0.00601287694282557,
    0.004332403180473091,
    0.006173053213585201,
    0.008477342739994558,
    0.006069020523924902,
    0.007843386346330196,
    0.011772745842973041,
    0.01013448414368449,
    0.008972530757266615,
    0.011474655565610361,
    0.01221090324541246,
    0.011295709431164144,
    0.012074871979455212,
    0.01159987039168987,
    0.01541553124591509,
    0.01495300423202891,
    0.016846782613440452,
    0.01476957611386846,
    0.018247174995563165,
    0.014511847441418889,
    0.014665839605693879,
    0.01540775215785936,
    0.018775616922960363,
    0.01934258411344088,
    0.019770996466739726,
    0.019760311837033757,
    0.020858768311752336,
    0.018250512640559532,
    0.02016416844449162,
    0.022419837831229424,
    0.02048145881565129,
    0.02167349753029684,
    0.02392389233973035,
    0.026073923910314597,
    0.0223954095856108,
    0.02207323429684393,
    0.02877465914066547,
    0.026276885479003774,
    0.023847001330773943,
    0.02581588206276512,
    0.02817795316129073,
    0.02145971109197594,
    0.027432951712209757,
    0.0276729059685617,
    0.0269488397462722,
    0.03452114335301945,
    0.03316895867175282,
    0.03160897986010411,
    0.030426311264169593,
    0.036385251931393976
  ],
  "roh_len": [
    0,
    0,
    9068467,
    7565091,
    10606168,
    9718155,
    9086185,
    8118373,
    5068509,
    5354507,
    5081099,
    3109597,
    4080936,
    4296794,
    2748748,
    3186492,
    4401386,
    3207313,
    2672856,
    2688643,
    2636492,
    2301209,
    2235368,
    1876034,
    2404322,
    2046055,
    2303602,
    1809312,
    2165906,
    1579831,
    1423454,
    1408250,
    1627535,
    1552339,
    1623325,
    1525717,
    1378491,
    1174882,
    1215544,
    1305151,
    1138152,
    1107582,
    1217630,
    1217869,
    1012053,
    975782,
    1167162,
    1067169,
    928691,
    969824,
    1008053,
    736042,
    923894,
    869367,
    838364,
    1025398,
    949010,
    892368,
    837970,
    961035
  ],
  "runtime_genealogical_ancestors": 3.3278676,
  "runtime_genealogical_descendants": 5.1531993,
  "runtime_genetic_ancestors": 96.8396938,
  "runtime_genetic_descendants": 62.6477259,
  "seed": 395,