{
  "IAP": -1,
  "TMRCA": 7,
  "chrom_lengths": [
    248956422,
    242193529,
    198295559,
    190214555,
    181538259,
    170805979,
    159345973,
    145138636,
    138394717,
    133797422,
    135086622,
    133275309,
    114364328,
    107043718,
    101991189,
    90338345,
    83257441,
    80373285,
    58617616,
    64444167,
    46709983,
    50818468
  ],
  "genealogical_ancestors": [
    1,
    2,
    3.97,
    7.77,
    14.05,
    25.21,
    41.27,
    56.43,
    68,
    79.86
  ],
  "genealogical_descendants": [
    1,
    2,
    3.95,
    7.7,
    14.21,
    24.8,
    38.64,
    53.29,
    64,
    69.39
  ],
  "genetic_ancestors": [
    1,
    2,
    3.97,
    7.77,
    14.05,
    25.21,
    41.08,
    54.82,
    64.22,
    75.05
  ],
  "genetic_descendants": [
    1,
    2,
    3.95,
    7.7,
    14.21,
    24.8,
    38.41,
    51.74,
    60.33,
    64.45
  ],
  "num_gen": 10,
  "pop_size": 100,
  "recomb_rate": 1e-8,
  "roh_freq": [
    0,
    0,
    0.01934709139260066,
    0.016906511588970212,
    0.023554178069753382,
    0.022262985125473613,
    0.03935411612975139,
    0.029568944165588515,
    0.036409951194453664,
    0.0477227483881659
  ],
  "roh_len": [
    0,
    0,
    30066441,
    16589162,
    10418199,
    8432953,
    9109753,
    6991016,
    6513918,
    5559277
  ],
  "runtime_genealogical_ancestors": 0.0036181,
  "runtime_genealogical_descendants": 0.0021493,
  "runtime_genetic_ancestors": 0.0891652,
  "runtime_genetic_descendants": 0.0985379,
  "seed": 0,
  "segment_len": [
    130681887,
    57864577,
    36612563,
    26839073,
    21062282,
    17475088,
    14937012,
    12997882,
    11526979,
    10369333
  ],
  "seq_len": 2875001522
}
