{
  "IAP": 14,
  "TMRCA": 6,
  "chrom_lengths": [
    248956422,
    242193529,
    198295559,
    190214555,
    181538259,
    170805979,
    159345973,
    145138636,
    138394717,
    133797422,
    135086622,
    133275309,
    114364328,
    107043718,
    101991189,
    90338345,
    83257441,
    80373285,
    58617616,
    64444167,
    46709983,
    50818468
  ],
  "genealogical_ancestors": [
    1,
    2,
    3.93,
    7.57,
    14.36,
    25.19,
    39.66,
    52.43,
    62.91,
    64.42,
    75.4,
    74.75,
    76.28,
    71.89,
    74,
    70,
    77,
    73,
    77,
    79
  ],
  "genealogical_descendants": [
    1,
    2,
    3.98,
    7.77,
    14.47,
    24.72,
    38.63,
    52.44,
    64.03,
    70.79,
    74.77,
    76.8,
    77.7,
    77.97,
    78,
    78,
    78,
    78,
    78,
    78
  ],
  "genetic_ancestors": [
    1,
    2,
    3.93,
    7.57,
    14.36,
    25.18,
    39.41,
    51.07,
    58.94,
    59.87,
    69,
    68.69,
    71.87,
    67.58,
    70.86,
    68.16,
    74.44,
    70.75,
    74.34,
    77.91
  ],
  "genetic_descendants": [
    1,
    2,
    3.98,
    7.77,
    14.47,
    24.72,
    38.45,
    51.15,
    60.27,
    65.45,
    68.44,
    70.14,
    71.34,
    72.21,
    72.86,
    73.22,
    73.58,
    73.41,
    73.61,
    73.97
  ],
  "num_gen": 20,
  "pop_size": 100,
  "recomb_rate": 1e-8,
  "roh_freq": [
    0,
    0,
    0.0016267635457620463,
    0.0061343093508108406,
    0.022659559499878412,
    0.019175593010346936,
    0.04697544462030375,
    0.03691775948562437,
    0.03289393975145172,
    0.032554761193618595,
    0.04297257446112754,
    0.06970882380979831,
    0.06619906397739987,
    0.04588411476673994,
    0.07019243372421421,
    0.08223494106727641,
    0.08727777642546931,
    0.0862187110591728,
    0.09972424964858853,
    0.08482494390136883
  ],
  "roh_len": [
    0,
    0,
    11135589,
    7769228,
    13686190,
    6031713,
    7604418,
    7118619,
    4138736,
    3796956,
    3606135,
    5068613,
    4053725,
    2908862,
    3260677,
    3562772,
    3375807,
    2649694,
    2912508,
    2164094
  ],
  "runtime_genealogical_ancestors": 0.0098798,
  "runtime_genealogical_descendants": 0.0107146,
  "runtime_genetic_ancestors": 0.5131884,
  "runtime_genetic_descendants": 0.4770797,
  "seed": 0,
  "segment_len": [
    130681887,
    56284289,
    35901617,
    26098416,
    20629293,
    16896864,
    14454507,
    12648767,
    11169175,
    10099418,
    9203244,
    8465971,
    7791332,
    7223621,
    6713842,
    6293028,
    5916127,
    5616992,
    5320874,
    5029523
  ],
  "seq_len": 2875001522
}
