{
  "IAP": 14,
  "TMRCA": 7,
  "chrom_lengths": [
    248956422,
    242193529,
    198295559,
    190214555,
    181538259,
    170805979,
    159345973,
    145138636,
    138394717,
    133797422,
    135086622,
    133275309,
    114364328,
    107043718,
    101991189,
    90338345,
    83257441,
    80373285,
    58617616,
    64444167,
    46709983,
    50818468
  ],
  "genealogical_ancestors": [
    1,
    2,
    3.94,
    7.7,
    14.5,
    25.28,
    40.79,
    57.28,
    64.03,
    68.95,
    75.34,
    79.44,
    79.75,
    78.98,
    79,
    81,
    84,
    78,
    78,
    84,
    86,
    84,
    80,
    75,
    79,
    81,
    76,
    83,
    83,
    76
  ],
  "genealogical_descendants": [
    1,
    2,
    3.98,
    7.69,
    14.61,
    26.69,
    43.04,
    59.88,
    71.56,
    78.01,
    80.78,
    81.88,
    82.48,
    82.88,
    83,
    83,
    83,
    83,
    83,
    83,
    83,
    83,
    83,
    83,
    83,
    83,
    83,
    83,
    83,
    83
  ],
  "genetic_ancestors": [
    1,
    2,
    3.94,
    7.7,
    14.5,
    25.28,
    40.59,
    55.62,
    60.52,
    65.44,
    70.22,
    73.59,
    73.77,
    74.07,
    74.44,
    76.37,
    81.08,
    75.31,
    74.81,
    80.16,
    81.23,
    80.1,
    79.32,
    73.45,
    77.01,
    78.71,
    74.16,
    80.23,
    79.8,
    73.2
  ],
  "genetic_descendants": [
    1,
    2,
    3.98,
    7.69,
    14.61,
    26.68,
    42.75,
    58.32,
    68.01,
    73.01,
    75.7,
    77.3,
    78.14,
    78.5,
    78.74,
    79.49,
    79.8,
    79.8,
    79.96,
    80.03,
    80.18,
    80.38,
    80.56,
    80.74,
    80.87,
    80.97,
    81.2,
    81.16,
    81.19,
    81.22
  ],
  "num_gen": 30,
  "pop_size": 100,
  "recomb_rate": 1e-8,
  "roh_freq": [
    0,
    0,
    0.010514813668331686,
    0.014701843615232702,
    0.008449133895797638,
    0.014151107103309562,
    0.02029519858807226,
    0.03957585722279837,
    0.02955659837038514,
    0.042773025721549514,
    0.051991721999512734,
    0.05491194047096578,
    0.051439651655252244,
    0.03809121711831914,
    0.06868590667132175,
    0.0677743664547528,
    0.09781697604958693,
    0.08126242451429214,
    0.09978650792171649,
    0.09566813562890351,
    0.08885603892212478,
    0.08506158217609458,
    0.10782727742500305,
    0.10855523206919541,
    0.107437323655789,
    0.13552863092014739,
    0.10149413348032309,
    0.10847390352442395,
    0.09500266226641671,
    0.17565981642287284
  ],
  "roh_len": [
    0,
    0,
    73731964,
    10673692,
    5386091,
    7492533,
    6213921,
    8587218,
    4296019,
    4628246,
    5122559,
    4814635,
    4146035,
    2511750,
    3813674,
    3241041,
    3817865,
    2821272,
    3269732,
    2643148,
    2382811,
    2183696,
    2412291,
    2392827,
    2080717,
    2311473,
    1678337,
    1656992,
    1398959,
    2368105
  ],
  "runtime_genealogical_ancestors": 0.0195182,
  "runtime_genealogical_descendants": 0.0212158,
  "runtime_genetic_ancestors": 1.5193383,
  "runtime_genetic_descendants": 1.1753487,
  "seed": 0,
  "segment_len": [
    130681887,
    56633537,
    36032103,
    26318212,
    20706554,
    17055744,
    14519109,
    12724905,
    11295334,
    10221682,
    9261053,
    8498253,
    7847048,
    7283832,
    6761289,
    6335323,
    5941067,
    5609649,
    5321268,
    5056770,
    4804722,
    4597354,
    4406368,
    4206139,
    4043659,
    3879501,
    3741348,
    3615990,
    3483478,
    3375088
  ],
  "seq_len": 2875001522
}
