{
  "IAP": 13,
  "TMRCA": 7,
  "chrom_lengths": [
    248956422,
    242193529,
    198295559,
    190214555,
    181538259,
    170805979,
    159345973,
    145138636,
    138394717,
    133797422,
    135086622,
    133275309,
    114364328,
    107043718,
    101991189,
    90338345,
    83257441,
    80373285,
    58617616,
    64444167,
    46709983,
    50818468
  ],
  "genealogical_ancestors": [
    1,
    2,
    4,
    7.8,
    14.41,
    25.21,
    40.28,
    53.17,
    65.39,
    76.99,
    82.08,
    84.35,
    79.97,
    78,
    79,
    81,
    78,
    79,
    85,
    80,
    79,
    71,
    75,
    76,
    80,
    79,
    84,
    83,
    86,
    84,
    79,
    81,
    81,
    78,
    78,
    78,
    79,
    80,
    86,
    91
  ],
  "genealogical_descendants": [
    1,
    2,
    3.94,
    7.56,
    14.1,
    25.26,
    40.24,
    56.85,
    70.35,
    77.34,
    80.22,
    81.49,
    81.91,
    81.97,
    82,
    82,
    82,
    82,
    82,
    82,
    82,
    82,
    82,
    82,
    82,
    82,
    82,
    82,
    82,
    82,
    82,
    82,
    82,
    82,
    82,
    82,
    82,
    82,
    82,
    82
  ],
  "genetic_ancestors": [
    1,
    2,
    4,
    7.8,
    14.41,
    25.2,
    40.03,
    51.61,
    62.2,
    71.6,
    76.72,
    79.92,
    76.15,
    74.77,
    75.02,
    75.55,
    74.99,
    75.45,
    81.43,
    77.61,
    75.52,
    68.73,
    72.49,
    71.91,
    78.13,
    77.4,
    82.21,
    82.37,
    83.83,
    81.22,
    74.39,
    78.86,
    79.43,
    76.38,
    75.51,
    75.35,
    76.89,
    78.61,
    81.48,
    86.66
  ],
  "genetic_descendants": [
    1,
    2,
    3.94,
    7.56,
    14.1,
    25.24,
    40.03,
    55.19,
    66.26,
    72.55,
    75.13,
    76.63,
    77.89,
    78.45,
    78.84,
    79.22,
    79.4,
    79.65,
    79.83,
    79.94,
    80.2,
    80.21,
    80.31,
    80.58,
    80.51,
    80.52,
    80.65,
    80.83,
    80.94,
    80.94,
    81.09,
    80.9,
    81.06,
    80.99,
    81.15,
    81.13,
    81.11,
    81.22,
    81.15,
    81.23
  ],
  "num_gen": 40,
  "pop_size": 100,
  "recomb_rate": 1e-8,
  "roh_freq": [
    0,
    0,
    0.01621190758799188,
    0.01215954572284223,
    0.019797025077887942,
    0.025806160018443287,
    0.021678312311516058,
    0.03650900767070968,
    0.024450583490856322,
    0.03712545303480365,
    0.04360267376234106,
    0.05408892294492496,
    0.049967777784014684,
    0.06563509104813614,
    0.05346109279729279,
    0.059705422531598926,
    0.053427764234067074,
    0.05590098397520083,
    0.08868835639872054,
    0.08273013273556104,
    0.06422433265758806,
    0.11192420201786592,
    0.07980128684258832,
    0.0842344289096345,
    0.07712165528724893,
    0.14959609992512554,
    0.10202734973369519,
    0.12357107372689594,
    0.12739970992265792,
    0.11844627246774724,
    0.15824359466895613,
    0.15232632301542134,
    0.1159539606706337,
    0.17382070441909142,
    0.14677326803863863,
    0.1452549712389335,
    0.13325603024498156,
    0.13942856265034004,
    0.18188406419215802,
    0.15145038720435156
  ],
  "roh_len": [
    0,
    0,
    20177168,
    7734228,
    10020506,
    9800891,
    5108621,
    9371736,
    3719336,
    4636652,
    4605354,
    4847435,
    3330028,
    4008092,
    2739763,
    3109095,
    2515638,
    1970759,
    3059872,
    2426290,
    1767953,
    2748161,
    1798595,
    1829385,
    1397748,
    2600925,
    1567932,
    1754231,
    1779845,
    1489125,
    1851575,
    1776410,
    1256521,
    1733264,
    1391365,
    1279789,
    1097111,
    1113276,
    1367246,
    1117149
  ],
  "runtime_genealogical_ancestors": 0.0275525,
  "runtime_genealogical_descendants": 0.0285247,
  "runtime_genetic_ancestors": 3.4435167,
  "runtime_genetic_descendants": 2.3879853,
  "seed": 0,
  "segment_len": [
    130681887,
    56913818,
    36147627,
    26615455,
    21051486,
    17438519,
    14947885,
    13112592,
    11543872,
    10293780,
    9366351,
    8569048,
    7846726,
    7242820,
    6772118,
    6360552,
    5975332,
    5630633,
    5340841,
    5073144,
    4820996,
    4613918,
    4423249,
    4213722,
    4045992,
    3895481,
    3755987,
    3619131,
    3477242,
    3359922,
    3255283,
    3148202,
    3048054,
    2958885,
    2871240,
    2794437,
    2723790,
    2659120,
    2592216,
    2534391
  ],
  "seq_len": 2875001522
}
