{
  "IAP": 21,
  "TMRCA": 10,
  "chrom_lengths": [
    248956422,
    242193529,
    198295559,
    190214555,
    181538259,
    170805979,
    159345973,
    145138636,
    138394717,
    133797422,
    135086622,
    133275309,
    114364328,
    107043718,
    101991189,
    90338345,
    83257441,
    80373285,
    58617616,
    64444167,
    46709983,
    50818468
  ],
  "genealogical_ancestors": [
    1,
    2,
    3.995,
    7.963,
    15.83,
    31.236,
    60.562,
    114.758,
    205.372,
    334.489,
    482.93,
    619.477,
    715.495,
    769.734,
    772.21,
    791.145,
    794.895,
    792.289,
    801.886,
    801.917,
    802.974,
    780,
    801,
    796,
    794,
    803,
    796,
    799,
    797,
    791,
    817,
    803,
    809,
    797,
    806,
    797,
    796,
    798,
    795,
    806,
    801,
    806,
    805,
    810,
    814,
    809,
    793,
    803,
    800,
    800,
    804,
    802,
    800,
    795,
    785,
    802,
    802,
    807,
    817,
    788,
    791,
    781,
    782,
    780,
    776,
    796,
    791,
    797,
    803,
    790,
    788,
    807,
    791,
    787,
    801,
    792,
    784,
    800,
    806,
    796,
    815,
    807,
    782,
    783,
    798,
    809,
    810,
    806,
    798,
    792,
    790,
    792,
    794,
    800,
    793,
    787,
    801,
    790,
    818,
    791
  ],
  "genealogical_descendants": [
    1,
    2.2675736961451247,
    4.769689737470167,
    9.694647201946472,
    19.470443349753694,
    38.46049382716049,
    74.74814814814815,
    141.00370828182943,
    252.83312731767614,
    415.82076637824474,
    605.6625463535229,
    773.3609394313968,
    886.6415327564895,
    950.8380716934487,
    980.8306551297899,
    993.6093943139679,
    997.9728059332509,
    999.4276885043263,
    999.8912237330037,
    999.9913473423981,
    1000,
    1000,
    1000,
    1000,
    1000,
    1000,
    1000,
    1000,
    1000,
    1000,
    1000,
    1000,
    1000,
    1000,
    1000,
    1000,
    1000,
    1000,
    1000,
    1000,
    1000,
    1000,
    1000,
    1000,
    1000,
    1000,
    1000,
    1000,
    1000,
    1000,
    1000,
    1000,
    1000,
    1000,
    1000,
    1000,
    1000,
    1000,
    1000,
    1000,
    1000,
    1000,
    1000,
    1000,
    1000,
    1000,
    1000,
    1000,
    1000,
    1000,
    1000,
    1000,
    1000,
    1000,
    1000,
    1000,
    1000,
    1000,
    1000,
    1000,
    1000,
    1000,
    1000,
    1000,
    1000,
    1000,
    1000,
    1000,
    1000,
    1000,
    1000,
    1000,
    1000,
    1000,
    1000,
    1000,
    1000,
    1000,
    1000,
    1000
  ],
  "genetic_ancestors": [
    1,
    2,
    3.995,
    7.963,
    15.83,
    31.222,
    59.99,
    107.555,
    168.051,
    228.028,
    278.701,
    320.78,
    357.734,
    380.946,
    398.504,
    419.224,
    433.649,
    452.423,
    468.989,
    478.907,
    491.409,
    496.416,
    510.835,
    516.475,
    528.273,
    542.312,
    547.642,
    554.385,
    566.08,
    578.472,
    586.64,
    581.852,
    587.839,
    591.866,
    601.151,
    594.57,
    602.052,
    609.226,
    601.558,
    617.963,
    623.321,
    633.895,
    632.291,
    637.584,
    639.721,
    641.514,
    640.988,
    657.129,
    658.378,
    666.287,
    660.102,
    666.201,
    663.916,
    657.74,
    652.965,
    673.405,
    673.943,
    678.615,
    691.519,
    675.365,
    680.236,
    678.163,
    676.182,
    673.154,
    666.609,
    678.927,
    675.76,
    684.684,
    692.414,
    684.668,
    682.726,
    706.651,
    686.364,
    684.594,
    699.702,
    688.302,
    685.007,
    700.729,
    701.823,
    704.603,
    721.278,
    710.488,
    688.499,
    690.253,
    703.103,
    720.207,
    722.704,
    720.548,
    714.183,
    704.649,
    695.013,
    695.967,
    708.677,
    715.583,
    719.17,
    715.097,
    728.201,
    712.354,
    736.517,
    715.626
  ],
  "genetic_descendants": [
    1,
    2.2675736961451247,
    4.769689737470167,
    9.694647201946472,
    19.470443349753694,
    38.446913580246914,
    74.02962962962962,
    132.32509270704574,
    207.7416563658838,
    283.6212871287129,
    349.0061881188119,
    400.28341584158414,
    439.78589108910893,
    472.9467821782178,
    499.8217821782178,
    523.9368811881188,
    544.3032178217821,
    563.0816831683169,
    580.8341584158416,
    596.3774752475248,
    611.0185643564356,
    623.8675742574258,
    636.039603960396,
    648.1299504950495,
    659.0990099009902,
    669.3638613861386,
    679.4826732673267,
    687.7264851485148,
    696.8985148514852,
    705.5792079207921,
    712.4777227722773,
    720.174504950495,
    728.0680693069307,
    735.105198019802,
    742.5532178217821,
    747.9183168316831,
    754.6815365551425,
    760.0470879801735,
    765.7732342007434,
    771.1524163568773,
    775.9690210656753,
    780.8723667905824,
    785.3271375464684,
    789.7087980173482,
    794.3358116480794,
    798.0495662949195,
    801.5910780669145,
    805.0210656753408,
    809.1697645600991,
    812.7633209417596,
    815.5712515489467,
    819.2664188351921,
    822.0768277571251,
    825.1697645600991,
    827.8711276332094,
    830.6009913258983,
    833.3791821561339,
    836.5117719950433,
    838.5229244114003,
    841.5204460966543,
    843.7732342007434,
    845.7360594795539,
    847.6703841387856,
    850.5806451612904,
    852.8076923076923,
    854.6861042183623,
    856.9962732919255,
    859.5354037267081,
    861.8658385093167,
    863.9627329192547,
    865.5316770186336,
    866.8161490683229,
    868.4931677018634,
    870.3192546583851,
    871.9801242236025,
    874.794776119403,
    876.5099502487562,
    876.9253731343283,
    878.1455223880597,
    879.3395522388059,
    880.6243781094528,
    882.431592039801,
    883.8196517412936,
    884.7276119402985,
    885.9029850746268,
    887.1094527363184,
    888.5771144278607,
    889.9328358208955,
    890.6666666666666,
    892.1069651741293,
    894.4346201743462,
    895.2714819427148,
    896.3200498132005,
    897.6625155666252,
    898.5093399750934,
    899.6824408468244,
    900.7272727272727,
    901.733499377335,
    902.5031133250311,
    903.7322540473225
  ],
  "num_gen": 100,
  "pop_size": 1000,
  "recomb_rate": 1e-8,