{
  "IAP": 15,
  "TMRCA": 6,
  "chrom_lengths": [
    248956422,
    242193529,
    198295559,
    190214555,
    181538259,
    170805979,
    159345973,
    145138636,
    138394717,
    133797422,
    135086622,
    133275309,
    114364328,
    107043718,
    101991189,
    90338345,
    83257441,
    80373285,
    58617616,
    64444167,
    46709983,
    50818468
  ],
  "genealogical_ancestors": [
    1,
    2,
    3.95,
    7.67,
    14.56,
    26.08,
    39.53,
    50.84,
    68.76,
    72.15,
    74.44,
    77.26,
    77.57,
    77.92,
    78.99,
    78,
    82,
    82,
    88,
    86,
    86,
    83,
    77,
    76,
    82,
    79,
    80,
    82,
    89,
    81,
    79,
    79,
    77,
    80,
    79,
    80,
    78,
    81,
    77,
    81,
    83,
    80,
    71,
    81,
    81,
    86,
    88,
    82,
    81,
    80
  ],
  "genealogical_descendants": [
    1,
    2.247191011235955,
    4.783132530120482,
    9.36144578313253,
    17.337349397590362,
    30.634146341463413,
    49.707317073170735,
    69.01219512195122,
    82.08536585365853,
    90.26829268292683,
    94.54878048780488,
    96.96341463414635,
    98.57317073170732,
    99.4390243902439,
    99.84146341463415,
    100,
    100,
    100,
    100,
    100,
    100,
    100,
    100,
    100,
    100,
    100,
    100,
    100,
    100,
    100,
    100,
    100,
    100,
    100,
    100,
    100,
    100,
    100,
    100,
    100,
    100,
    100,
    100,
    100,
    100,
    100,
    100,
    100,
    100,
    100
  ],
  "genetic_ancestors": [
    1,
    2,
    3.95,
    7.67,
    14.56,
    26.08,
    39.28,
    49.53,
    64.69,
    66.6,
    68.18,
    70.11,
    72.33,
    73.92,
    75.39,
    74.38,
    77.73,
    78.14,
    83.76,
    81.29,
    82.96,
    81.8,
    75.12,
    72.88,
    79.6,
    76.25,
    75.86,
    77.43,
    83.66,
    78.71,
    76.41,
    76.76,
    76.51,
    78.55,
    78.23,
    77.82,
    75.57,
    79.83,
    75.97,
    79.33,
    82.29,
    78,
    69.94,
    79.57,
    79.87,
    83.32,
    85.72,
    79.57,
    78.36,
    76.95
  ],
  "genetic_descendants": [
    1,
    2.247191011235955,
    4.783132530120482,
    9.36144578313253,
    17.337349397590362,
    30.621951219512194,
    49.3780487804878,
    66.76829268292683,
    77.78048780487805,
    83.91463414634147,
    87.70731707317073,
    89.71951219512195,
    90.63414634146342,
    91.6951219512195,
    92.47560975609755,
    93.1219512195122,
    92.90243902439025,
    93.34146341463415,
    93.92682926829268,
    95.19753086419753,
    95.61728395061728,
    95.98765432098766,
    96.1358024691358,
    96.12345679012346,
    96.4074074074074,
    96.48148148148148,
    96.90123456790124,
    96.82716049382717,
    96.98765432098766,
    96.87654320987654,
    96.79012345679013,
    96.91358024691358,
    96.87654320987654,
    97.17283950617283,
    97.34567901234568,
    97.33333333333333,
    97.28395061728395,
    97.50617283950618,
    97.45679012345678,
    97.28395061728395,
    97.23456790123457,
    97.48148148148148,
    97.62962962962963,
    97.62962962962963,
    97.72839506172839,
    97.48148148148148,
    97.72839506172839,
    97.5925925925926,
    97.64197530864197,
    97.69135802469135
  ],
  "num_gen": 50,
  "pop_size": 100,
  "recomb_rate": 1e-8,
  "roh_freq": [
    0,
    0,
    0.008782250630752884,
    0.010738176165737696,
    0.026744862930197778,
    0.045118333255616275,
    0.019263187802235883,
    0.04472582186340839,
    0.030216131033408197,
    0.0305549502453446,
    0.0347555425259354,
    0.04869388122362183,
    0.05399537070227679,
    0.040286587528283055,
    0.07213122441261789,
    0.07148778197064203,
    0.06203865901466469,
    0.0735560637000595,
    0.07378395298463428,
    0.09820551845259162,
    0.09376803861392878,
    0.09372674701491862,
    0.1392064408722772,
    0.10730268596706503,
    0.09713990785497748,
    0.10413884094284663,
    0.10730396674551743,
    0.12163100236786588,
    0.12206128553138207,
    0.18533484605577888,
    0.13309961369126538,
    0.13824479057441,
    0.15505497750133018,
    0.13867754409835753,
    0.16430548286506264,
    0.17038778473384056,
    0.14928376282438713,
    0.15853771427325178,
    0.19304855684525096,
    0.14896741760403143,
    0.17621624629526023,
    0.22481900798451124,
    0.19676642191356725,
    0.19033287421682274,
    0.21616711673170377,
    0.19320344638412332,
    0.2157371565454079,
    0.1868570075803946,
    0.19093218159694597,
    0.20977020108165353
  ],
  "roh_len": [
    0,
    0,
    22148231,
    13540470,
    11307576,
    13512007,
    5309846,
    9392754,
    4243840,
    3648070,
    4151318,
    4339584,
    3841543,
    2508098,
    3835350,
    3536869,
    2624889,
    2724826,
    2506249,
    2839595,
    2394167,
    2254556,
    3094315,
    2189774,
    1764897,
    1905909,
    1611887,
    1781584,
    1619560,
    2215174,
    1519825,
    1546934,
    1615098,
    1343096,
    1524539,
    1507138,
    1219154,
    1216624,
    1426186,
    1084366,
    1156433,
    1445402,
    1223354,
    1115042,
    1156996,
    1053084,
    1115568,
    899193,
    872744,
    955283
  ],
  "runtime_genealogical_ancestors": 0.07952623,
  "runtime_genealogical_descendants": 0.076811278,
  "runtime_genetic_ancestors": 16.841647961,
  "runtime_genetic_descendants": 9.596404305,
  "seed": 1009,
  "segment_count": [
    22,
    101.51,
    158.54,
    218.4,
    277.87,
    332.51,
    388.11,
    442.08,
    502.76,
    562.2,
    621.03,
    678.95,
    731.56,
    788.8,
    843.97,
    902.56,
    949.2,
    1009.62,
    1067.22,
    1123.15,
    1183.24,
    1237.78,
    1293.29,
    1343.95,
    1402.27,
    1462.47,
    1521.53,
    1570.34,
    1623.7,
    1671.43,
    1714.03,
    1777.29,
    1839.08,
    1893.36,
    1952.27,
    2006.01,
    2064.01,
    2118.17,
    2171.81,
    2226.68,
    2285.11,
    2338.48,
    2390.09,
    2452.11,
    2509.81,
    2560.72,
    2611.43,
    2667.26,
    2727.35,
    2783.85
  ],
  "segment_len": [
    130681887,
    56644695,
    36268468,
    26327852,
    20693140,
    17292722,
    14815395,
    13006702,
    11436874,
    10227682,
    9258816,
    8468963,
    7859919,
    7289557,
    6813041,
    6370770,
    6057736,
    5695215,
    5387832,
    5119532,
    4859540,
    4645416,
    4446027,
    4278435,
    4100496,
    3931706,
    3779092,
    3661629,
    3541296,
    3440169,
    3354668,
    3235264,
    3126564,
    3036930,
    2945290,
    2866388,
    2785840,
    2714608,
    2647562,
    2582321,
    2516291,
    2458863,
    2405768,
    2344920,
    2291011,
    2245463,
    2201859,
    2155771,
    2108274,
    2065485
  ],
  "seq_len": 2875001522
}
