{
  "IAP": 14,
  "TMRCA": 7,
  "chrom_lengths": [
    248956422,
    242193529,
    198295559,
    190214555,
    181538259,
    170805979,
    159345973,
    145138636,
    138394717,
    133797422,
    135086622,
    133275309,
    114364328,
    107043718,
    101991189,
    90338345,
    83257441,
    80373285,
    58617616,
    64444167,
    46709983,
    50818468
  ],
  "genealogical_ancestors": [
    1,
    2,
    3.94,
    7.73,
    14.21,
    25.78,
    39.7,
    57.42,
    67.26,
    71.04,
    74.22,
    80.44,
    82.17,
    82.3,
    72,
    76,
    85,
    81,
    80,
    77,
    77,
    80,
    81,
    81,
    81,
    87,
    82,
    85,
    86,
    80,
    76,
    72,
    76,
    82,
    80,
    81,
    77,
    71,
    83,
    84,
    81,
    80,
    82,
    79,
    82,
    78,
    81,
    82,
    81,
    82
  ],
  "genealogical_descendants": [
    1,
    2.380952380952381,
    4.901234567901234,
    9.75,
    19.06578947368421,
    33.64,
    52.24,
    71.92,
    85.86666666666666,
    93.78666666666666,
    97.54666666666667,
    98.85333333333334,
    99.25333333333333,
    99.54666666666667,
    99.82666666666667,
    99.98666666666666,
    100,
    100,
    100,
    100,
    100,
    100,
    100,
    100,
    100,
    100,
    100,
    100,
    100,
    100,
    100,
    100,
    100,
    100,
    100,
    100,
    100,
    100,
    100,
    100,
    100,
    100,
    100,
    100,
    100,
    100,
    100,
    100,
    100,
    100
  ],
  "genetic_ancestors": [
    1,
    2,
    3.94,
    7.73,
    14.21,
    25.76,
    39.36,
    55.48,
    62.8,
    64.61,
    67.4,
    74.18,
    74.53,
    75.86,
    67.26,
    70.61,
    78.33,
    77.85,
    76.31,
    71.75,
    72.4,
    76.69,
    76.73,
    79.28,
    77.99,
    84.42,
    79.82,
    83.08,
    83.83,
    78.69,
    75.83,
    70.97,
    73.19,
    77.71,
    74.54,
    77.25,
    74.92,
    69.54,
    82.88,
    83.36,
    80.73,
    77.74,
    80.44,
    78.17,
    80.41,
    77.62,
    80.61,
    81.64,
    80.4,
    80.69
  ],
  "genetic_descendants": [
    1,
    2.380952380952381,
    4.901234567901234,
    9.75,
    19.06578947368421,
    33.64,
    51.89333333333333,
    69.73333333333333,
    80.37333333333333,
    86.36,
    89.54666666666667,
    91.69333333333333,
    92.54666666666667,
    93.56,
    93.84,
    94.2,
    95.01333333333334,
    95.49333333333334,
    95.28,
    95.6,
    95.61333333333333,
    95.74666666666667,
    96.09333333333333,
    96.13333333333334,
    96.17333333333333,
    95.93333333333334,
    97.3108108108108,
    97.35135135135135,
    97.05405405405405,
    97.29729729729729,
    97.27027027027027,
    97.36486486486487,
    97.32432432432432,
    97.33783783783784,
    97.29729729729729,
    97.29729729729729,
    97.14864864864865,
    97.16216216216216,
    97.10810810810811,
    97.1891891891892,
    97.35135135135135,
    97.02702702702703,
    97.33783783783784,
    97.3108108108108,
    98.89041095890411,
    98.94520547945206,
    98.75342465753425,
    98.94520547945206,
    99.04109589041096,
    99.0958904109589
  ],
  "num_gen": 50,
  "pop_size": 100,
  "recomb_rate": 1e-8,
  "roh_freq": [
    0,
    0,
    0.013121854069056733,
    0.01051639269010446,
    0.020517292101802236,
    0.0407172954707048,
    0.030302567391127803,
    0.03884734489890124,
    0.035128554074553286,
    0.030318070165529464,
    0.055291000997250955,
    0.05420605198900483,
    0.07731995043444712,
    0.05543360599306145,
    0.050416710488962305,
    0.07005401049314644,
    0.08591425510556651,
    0.08258361880616771,
    0.09348757753457634,
    0.0856622410998501,
    0.0947479204395357,
    0.11578744631356755,
    0.11394072549990115,
    0.12345070604800883,
    0.1301747406066243,
    0.12757201495839765,
    0.13010258003960806,
    0.12736030157134645,
    0.16164012002912603,
    0.1481082532345178,
    0.15479566854643217,
    0.13230820710849,
    0.18157638016026065,
    0.17893263796331305,
    0.16049164697798723,
    0.18334994354830814,
    0.17881351632550543,
    0.19987411813620598,
    0.17424319757977505,
    0.17394554230082943,
    0.22412207922650274,
    0.20319537399883156,
    0.20184680760318569,
    0.18163708067421327,
    0.22181094338565016,
    0.23634491151062423,
    0.20817512260781337,
    0.2231611884864943,
    0.22831053616047445,
    0.22060628975207894
  ],
  "roh_len": [
    0,
    0,
    27739228,
    12545495,
    11321928,
    15926841,
    6986361,
    8093201,
    5260137,
    4009406,
    6187688,
    4821858,
    5305369,
    3377950,
    2443906,
    3168744,
    3192498,
    2683409,
    2858112,
    2384807,
    2354978,
    2594210,
    2316360,
    2235018,
    2193485,
    1988235,
    1874443,
    1731994,
    2120052,
    1698896,
    1690166,
    1438296,
    1819435,
    1704318,
    1533088,
    1552578,
    1458946,
    1475020,
    1284584,
    1187081,
    1510965,
    1267271,
    1236965,
    1079095,
    1232569,
    1217487,
    998221,
    1093816,
    1084069,
    1015488
  ],
  "runtime_genealogical_ancestors": 0.087205495,
  "runtime_genealogical_descendants": 0.094719496,
  "runtime_genetic_ancestors": 16.636173315,
  "runtime_genetic_descendants": 9.739261613,
  "seed": 1002,
  "segment_count": [
    22,
    101.51,
    158,
    216.98,
    274.39,
    328.39,
    383.23,
    438.85,
    491.35,
    549.6,
    606.01,
    665.5,
    721.47,
    779.81,
    840.44,
    898.84,
    954.65,
    1016.4,
    1072.43,
    1130.8,
    1190.71,
    1245.89,
    1301.9,
    1360.89,
    1414.95,
    1471.36,
    1526.3,
    1577.98,
    1630.32,
    1695.08,
    1751.51,
    1807.27,
    1865.43,
    1924.02,
    1988.16,
    2043.42,
    2095.3,
    2152.62,
    2207.71,
    2267.38,
    2322.72,
    2381.19,
    2447.61,
    2501.88,
    2558.82,
    2610.04,
    2667.22,
    2717.56,
    2777.02,
    2827.8
  ],
  "segment_len": [
    130681887,
    56644695,
    36392424,
    26500152,
    20955585,
    17509677,
    15004052,
    13102433,
    11702458,
    10462159,
    9488297,
    8640124,
    7969843,
    7373594,
    6841657,
    6397137,
    6023153,
    5657224,
    5361658,
    5084898,
    4829054,
    4615177,
    4416624,
    4225178,
    4063749,
    3907951,
    3767282,
    3643901,
    3526916,
    3392172,
    3282883,
    3181596,
    3082400,
    2988536,
    2892122,
    2813911,
    2744238,
    2671164,
    2604510,
    2535967,
    2475547,
    2414760,
    2349231,
    2298272,
    2247130,
    2203032,
    2155803,
    2115869,
    2070565,
    2033383
  ],
  "seq_len": 2875001522
}
