{
  "IAP": 21,
  "TMRCA": 11,
  "chrom_lengths": [
    248956422,
    242193529,
    198295559,
    190214555,
    181538259,
    170805979,
    159345973,
    145138636,
    138394717,
    133797422,
    135086622,
    133275309,
    114364328,
    107043718,
    101991189,
    90338345,
    83257441,
    80373285,
    58617616,
    64444167,
    46709983,
    50818468
  ],
  "genealogical_ancestors": [
    1,
    2,
    3.996,
    7.968,
    15.831,
    31.153,
    60.46,
    114.381,
    202.848,
    330.962,
    488.542,
    620.662,
    708.537,
    754.887,
    790.869,
    768.81,
    791.667,
    815.916,
    796.02,
    794.872,
    773.996,
    793,
    800,
    817,
    818,
    812,
    814,
    816,
    790,
    794,
    808,
    787,
    792,
    795,
    785,
    802,
    809,
    828,
    819,
    802,
    795,
    796,
    825,
    801,
    804,
    800,
    783,
    776,
    799,
    791
  ],
  "genealogical_descendants": [
    1,
    2.3391812865497075,
    4.864799025578563,
    9.95131086142322,
    19.929471032745592,
    39.57921419518377,
    77.02918781725889,
    145.35786802030458,
    260.61421319796955,
    428.56598984771574,
    623.8832487309645,
    791.9124365482234,
    897.3350253807107,
    950.6205583756346,
    976.0355329949239,
    988.6979695431472,
    995.3629441624365,
    998.4543147208121,
    999.7119289340102,
    999.9885786802031,
    1000,
    1000,
    1000,
    1000,
    1000,
    1000,
    1000,
    1000,
    1000,
    1000,
    1000,
    1000,
    1000,
    1000,
    1000,
    1000,
    1000,
    1000,
    1000,
    1000,
    1000,
    1000,
    1000,
    1000,
    1000,
    1000,
    1000,
    1000,
    1000,
    1000
  ],
  "genetic_ancestors": [
    1,
    2,
    3.996,
    7.968,
    15.83,
    31.142,
    59.902,
    107.25,
    166.956,
    226.033,
    280.005,
    321.127,
    355.365,
    380.335,
    401.555,
    411.088,
    434.955,
    456.398,
    463.192,
    473.816,
    481.368,
    506.37,
    514.969,
    529.633,
    536.328,
    541.795,
    545.966,
    556.986,
    551.701,
    562.174,
    576.448,
    565.683,
    580.379,
    586.411,
    586.954,
    593.079,
    603.126,
    615.18,
    618.427,
    615.788,
    621.612,
    629.348,
    654.114,
    634.323,
    636.937,
    635.043,
    632.658,
    635.325,
    648.926,
    654.402
  ],
  "genetic_descendants": [
    1,
    2.3391812865497075,
    4.864799025578563,
    9.95131086142322,
    19.929471032745592,
    39.56653992395437,
    76.27030456852792,
    136.34390862944161,
    214.1944091486658,
    292.63532401524776,
    359.2884371029225,
    412.66709021601014,
    454.8854961832061,
    489.2713375796178,
    516.9783439490446,
    541.3541401273885,
    562.8738853503185,
    581.1070063694267,
    598.6713375796178,
    615.2535031847134,
    630.3656050955414,
    644.4114649681528,
    657.8380102040817,
    670.4750957854407,
    683.5044814340589,
    694.3098591549295,
    704.3393085787452,
    713.4891165172855,
    721.9206145966709,
    730.9295774647887,
    738.5761843790012,
    745.7925736235595,
    753.3674775928297,
    759.6927016645327,
    766.3892445582586,
    773.0281690140845,
    778.4891165172855,
    783.6440460947504,
    789.6760563380282,
    795.483994878361,
    799.5723431498079,
    805.1666666666666,
    809.9282051282051,
    814.125641025641,
    817.9576923076924,
    821.4294871794872,
    826.0525641025641,
    829.6461538461539,
    833.2692307692307,
    836.7371794871794
  ],
  "num_gen": 50,
  "pop_size": 1000,
  "recomb_rate": 1e-8,
  "roh_freq": [
    0,
    0,
    0.0023818622329758892,
    0.0015658085046398108,
    0.0016615233732735395,
    0.001615402393863498,
    0.0029879639590674276,
    0.002817493678530303,
    0.004880549427410007,
    0.0049122833566972975,
    0.004130259757824226,
    0.0049793500488449485,
    0.006935640047984642,
    0.005794011111831335,
    0.00805579335481131,
    0.010468992292241299,
    0.006130237270531782,
    0.010799119694170373,
    0.01100740815155645,
    0.01053222280068066,
    0.013952903447193375,
    0.008407996545053656,
    0.009926748514604787,
    0.014256923175291453,
    0.013661010319284277,
    0.01248922661092073,
    0.013858401532700126,
    0.012083281090868238,
    0.013512963086702672,
    0.014269918665107404,
    0.012579439857771319,
    0.013961331370036054,
    0.0168178382115653,
    0.014963119671350214,
    0.018804550835295177,
    0.018188527104717127,
    0.01975702550358511,
    0.015909354734943336,
    0.017924031632216994,
    0.023142433787901137,
    0.02093641000688138,
    0.024253155845459756,
    0.01704494170594738,
    0.02124659731780135,
    0.021128573191064905,
    0.02392899853845712,
    0.020191579502405563,
    0.025165610568675032,
    0.024298817957286632,
    0.024036649093641768
  ],
  "roh_len": [
    0,
    0,
    25938854,
    16734951,
    8264502,
    6799830,
    7218824,
    4225507,
    7058142,
    6413634,
    4045827,
    4054273,
    4584956,
    2804341,
    3716966,
    4567279,
    2228121,
    3902398,
    3653043,
    2953297,
    3345114,
    1964486,
    2076953,
    2758137,
    2357751,
    2004720,
    2025980,
    1675078,
    1813123,
    1769507,
    1449012,
    1376220,
    1610153,
    1301003,
    1607538,
    1524371,
    1489249,
    1198779,
    1229108,
    1579567,
    1350146,
    1425519,
    1007778,
    1137208,
    1106702,
    1193793,
    937649,
    1118204,
    1097913,
    1044235
  ],
  "runtime_genealogical_ancestors": 8.60430515,
  "runtime_genealogical_descendants": 12.227688784,
  "runtime_genetic_ancestors": 152.660856538,
  "runtime_genetic_descendants": 84.619770134,
  "seed": 10004,
  "segment_count": [
    22,
    101.304,
    158.729,
    215.736,
    273.266,
    330.891,
    388.756,
    445.904,
    504.07,
    562.014,
    619.716,
    677.296,
    733.7,
    791.406,
    848.833,
    906.528,
    965.198,
    1021.84,
    1079.453,
    1137.241,
    1195.155,
    1252.407,
    1307.806,
    1365.194,
    1422.396,
    1476.877,
    1533.35,
    1590.623,
    1647.282,
    1705.385,
    1759.555,
    1816.161,
    1871.939,
    1930.878,
    1988.7,
    2045.59,
    2100.951,
    2157.402,
    2216.883,
    2276.834,
    2332.811,
    2388.963,
    2447.832,
    2505.864,
    2563.208,
    2618.91,
    2679.158,
    2741.96,
    2800.777,
    2859.767
  ],
  "segment_len": [
    130681887,
    56759881,
    36225283,
    26652960,
    21041779,
    17377332,
    14790776,
    12895159,
    11407151,
    10231067,
    9278448,
    8489645,
    7836994,
    7265554,
    6774009,
    6342885,
    5957330,
    5627107,
    5326774,
    5056098,
    4811093,
    4591161,
    4396678,
    4211857,
    4042476,
    3893352,
    3749961,
    3614937,
    3490600,
    3371674,
    3267873,
    3166020,
    3071682,
    2977921,
    2891337,
    2810926,
    2736857,
    2665244,
    2593733,
    2525437,
    2464838,
    2406903,
    2349018,
    2294618,
    2243283,
    2195571,
    2146197,
    2097041,
    2053002,
    2010654
  ],
  "seq_len": 2875001522
}
