{
  "IAP": 18,
  "TMRCA": 11,
  "chrom_lengths": [
    248956422,
    242193529,
    198295559,
    190214555,
    181538259,
    170805979,
    159345973,
    145138636,
    138394717,
    133797422,
    135086622,
    133275309,
    114364328,
    107043718,
    101991189,
    90338345,
    83257441,
    80373285,
    58617616,
    64444167,
    46709983,
    50818468
  ],
  "genealogical_ancestors": [
    1,
    2,
    3.997,
    7.976,
    15.865,
    31.305,
    60.88,
    114.948,
    204.909,
    339.88,
    493.949,
    627.327,
    715.283,
    741.714,
    776.318,
    800.45,
    795.143,
    799.996,
    795,
    796,
    783,
    792,
    792,
    791,
    786,
    798,
    791,
    808,
    807,
    816,
    818,
    797,
    790,
    800,
    776,
    789,
    782,
    793,
    797,
    794,
    795,
    790,
    796,
    805,
    796,
    789,
    796,
    796,
    798,
    798
  ],
  "genealogical_descendants": [
    1,
    2.3255813953488373,
    4.980049875311721,
    10.145038167938932,
    20.354300385109113,
    40.1219512195122,
    78.07455012853471,
    147.12339331619538,
    263.18251928020567,
    431.1415701415701,
    624.7503217503217,
    791.1595881595881,
    898.7104247104247,
    954.5830115830116,
    981.8931788931789,
    994.2097812097812,
    998.7902187902188,
    999.8378378378378,
    999.998712998713,
    1000,
    1000,
    1000,
    1000,
    1000,
    1000,
    1000,
    1000,
    1000,
    1000,
    1000,
    1000,
    1000,
    1000,
    1000,
    1000,
    1000,
    1000,
    1000,
    1000,
    1000,
    1000,
    1000,
    1000,
    1000,
    1000,
    1000,
    1000,
    1000,
    1000,
    1000
  ],
  "genetic_ancestors": [
    1,
    2,
    3.997,
    7.976,
    15.865,
    31.296,
    60.315,
    107.884,
    168.183,
    231.179,
    282.907,
    323.333,
    355.374,
    380.217,
    404.019,
    428.781,
    438.571,
    454.619,
    470.752,
    482.546,
    490.351,
    496.401,
    506.672,
    514.713,
    525.859,
    535.456,
    541.195,
    549.126,
    559.309,
    584.643,
    594.469,
    580.072,
    586.334,
    602.298,
    597.904,
    608.239,
    597.398,
    605.188,
    615.421,
    617.694,
    613.331,
    616.873,
    617.338,
    631.712,
    633.725,
    630.779,
    638.182,
    643.561,
    650.751,
    653.412
  ],
  "genetic_descendants": [
    1,
    2.3255813953488373,
    4.980049875311721,
    10.145038167938932,
    20.354300385109113,
    40.110397946084724,
    77.38174807197943,
    138.0784061696658,
    216.12082262210797,
    294.42084942084944,
    360.6885456885457,
    413.9472329472329,
    455.15701415701415,
    488.82754182754184,
    516.7902187902188,
    540.5057915057915,
    562.1801801801802,
    580.7039897039897,
    598.3732303732304,
    615.0617760617761,
    629.943371943372,
    643.8429858429859,
    656.1634491634492,
    667.015444015444,
    677.7915057915058,
    688.3050193050193,
    698.8288288288288,
    708.2792792792793,
    717.032175032175,
    725.4414414414415,
    733.0990990990991,
    740.3011583011584,
    747.4877734877734,
    754.967824967825,
    761.2265122265122,
    767.1016731016731,
    773.1608751608752,
    778.1003861003861,
    783.072072072072,
    787.7696267696268,
    792.5585585585585,
    797.8159588159588,
    802.6254826254826,
    808.1855670103092,
    812.2860824742268,
    816.0953608247422,
    819.6340206185567,
    823.4729381443299,
    826.9123711340206,
    830.4252577319587
  ],
  "num_gen": 50,
  "pop_size": 1000,
  "recomb_rate": 1e-8,
  "roh_freq": [
    0,
    0,
    0.0015297857800577542,
    0.0021599737139200025,
    0.002237229642760516,
    0.0015084386981413223,
    0.0022038335320923004,
    0.0026993301748241645,
    0.002465603938556802,
    0.00456787266041663,
    0.008012852949021846,
    0.00517553775750662,
    0.006453830658528604,
    0.004663707883421427,
    0.006118980039621698,
    0.008202789074906097,
    0.008328551174589603,
    0.009486513294096267,
    0.009063261230162229,
    0.009701257108064933,
    0.009598758824587503,
    0.012530415466680926,
    0.010185138931206452,
    0.012377251307069048,
    0.011348285802750959,
    0.00924628970022507,
    0.013974352276186378,
    0.013720353546303271,
    0.01220456451014011,
    0.017192063150149525,
    0.01932181613676377,
    0.020042588190671576,
    0.02094494758218775,
    0.016906647294289676,
    0.020090383025891143,
    0.01822782638965156,
    0.019132333742465406,
    0.023263881775433717,
    0.017322427921483374,
    0.01922152045490291,
    0.0249622047187911,
    0.0200504352369522,
    0.021197280193996363,
    0.019624197268859743,
    0.022911985909550417,
    0.022684758191234097,
    0.02521193648536789,
    0.02038880030269424,
    0.021973796048306925,
    0.022230175998494653
  ],
  "roh_len": [
    0,
    0,
    21881275,
    19466858,
    15387652,
    6600857,
    7047858,
    5105643,
    3914199,
    6049120,
    7251169,
    4156334,
    4899596,
    2751522,
    2919846,
    3148602,
    2854285,
    2981714,
    2772894,
    2556473,
    2300470,
    2777989,
    2144437,
    2408597,
    1967575,
    1505442,
    2041685,
    1814862,
    1584973,
    1988462,
    2110411,
    2089966,
    2017920,
    1586585,
    1778430,
    1469368,
    1430162,
    1648843,
    1149365,
    1252422,
    1460060,
    1205030,
    1162930,
    1047776,
    1178495,
    1108049,
    1157952,
    870010,
    952760,
    943263
  ],
  "runtime_genealogical_ancestors": 9.765651636,
  "runtime_genealogical_descendants": 9.21370263,
  "runtime_genetic_ancestors": 151.70352455,
  "runtime_genetic_descendants": 85.396093201,
  "seed": 10007,
  "segment_count": [
    22,
    101.304,
    158.825,
    216.38,
    274.375,
    332.132,
    389.818,
    446.153,
    503.48,
    559.768,
    618.732,
    676.135,
    732.775,
    789.601,
    846.581,
    904.44,
    962.567,
    1018.618,
    1075.378,
    1133.369,
    1193.104,
    1252.046,
    1308.645,
    1364.006,
    1421.932,
    1478.929,
    1536.209,
    1592.758,
    1650.505,
    1707.963,
    1763.942,
    1819.568,
    1877.247,
    1934.819,
    1989.775,
    2046.531,
    2104.429,
    2163.309,
    2218.689,
    2275.86,
    2334.971,
    2394.421,
    2454.893,
    2513.904,
    2571.228,
    2629.78,
    2686.797,
    2744.077,
    2801.884,
    2861.637
  ],
  "segment_len": [
    130681887,
    56759881,
    36203387,
    26573634,
    20956730,
    17312403,
    14750481,
    12887962,
    11420519,
    10272118,
    9293204,
    8504223,
    7846887,
    7282162,
    6792029,
    6357528,
    5973613,
    5644906,
    5346959,
    5073372,
    4819364,
    4592485,
    4393860,
    4215526,
    4043796,
    3887950,
    3742982,
    3610092,
    3483784,
    3366585,
    3259746,
    3160092,
    3062997,
    2971855,
    2889775,
    2809633,
    2732334,
    2657966,
    2591621,
    2526518,
    2462558,
    2401416,
    2342262,
    2287280,
    2236286,
    2186495,
    2140095,
    2095423,
    2052191,
    2009340
  ],
  "seq_len": 2875001522
}
