{
  "IAP": 20,
  "TMRCA": 10,
  "chrom_lengths": [
    248956422,
    242193529,
    198295559,
    190214555,
    181538259,
    170805979,
    159345973,
    145138636,
    138394717,
    133797422,
    135086622,
    133275309,
    114364328,
    107043718,
    101991189,
    90338345,
    83257441,
    80373285,
    58617616,
    64444167,
    46709983,
    50818468
  ],
  "genealogical_ancestors": [
    1,
    2,
    3.996,
    7.966,
    15.828,
    31.158,
    60.764,
    114.584,
    204.756,
    332.843,
    485.107,
    611.641,
    705.142,
    762.92,
    778.555,
    798.322,
    805.46,
    803.808,
    806.959,
    800.985,
    787,
    789,
    788,
    797,
    789,
    781,
    772,
    783,
    804,
    809,
    806,
    809,
    795,
    804,
    808,
    795,
    788,
    791,
    808,
    794,
    770,
    780,
    783,
    809,
    803,
    797,
    804,
    799,
    801,
    797
  ],
  "genealogical_descendants": [
    1,
    2.304147465437788,
    4.864799025578563,
    9.792127921279214,
    19.552533992583438,
    38.51297898640296,
    74.88861386138613,
    141.66460396039605,
    254.57178217821783,
    420.22153465346537,
    615.1720297029703,
    785.0185643564356,
    894.8378712871287,
    950.6633663366337,
    976.1324257425742,
    988.6559405940594,
    994.6621287128713,
    997.4133663366337,
    998.8391089108911,
    999.6485148514852,
    999.9480198019802,
    1000,
    1000,
    1000,
    1000,
    1000,
    1000,
    1000,
    1000,
    1000,
    1000,
    1000,
    1000,
    1000,
    1000,
    1000,
    1000,
    1000,
    1000,
    1000,
    1000,
    1000,
    1000,
    1000,
    1000,
    1000,
    1000,
    1000,
    1000,
    1000
  ],
  "genetic_ancestors": [
    1,
    2,
    3.996,
    7.966,
    15.828,
    31.149,
    60.19,
    107.544,
    167.684,
    226.593,
    278.241,
    319.836,
    353.845,
    380.669,
    401.434,
    424.742,
    445.219,
    456.827,
    466.174,
    476.359,
    485.783,
    501.919,
    507.148,
    523.191,
    534.927,
    538.016,
    535.974,
    546.336,
    572.606,
    581.1,
    587.525,
    593.587,
    593.477,
    597.156,
    604.599,
    602.443,
    608.334,
    612.14,
    628.142,
    623.824,
    616.585,
    627.353,
    629.047,
    643.956,
    628.001,
    632.589,
    653.077,
    647.9,
    649.817,
    650.092
  ],
  "genetic_descendants": [
    1,
    2.304147465437788,
    4.864799025578563,
    9.792127921279214,
    19.552533992583438,
    38.50803461063041,
    74.22772277227723,
    132.93069306930693,
    208.26237623762376,
    284.35643564356434,
    350.69516728624535,
    403.2379182156134,
    444.8833746898263,
    479.8111801242236,
    508.32546583850933,
    531.7776397515528,
    552.1254658385093,
    570.8944099378882,
    589.2906832298137,
    605.3217391304348,
    620.4335403726708,
    634.9018633540372,
    648.1639751552796,
    660.4166666666666,
    672.7587064676617,
    684.1828358208955,
    694.1840796019901,
    703.8706467661691,
    712.7189054726368,
    722.104607721046,
    730.3163138231631,
    740.1134663341646,
    748.7977528089888,
    755.6791510611736,
    762.561797752809,
    768.6329588014981,
    774.4019975031212,
    780.0649188514357,
    785.943820224719,
    791.4694132334582,
    797.043695380774,
    801.9925093632959,
    806.6367041198502,
    812.00625,
    815.6,
    819.5075,
    823.60625,
    827.3175,
    830.84375,
    834.36125
  ],
  "num_gen": 50,
  "pop_size": 1000,
  "recomb_rate": 1e-8,
  "roh_freq": [
    0,
    0,
    0.001724508024799578,
    0.001951588333802628,
    0.001036129737742796,
    0.0011614023802941139,
    0.0035149720244217666,
    0.0024511432070817526,
    0.004471291582154508,
    0.004847997530555741,
    0.0059461004921861045,
    0.006091753282557045,
    0.006178919671542352,
    0.004923160698765015,
    0.006892882854272103,
    0.007247364086438907,
    0.009287483365026198,
    0.007864238475697057,
    0.008987139190460574,
    0.007109859707754269,
    0.008776218180033367,
    0.013537322058850722,
    0.009142087013823848,
    0.012986046746517165,
    0.011904988889254578,
    0.013263970312082499,
    0.01224616772533312,
    0.013635604402299164,
    0.013513507698588272,
    0.012918651860804129,
    0.013885424179611965,
    0.018496784195789377,
    0.018424682397785525,
    0.017168951507080282,
    0.018610686070795062,
    0.016039236914880493,
    0.0193993135461721,
    0.01623569325574778,
    0.01992727471363057,
    0.016416397674171388,
    0.02171140572425756,
    0.01976492401696892,
    0.02157822996797704,
    0.022961955099792812,
    0.022502723918557982,
    0.023131663546646287,
    0.022977184647904336,
    0.0232731357284478,
    0.02378721941873115,
    0.02714904672840031
  ],
  "roh_len": [
    0,
    0,
    21650494,
    13170937,
    6419988,
    4463948,
    9211987,
    4242649,
    6351269,
    5429684,
    5408113,
    4885299,
    3866870,
    2661044,
    3412613,
    3053367,
    3236548,
    2545850,
    2585872,
    1805888,
    2185503,
    2804223,
    1833264,
    2243818,
    1913932,
    2092511,
    1731727,
    1873560,
    1677012,
    1375241,
    1499703,
    1802348,
    1671641,
    1470207,
    1477161,
    1243670,
    1400981,
    1105293,
    1334457,
    1045110,
    1298259,
    1100753,
    1136924,
    1200219,
    1145334,
    1123465,
    1060139,
    1034050,
    985549,
    1062791
  ],
  "runtime_genealogical_ancestors": 7.155262096,
  "runtime_genealogical_descendants": 12.30335706,
  "runtime_genetic_ancestors": 151.510898273,
  "runtime_genetic_descendants": 85.172000633,
  "seed": 10008,
  "segment_count": [
    22,
    101.304,
    158.519,
    215.251,
    272.791,
    329.777,
    387.21,
    444.997,
    501.856,
    559.273,
    616.827,
    674.552,
    731.267,
    789.336,
    847.148,
    904.654,
    960.515,
    1019.299,
    1078.18,
    1135.277,
    1191.855,
    1250.297,
    1308.18,
    1363.6,
    1422.613,
    1478.723,
    1536.048,
    1593.582,
    1650.878,
    1709.667,
    1767.679,
    1827.278,
    1887.125,
    1943.602,
    2005.252,
    2061.983,
    2118.18,
    2175.004,
    2232.208,
    2290.013,
    2348.857,
    2409.018,
    2470.217,
    2527.614,
    2586.506,
    2644.776,
    2702.836,
    2759.567,
    2815.772,
    2872.725
  ],
  "segment_len": [
    130681887,
    56759881,
    36273273,
    26713014,
    21078419,
    17436034,
    14849830,
    12921442,
    11457475,
    10281209,
    9321905,
    8524180,
    7863069,
    7284607,
    6787483,
    6356024,
    5986375,
    5641134,
    5333064,
    5064845,
    4824414,
    4598909,
    4395421,
    4216781,
    4041860,
    3888492,
    3743374,
    3608225,
    3482996,
    3363229,
    3252854,
    3146758,
    3046964,
    2958426,
    2867471,
    2788579,
    2714596,
    2643674,
    2575926,
    2510904,
    2448000,
    2386865,
    2327731,
    2274873,
    2223077,
    2174098,
    2127396,
    2083661,
    2042069,
    2001584
  ],
  "seq_len": 2875001522
}
