{
  "ROH_fractions": [
    1,
    0,
    0.000020365356877887592,
    0.00002396845245217926,
    0.000027131199209152973,
    0.000021028396568619278,
    0.000028522062218929152,
    0.000040641674867259426,
    0.00004160618965752325,
    0.00003928090559111711,
    0.0000616304344586013,
    0.00004818428512122367,
    0.00006137475899743193,
    0.000054687322534224385,
    0.00007569103341156422,
    0.00009341096235426618,
    0.00007672617238704891,
    0.0000700407023123656,
    0.00010194691435366829,
    0.00008921483587305036,
    0.00012794522902516919,
    0.00011950239388777616,
    0.0001082764093750626,
    0.000157087440439275,
    0.00011174519929871537
  ],
  "block_lengths": [
    2875001522,
    2875001522,
    72361214,
    39136004,
    27456287,
    21339652,
    17515368,
    14880697,
    12940996,
    11455414,
    10277077,
    9320683,
    8523512,
    7854597,
    7282444,
    6788065,
    6357001,
    5977719,
    5640917,
    5340093,
    5068895,
    4824039,
    4602213,
    4400005,
    4214314
  ],
  "forward_roh_frac": [
    0,
    0,
    0.00001630451223461996,
    0.000023160295262619345,
    0.00002021832723050642,
    0.00003875757974294387,
    0.000026505814107182934,
    0.00004883678761057714,
    0.00003332553136992739,
    0.000039637812762173556,
    0.00005330512848681546,
    0.000052975672167313725,
    0.0000494325245891122,
    0.00007241954059389885,
    0.00006247091299452885,
    0.00005339134406204325,
    0.00007148169191821388,
    0.00009476271844909306,
    0.00010909701337542456,
    0.00008224892284770067,
    0.00012112794662026618,
    0.00010032799706114382,
    0.00009968904186200984,
    0.00009447590748440653,
    0.00011098960469698146
  ],
  "forward_roh_len": [
    0,
    0,
    41118857,
    22881747,
    15216681,
    15411908,
    6991216,
    9649885,
    5845695,
    4672356,
    5871736,
    4396799,
    3877723,
    4424273,
    3522337,
    2426113,
    2719465,
    3447335,
    3002336,
    2354298,
    3055835,
    2206403,
    2053788,
    1765016,
    1918562
  ],
  "genealogical_IAP": -1,
  "genealogical_TMRCA": 18,
  "genealogical_ancestors": [
    1,
    2,
    3.99994,
    7.99963,
    15.9983,
    31.99234,
    63.96563,
    127.84998,
    255.38309,
    509.47614,
    1013.81674,
    2007.25086,
    3934.71617,
    7567.09323,
    14041.74707,
    24471.52008,
    38696.08417,
    53839.92367,
    65995.46021,
    73294.89862,
    76821.3114,
    78326.59728,
    79130.93286,
    79401.31212,
    79475.66546
  ],
  "genetic_TMRCA": -1,
  "genetic_ancestors": [
    1,
    2,
    3.99994,
    7.99963,
    15.99829,
    31.97967,
    63.31093,
    118.8991,
    199.92036,
    295.72034,
    392.74398,
    482.85302,
    564.20099,
    637.3135,
    704.70607,
    768.06511,
    828.80764,
    887.72827,
    945.76833,
    1003.10008,
    1060.11171,
    1116.91942,
    1173.31428,
    1229.66524,
    1285.90983
  ],
  "num_gen": 25,
  "pop_size": 100000,
  "recomb_rate": 1e-8,
  "seed": 0,
  "seq_len": 2875001522
}
