{
  "IAP": 16,
  "TMRCA": 7,
  "chrom_lengths": [
    248956422,
    242193529,
    198295559,
    190214555,
    181538259,
    170805979,
    159345973,
    145138636,
    138394717,
    133797422,
    135086622,
    133275309,
    114364328,
    107043718,
    101991189,
    90338345,
    83257441,
    80373285,
    58617616,
    64444167,
    46709983,
    50818468
  ],
  "genealogical_ancestors": [
    1,
    2,
    4,
    7.73,
    14.59,
    25.21,
    40.05,
    58.68,
    69.46,
    77.06,
    79.51,
    83.56,
    81.8,
    82.98,
    83.99,
    84.99,
    81,
    83,
    87,
    87,
    83,
    76,
    77,
    74,
    81,
    79,
    81,
    85,
    83,
    83,
    78,
    75,
    78,
    85,
    81,
    84,
    86,
    80,
    78,
    81,
    82,
    82,
    78,
    85,
    83,
    85,
    83,
    86,
    80,
    81
  ],
  "genealogical_descendants": [
    1,
    2.2222222222222223,
    4.975,
    9.5875,
    17.7375,
    31.1875,
    49.9375,
    68.5875,
    82.9625,
    90.775,
    94.5875,
    96.4375,
    97.975,
    98.925,
    99.75,
    99.9625,
    100,
    100,
    100,
    100,
    100,
    100,
    100,
    100,
    100,
    100,
    100,
    100,
    100,
    100,
    100,
    100,
    100,
    100,
    100,
    100,
    100,
    100,
    100,
    100,
    100,
    100,
    100,
    100,
    100,
    100,
    100,
    100,
    100,
    100
  ],
  "genetic_ancestors": [
    1,
    2,
    4,
    7.73,
    14.59,
    25.2,
    39.79,
    56.97,
    65.14,
    70.62,
    71.35,
    75.76,
    75.77,
    76.45,
    78.27,
    81.13,
    76.9,
    78.76,
    83.06,
    83.94,
    80.36,
    74.97,
    75.38,
    73.25,
    79.03,
    77.04,
    79.71,
    83.39,
    80.88,
    79.09,
    74.79,
    71.97,
    77.45,
    83.05,
    77.79,
    80.83,
    85.31,
    78.51,
    77.64,
    80.61,
    81.76,
    81.42,
    76.23,
    81.22,
    80.49,
    83.18,
    81.41,
    84.62,
    78.22,
    78.88
  ],
  "genetic_descendants": [
    1,
    2.2222222222222223,
    4.975,
    9.5875,
    17.7375,
    31.1875,
    49.725,
    66.7625,
    78.725,
    84.475,
    87.8125,
    89.9,
    91.3125,
    92.175,
    92.9375,
    92.9625,
    93.4375,
    94.15,
    94.4625,
    94.85,
    94.95,
    95.2625,
    95.575,
    95.9,
    96.1125,
    96.325,
    96.2875,
    96.725,
    96.9125,
    97,
    97.2875,
    97.6375,
    97.5375,
    97.55,
    97.825,
    97.8375,
    97.875,
    97.675,
    97.4125,
    97.525,
    97.675,
    97.7375,
    97.8625,
    98.0625,
    98.2,
    98.3125,
    98.4,
    98.2375,
    98.2375,
    98.3625
  ],
  "num_gen": 50,
  "pop_size": 100,
  "recomb_rate": 1e-8,
  "roh_freq": [
    0,
    0,
    0.003044394840497758,
    0.016901971754851825,
    0.010799531688039224,
    0.011475728766588112,
    0.02780809337602848,
    0.04483281379285475,
    0.027025462743389808,
    0.03669612122034904,
    0.04640068380109887,
    0.0695373596049178,
    0.06954792996106109,
    0.07390889171501454,
    0.06998156953671344,
    0.08871026544103514,
    0.06737604661692419,
    0.07170063811534914,
    0.08379593744437677,
    0.08830296835230685,
    0.10436760434174128,
    0.0948609049466792,
    0.14131151351091356,
    0.1025026707098905,
    0.14110315488730374,
    0.12531751214147704,
    0.15610249128765505,
    0.13653481496139536,
    0.12175583295917294,
    0.14140874121596378,
    0.12642029960288834,
    0.1432010278254037,
    0.2130722988187691,
    0.16349583685542132,
    0.17107932509470164,
    0.16837964930997348,
    0.2009688727670872,
    0.19408051269546422,
    0.16203762328651733,
    0.17208548710117866,
    0.20754411039925702,
    0.19548349116665267,
    0.2316255305585887,
    0.17151788299470683,
    0.2146158215216416,
    0.21720810471626595,
    0.19578561097888697,
    0.1935464644286195,
    0.199368367645685,
    0.25709533917596306
  ],
  "roh_len": [
    0,
    0,
    8257207,
    10039916,
    5792662,
    4318421,
    7746929,
    8846561,
    3595476,
    4421685,
    4585838,
    4933860,
    5298102,
    4172980,
    3360005,
    3703777,
    2838602,
    2553442,
    2612377,
    2600872,
    2877692,
    2256725,
    2936543,
    2137642,
    2590993,
    2272680,
    2485709,
    2044467,
    1767027,
    1985690,
    1595936,
    1682481,
    2242251,
    1695587,
    1676963,
    1566893,
    1723242,
    1553487,
    1311870,
    1286357,
    1472435,
    1309387,
    1430617,
    1036999,
    1303987,
    1257675,
    1064213,
    998844,
    1004652,
    1238583
  ],
  "runtime_genealogical_ancestors": 0.073316267,
  "runtime_genealogical_descendants": 0.091994751,
  "runtime_genetic_ancestors": 17.142303225,
  "runtime_genetic_descendants": 9.86133326,
  "seed": 1000,
  "segment_count": [
    22,
    101.51,
    157.82,
    215.67,
    274.11,
    332.21,
    387.72,
    445.33,
    500.18,
    558.55,
    614.94,
    670.56,
    726.08,
    782.32,
    840.51,
    890.97,
    943.52,
    999.62,
    1059.8,
    1122.18,
    1180.34,
    1230.07,
    1295.5,
    1347.77,
    1398.01,
    1452.86,
    1502.67,
    1559.06,
    1619.04,
    1672.07,
    1727.6,
    1791.13,
    1842.47,
    1896.22,
    1952.24,
    2009.74,
    2062.31,
    2120.42,
    2179.86,
    2236.81,
    2294.82,
    2353.26,
    2405.49,
    2469.15,
    2526.74,
    2578.44,
    2633.14,
    2687.28,
    2741.02,
    2800.45
  ],
  "segment_len": [
    130681887,
    56644695,
    36433931,
    26661116,
    20976991,
    17308338,
    14830297,
    12911780,
    11495867,
    10294518,
    9350510,
    8574926,
    7919241,
    7349937,
    6841088,
    6453643,
    6094203,
    5752188,
    5425554,
    5123957,
    4871480,
    4674533,
    4438443,
    4266308,
    4112991,
    3957713,
    3826524,
    3688121,
    3551489,
    3438853,
    3328318,
    3210265,
    3120812,
    3032350,
    2945336,
    2861068,
    2788137,
    2711728,
    2637785,
    2570626,
    2505644,
    2443420,
    2390366,
    2328737,
    2275660,
    2230031,
    2183705,
    2139711,
    2097760,
    2053242
  ],
  "seq_len": 2875001522
}
