{
  "IAP": 22,
  "TMRCA": 10,
  "chrom_lengths": [
    248956422,
    242193529,
    198295559,
    190214555,
    181538259,
    170805979,
    159345973,
    145138636,
    138394717,
    133797422,
    135086622,
    133275309,
    114364328,
    107043718,
    101991189,
    90338345,
    83257441,
    80373285,
    58617616,
    64444167,
    46709983,
    50818468
  ],
  "genealogical_ancestors": [
    1,
    2,
    3.99,
    7.965,
    15.859,
    31.283,
    60.695,
    114.977,
    206.19,
    339.839,
    491.683,
    626.598,
    716.044,
    758.256,
    782.581,
    792.423,
    807.948,
    800.967,
    793.568,
    806.584,
    808.963,
    785.971,
    791,
    791,
    789,
    783,
    803,
    813,
    793,
    804,
    785,
    811,
    801,
    803,
    801,
    809,
    805,
    819,
    793,
    800,
    820,
    792,
    794,
    798,
    800,
    809,
    802,
    807,
    805,
    783
  ],
  "genealogical_descendants": [
    1,
    2.3337222870478413,
    4.904294478527607,
    9.956304619225968,
    20.076045627376427,
    39.67811704834605,
    77.1031847133758,
    145.65178571428572,
    259.54974489795916,
    423.984693877551,
    614.6836734693877,
    781.155612244898,
    890.3316326530612,
    946.9081632653061,
    974.7857142857143,
    988.3456632653061,
    994.8137755102041,
    997.7742346938776,
    999.3418367346939,
    999.9158163265306,
    999.9961734693877,
    1000,
    1000,
    1000,
    1000,
    1000,
    1000,
    1000,
    1000,
    1000,
    1000,
    1000,
    1000,
    1000,
    1000,
    1000,
    1000,
    1000,
    1000,
    1000,
    1000,
    1000,
    1000,
    1000,
    1000,
    1000,
    1000,
    1000,
    1000,
    1000
  ],
  "genetic_ancestors": [
    1,
    2,
    3.99,
    7.965,
    15.859,
    31.27,
    60.115,
    107.905,
    169.188,
    230.513,
    280.98,
    323.006,
    354.87,
    379.293,
    401.028,
    421.256,
    439.956,
    452.399,
    463.963,
    469.944,
    489.418,
    494.714,
    503.229,
    514.142,
    527.676,
    535.428,
    547.314,
    562.284,
    560.023,
    570.704,
    560.57,
    581.031,
    581.613,
    587.127,
    591.189,
    602.194,
    609.23,
    632.943,
    620.815,
    624.482,
    640.703,
    631.55,
    636.996,
    631.493,
    644.788,
    656.363,
    652.932,
    650.464,
    653.635,
    639.192
  ],
  "genetic_descendants": [
    1,
    2.3337222870478413,
    4.904294478527607,
    9.956304619225968,
    20.076045627376427,
    39.66412213740458,
    76.36305732484077,
    136.53316326530611,
    212.85841836734693,
    289.2908163265306,
    355.0637755102041,
    407.24107142857144,
    450.07918263090676,
    482.99744572158363,
    511.6227621483376,
    535.2468030690537,
    555.4641943734015,
    574.4539641943734,
    592.4763124199744,
    608.2381562099872,
    622.1293213828425,
    636.7797695262484,
    649.2778489116517,
    661.1177976952625,
    672.0012804097311,
    682.7259923175416,
    693.1910256410256,
    702.7012820512821,
    712.1489088575096,
    721.1694480102695,
    729.2172236503856,
    736.6786632390746,
    743.9575835475579,
    750.5886889460154,
    757.1773778920309,
    764.039897039897,
    770.2509652509652,
    776.6782496782497,
    782.2252252252252,
    787.1879021879022,
    793.1636597938144,
    797.8079896907217,
    801.9639175257732,
    806.4664948453608,
    812.6129032258065,
    816.1858064516128,
    819.9006451612903,
    823.5470967741935,
    826.5729032258065,
    830.945806451613
  ],
  "num_gen": 50,
  "pop_size": 1000,
  "recomb_rate": 1e-8,
  "roh_freq": [
    0,
    0,
    0.0003024154399038958,
    0.0010618890514103873,
    0.0012701429109017355,
    0.002535872243270416,
    0.0020462709372436987,
    0.003099481994291619,
    0.004268627417443155,
    0.0061385985120184575,
    0.0039600970120808165,
    0.006684345390756978,
    0.005226123176640183,
    0.010486181722793536,
    0.00931036542352133,
    0.0076302520767848134,
    0.007038437016521343,
    0.009279828289426554,
    0.009305371247382595,
    0.013283597343779076,
    0.010118612688163997,
    0.009978593906288722,
    0.0105034466840884,
    0.008733168626127774,
    0.009380755866952894,
    0.01267123813091324,
    0.012413428733134424,
    0.01585878636727901,
    0.016159903405087658,
    0.01365268191569326,
    0.012745511590723952,
    0.019483062053836365,
    0.018823638143799216,
    0.01862105854391266,
    0.017997556098337256,
    0.01851042300282998,
    0.016257663660116838,
    0.019010192302082545,
    0.017803685258709925,
    0.025132741076162812,
    0.022031143310469525,
    0.021259067551199717,
    0.02047276505546142,
    0.021794058722936563,
    0.02320105277356441,
    0.022772521377816508,
    0.025266599080777805,
    0.020960423710342648,
    0.025130717418103684,
    0.021963017040100195
  ],
  "roh_len": [
    0,
    0,
    9769043,
    11224017,
    5532822,
    7364279,
    5280998,
    5786373,
    5240098,
    5948257,
    3815444,
    5230675,
    3779902,
    5530689,
    4581091,
    3191762,
    2542789,
    3034177,
    2846362,
    3471535,
    2411991,
    2113175,
    2109347,
    1595467,
    1494662,
    1834701,
    1695260,
    2186554,
    2073540,
    1604786,
    1370511,
    1904973,
    1710267,
    1604494,
    1508322,
    1537100,
    1260335,
    1327979,
    1232556,
    1595210,
    1336165,
    1237745,
    1132213,
    1141934,
    1205048,
    1146984,
    1145783,
    917958,
    1056036,
    883994
  ],
  "runtime_genealogical_ancestors": 8.490148957,
  "runtime_genealogical_descendants": 10.335385591,
  "runtime_genetic_ancestors": 153.163625091,
  "runtime_genetic_descendants": 84.367285699,
  "seed": 10009,
  "segment_count": [
    22,
    101.304,
    158.749,
    215.822,
    273.58,
    330.525,
    388.394,
    445.643,
    502.86,
    561.184,
    618.265,
    676.452,
    734.971,
    791.665,
    850.138,
    907.717,
    965.278,
    1021.82,
    1078.359,
    1136.229,
    1192.761,
    1252.055,
    1309.203,
    1366.483,
    1424.727,
    1481.102,
    1539.165,
    1597.045,
    1653.984,
    1711.065,
    1771.613,
    1827.901,
    1885.668,
    1943.198,
    2001.829,
    2057.696,
    2115.903,
    2174.241,
    2231.765,
    2290.625,
    2348.465,
    2407.418,
    2465.235,
    2524.006,
    2584.572,
    2642.708,
    2696.639,
    2753.903,
    2810.982,
    2867.751
  ],
  "segment_len": [
    130681887,
    56759881,
    36220719,
    26642339,
    21017629,
    17396575,
    14804561,
    12902711,
    11434600,
    10246199,
    9300224,
    8500238,
    7823442,
    7263177,
    6763611,
    6334576,
    5956836,
    5627217,
    5332178,
    5060602,
    4820750,
    4592452,
    4391987,
    4207884,
    4035863,
    3882246,
    3735793,
    3600401,
    3476456,
    3360481,
    3245631,
    3145686,
    3049318,
    2959041,
    2872374,
    2794388,
    2717517,
    2644602,
    2576437,
    2510233,
    2448409,
    2388452,
    2332436,
    2278125,
    2224740,
    2175799,
    2132285,
    2087946,
    2045549,
    2005056
  ],
  "seq_len": 2875001522
}
