{
  "IAP": 14,
  "TMRCA": 7,
  "chrom_lengths": [
    248956422,
    242193529,
    198295559,
    190214555,
    181538259,
    170805979,
    159345973,
    145138636,
    138394717,
    133797422,
    135086622,
    133275309,
    114364328,
    107043718,
    101991189,
    90338345,
    83257441,
    80373285,
    58617616,
    64444167,
    46709983,
    50818468
  ],
  "genealogical_ancestors": [
    1,
    2,
    3.98,
    7.65,
    14.14,
    25.01,
    38.18,
    53.73,
    63.81,
    76.91,
    79.57,
    84.32,
    80.98,
    79.99,
    81,
    80,
    77,
    79,
    79,
    79,
    78,
    81,
    81,
    85,
    83,
    85,
    80,
    79,
    83,
    84,
    82,
    78,
    77,
    77,
    78,
    83,
    79,
    73,
    76,
    82,
    79,
    77,
    81,
    85,
    83,
    80,
    81,
    80,
    81,
    82
  ],
  "genealogical_descendants": [
    1,
    2.3255813953488373,
    4.95,
    9.948051948051948,
    19.026315789473685,
    33.25,
    51.38157894736842,
    69.94736842105263,
    84.88157894736842,
    93.65789473684211,
    97.73684210526316,
    99.26315789473684,
    99.85526315789474,
    100,
    100,
    100,
    100,
    100,
    100,
    100,
    100,
    100,
    100,
    100,
    100,
    100,
    100,
    100,
    100,
    100,
    100,
    100,
    100,
    100,
    100,
    100,
    100,
    100,
    100,
    100,
    100,
    100,
    100,
    100,
    100,
    100,
    100,
    100,
    100,
    100
  ],
  "genetic_ancestors": [
    1,
    2,
    3.98,
    7.65,
    14.14,
    25,
    37.91,
    52.22,
    60.05,
    70.25,
    72.45,
    76.82,
    73.95,
    74.46,
    75.19,
    73.35,
    73.18,
    75.34,
    76.21,
    76.59,
    74.93,
    77.18,
    78.09,
    82.24,
    79.03,
    82.53,
    77.74,
    75.62,
    78.25,
    81.98,
    80.97,
    76.73,
    73.91,
    74.67,
    75.25,
    82.01,
    78.14,
    72,
    74.62,
    80.02,
    78.33,
    75.46,
    79.48,
    84.04,
    82.75,
    78.91,
    79.45,
    79.33,
    79.62,
    80.15
  ],
  "genetic_descendants": [
    1,
    2.3255813953488373,
    4.95,
    9.948051948051948,
    19.026315789473685,
    33.25,
    51.078947368421055,
    68.1842105263158,
    80.67105263157895,
    87.82894736842105,
    91.39473684210526,
    92.9342105263158,
    94.60526315789474,
    95.28947368421052,
    95.52631578947368,
    96.11842105263158,
    96.30263157894737,
    96.98684210526316,
    97.17105263157895,
    97.44736842105263,
    97.64473684210526,
    97.80263157894737,
    98.17105263157895,
    98.21052631578948,
    98.28947368421052,
    98.44736842105263,
    98.5657894736842,
    98.64473684210526,
    98.76315789473684,
    98.82894736842105,
    98.98684210526316,
    99.10526315789474,
    99.1842105263158,
    99.14473684210526,
    99.09210526315789,
    99.14473684210526,
    99.22368421052632,
    99.27631578947368,
    99.22368421052632,
    99.32894736842105,
    99.47368421052632,
    99.47368421052632,
    99.38157894736842,
    99.36842105263158,
    99.5657894736842,
    99.55263157894737,
    99.5657894736842,
    99.53947368421052,
    99.57894736842105,
    99.61842105263158
  ],
  "num_gen": 50,
  "pop_size": 100,
  "recomb_rate": 1e-8,
  "roh_freq": [
    0,
    0,
    0.013408147517495472,
    0.020676421833212513,
    0.017623220743463664,
    0.027270402133721026,
    0.030064469854565873,
    0.05583968540591263,
    0.03206864717965878,
    0.054806480815490846,
    0.05244086477739263,
    0.0544959793555198,
    0.049645094866144567,
    0.06755677797515962,
    0.07649012484592348,
    0.07796294459839942,
    0.07970304322155417,
    0.05909701932324751,
    0.06984700898533994,
    0.08848487727165802,
    0.09564299570829932,
    0.11714962610374577,
    0.07231874224726062,
    0.07522662715306903,
    0.13093416679241673,
    0.12891979661706768,
    0.1405911086992461,
    0.14192512990954861,
    0.10987477179846862,
    0.13227009232518938,
    0.15362380130246067,
    0.13156518136966747,
    0.13415640950398078,
    0.1644137510651377,
    0.16659201107720317,
    0.1429608812603613,
    0.1344324144396053,
    0.1796635670476699,
    0.13221356528728823,
    0.14840847216080186,
    0.18441309234200817,
    0.1838496971098299,
    0.15506875797055666,
    0.22025247961242644,
    0.20345739544968494,
    0.19838802417510512,
    0.2183171411761082,
    0.2099935246608193,
    0.2303826147644036,
    0.23314282256578228
  ],
  "roh_len": [
    0,
    0,
    31340198,
    13571859,
    12208864,
    9936938,
    7808075,
    8640429,
    5560760,
    6889755,
    5394188,
    4825254,
    3259413,
    3694613,
    4153148,
    3340440,
    3468761,
    2177977,
    2104929,
    2546997,
    2506826,
    2785817,
    1583160,
    1483786,
    2321385,
    2112416,
    2149426,
    1899427,
    1485772,
    1669711,
    1835544,
    1490523,
    1417388,
    1562455,
    1576434,
    1234977,
    1103541,
    1416439,
    1001856,
    1075776,
    1258695,
    1119729,
    968759,
    1323301,
    1107149,
    1056057,
    1129457,
    1002660,
    1037191,
    1036295
  ],
  "runtime_genealogical_ancestors": 0.085673427,
  "runtime_genealogical_descendants": 0.092537023,
  "runtime_genetic_ancestors": 17.249654745,
  "runtime_genetic_descendants": 10.117497964,
  "seed": 1003,
  "segment_count": [
    22,
    101.51,
    157.2,
    213.43,
    269.97,
    325.43,
    385.15,
    438.77,
    494.45,
    552.75,
    611.07,
    672.02,
    728.07,
    785.91,
    840.32,
    898.96,
    953.35,
    1012.38,
    1073.38,
    1129.72,
    1190.12,
    1247.69,
    1300.91,
    1353.73,
    1412.74,
    1470.34,
    1522.09,
    1578.37,
    1632.75,
    1688.34,
    1745.65,
    1807.06,
    1860.16,
    1917.95,
    1969.4,
    2029.52,
    2086.47,
    2152.44,
    2208.81,
    2264.97,
    2316.7,
    2369.44,
    2429.42,
    2487.24,
    2551.43,
    2610.53,
    2669.36,
    2730.76,
    2782.86,
    2835.29
  ],
  "segment_len": [
    130681887,
    56644695,
    36577627,
    26940931,
    21298674,
    17668939,
    14929256,
    13104822,
    11629088,
    10402538,
    9409728,
    8556297,
    7897596,
    7316363,
    6842635,
    6396283,
    6031366,
    5679688,
    5356912,
    5089759,
    4831448,
    4608518,
    4419985,
    4247525,
    4070107,
    3910662,
    3777702,
    3643000,
    3521667,
    3405713,
    3293903,
    3181965,
    3091133,
    2997994,
    2919672,
    2833183,
    2755852,
    2671388,
    2603213,
    2538666,
    2481979,
    2426735,
    2366821,
    2311800,
    2253639,
    2202619,
    2154075,
    2105642,
    2066220,
    2028012
  ],
  "seq_len": 2875001522
}
