{
  "IAP": 15,
  "TMRCA": 7,
  "chrom_lengths": [
    248956422,
    242193529,
    198295559,
    190214555,
    181538259,
    170805979,
    159345973,
    145138636,
    138394717,
    133797422,
    135086622,
    133275309,
    114364328,
    107043718,
    101991189,
    90338345,
    83257441,
    80373285,
    58617616,
    64444167,
    46709983,
    50818468
  ],
  "genealogical_ancestors": [
    1,
    2,
    3.96,
    7.72,
    14.4,
    25.04,
    39.86,
    56.74,
    66.74,
    73.37,
    77.51,
    81.29,
    81.66,
    79.83,
    83.85,
    84,
    81,
    84,
    83,
    82,
    81,
    81,
    80,
    85,
    84,
    79,
    80,
    78,
    78,
    79,
    87,
    77,
    82,
    83,
    84,
    83,
    80,
    82,
    77,
    81,
    81,
    82,
    84,
    77,
    81,
    81,
    82,
    82,
    83,
    82
  ],
  "genealogical_descendants": [
    1,
    2.2988505747126435,
    4.865853658536586,
    9.822784810126583,
    18.51948051948052,
    33,
    51.86842105263158,
    71.09210526315789,
    84.28947368421052,
    92.14473684210526,
    95.23684210526316,
    96.92105263157895,
    98.14473684210526,
    99.55263157894737,
    100,
    100,
    100,
    100,
    100,
    100,
    100,
    100,
    100,
    100,
    100,
    100,
    100,
    100,
    100,
    100,
    100,
    100,
    100,
    100,
    100,
    100,
    100,
    100,
    100,
    100,
    100,
    100,
    100,
    100,
    100,
    100,
    100,
    100,
    100,
    100
  ],
  "genetic_ancestors": [
    1,
    2,
    3.96,
    7.72,
    14.4,
    25.04,
    39.65,
    55.16,
    63.55,
    68.24,
    69.85,
    74.64,
    75.75,
    73.43,
    75.9,
    77.94,
    75.11,
    79.36,
    78.41,
    77.04,
    76.94,
    78.83,
    77.89,
    82.35,
    81.82,
    77.36,
    78.06,
    75.13,
    74.54,
    76.72,
    84.86,
    74.72,
    79.11,
    81.76,
    82.42,
    82.19,
    78.97,
    81.33,
    76.4,
    79.83,
    79.15,
    80.09,
    82.81,
    75.98,
    79.97,
    78.1,
    79.85,
    80.95,
    82.23,
    81.92
  ],
  "genetic_descendants": [
    1,
    2.2988505747126435,
    4.865853658536586,
    9.822784810126583,
    18.51948051948052,
    32.973684210526315,
    51.473684210526315,
    69.07894736842105,
    80.35526315789474,
    87.23684210526316,
    90.40789473684211,
    91.92105263157895,
    93.07894736842105,
    93.6842105263158,
    94.39473684210526,
    94.77631578947368,
    94.88157894736842,
    95.27631578947368,
    95.51315789473684,
    95.5,
    95.5657894736842,
    95.86842105263158,
    96.01315789473684,
    96.27631578947368,
    96.35526315789474,
    96.21052631578948,
    96.3157894736842,
    96.38157894736842,
    96.4342105263158,
    96.55263157894737,
    96.4342105263158,
    96.46052631578948,
    97.78666666666666,
    97.90666666666667,
    97.97333333333333,
    98.24,
    98.12,
    98.09333333333333,
    97.97333333333333,
    98.02666666666667,
    98.01333333333334,
    98.18666666666667,
    98.09333333333333,
    98.09333333333333,
    98.17333333333333,
    98.2,
    98.02666666666667,
    98.24,
    98.48,
    98.38666666666667
  ],
  "num_gen": 50,
  "pop_size": 100,
  "recomb_rate": 1e-8,
  "roh_freq": [
    0,
    0,
    0.0015794209551726283,
    0.018933291726445214,
    0.02426990487694079,
    0.020730800287903292,
    0.023952312203332465,
    0.03596233781054673,
    0.06579291995240899,
    0.041097869516188726,
    0.03956378456831996,
    0.06034994439213378,
    0.06830073630827108,
    0.08164623985892971,
    0.0630959470079891,
    0.049144907283983,
    0.060729644358080453,
    0.07378558385681439,
    0.060108593605120185,
    0.10990766199323077,
    0.09306505540347328,
    0.10506634296313948,
    0.1139969077414631,
    0.08780084920247218,
    0.1459378365330827,
    0.08532816772192303,
    0.12674537650209983,
    0.10958628965901465,
    0.12924998851183217,
    0.14481273321218088,
    0.18304632528817144,
    0.15382851730191188,
    0.1289993869610202,
    0.12424904031755152,
    0.16150695977266338,
    0.1660424123107647,
    0.21283311367582644,
    0.18145573437021645,
    0.18207878885428985,
    0.1806301517498814,
    0.17603106746459662,
    0.1662783075563186,
    0.16863307265407423,
    0.20561289162684485,
    0.2208076533533049,
    0.20007643726736085,
    0.21497846563922618,
    0.23946795564513793,
    0.23563343016553714,
    0.20298222003167343
  ],
  "roh_len": [
    0,
    0,
    9081675,
    13084914,
    9953782,
    8764865,
    6300359,
    7910617,
    8582338,
    4985503,
    3797861,
    4926353,
    4736245,
    4656478,
    3280899,
    2070207,
    2550735,
    2706822,
    1856599,
    3437979,
    2683134,
    2648074,
    2547344,
    1673811,
    2662255,
    1410525,
    2101581,
    1698623,
    1776091,
    1869832,
    2166564,
    1787981,
    1341702,
    1261757,
    1531844,
    1435489,
    1743888,
    1376587,
    1291801,
    1284694,
    1194903,
    1060260,
    1066289,
    1222671,
    1280012,
    1105830,
    1149265,
    1256471,
    1150007,
    993808
  ],
  "runtime_genealogical_ancestors": 0.079104005,
  "runtime_genealogical_descendants": 0.084297319,
  "runtime_genetic_ancestors": 17.12232593,
  "runtime_genetic_descendants": 10.843040092,
  "seed": 1005,
  "segment_count": [
    22,
    101.51,
    157.87,
    215.4,
    273.01,
    328.55,
    387.57,
    441.6,
    496.75,
    549.1,
    607.79,
    668.24,
    727.01,
    782,
    839.85,
    897.54,
    951.49,
    1003.24,
    1061.35,
    1121.76,
    1182.88,
    1233.4,
    1290.79,
    1341.67,
    1403.46,
    1466.48,
    1522.95,
    1579.35,
    1638.34,
    1694.84,
    1760.49,
    1818.39,
    1877.64,
    1937.26,
    1995.45,
    2051.26,
    2112.48,
    2159.71,
    2208.87,
    2255.1,
    2325.2,
    2379.26,
    2440.36,
    2501.49,
    2555.31,
    2623.63,
    2683.03,
    2747.93,
    2804.71,
    2852.04
  ],
  "segment_len": [
    130681887,
    56644695,
    36422392,
    26694535,
    21061510,
    17501150,
    14836037,
    13020840,
    11575245,
    10471686,
    9460509,
    8604697,
    7909111,
    7352945,
    6846464,
    6406403,
    6043156,
    5731433,
    5417631,
    5125876,
    4861019,
    4661912,
    4454638,
    4285705,
    4097019,
    3920955,
    3775569,
    3640740,
    3509651,
    3392652,
    3266137,
    3162139,
    3062356,
    2968111,
    2881557,
    2803156,
    2721920,
    2662395,
    2603142,
    2549777,
    2472906,
    2416719,
    2356210,
    2298631,
    2250217,
    2191621,
    2143100,
    2092485,
    2050123,
    2016101
  ],
  "seq_len": 2875001522
}
