{
  "ROH_fractions": [
    1,
    0,
    0.00015249031593382232,
    0.0001589453202035557,
    0.00014785061247699752,
    0.00017204594951167473,
    0.00015454685143641465,
    0.000284493762539302,
    0.0002655047264701935,
    0.0004689202747142059,
    0.0005397370032070543,
    0.000541690938103093,
    0.0006539903571223222,
    0.0005767407395132502,
    0.0007390111760086921,
    0.0007296956186793977,
    0.0007500244608913985,
    0.0009789609909639555,
    0.0008565492134720338,
    0.0010874856201554385,
    0.0008006521736373537,
    0.0009307228896486128,
    0.001052824408104783,
    0.0011700058093743158,
    0.0013464176958790494
  ],
  "block_lengths": [
    2875001522,
    2875001522,
    72455679,
    39135101,
    27450416,
    21365309,
    17536709,
    14898144,
    12957265,
    11470487,
    10283940,
    9325655,
    8528524,
    7859035,
    7291111,
    6794215,
    6360537,
    5978424,
    5643199,
    5341698,
    5072517,
    4828007,
    4603795,
    4402168,
    4216270
  ],
  "forward_roh_frac": [
    0,
    0,
    0.00008597368168628051,
    0.00010025977349726078,
    0.00014885646338798703,
    0.00013621792322654637,
    0.00030080694012933466,
    0.000249055661612968,
    0.00040807370285628674,
    0.000476161628411131,
    0.00032888852279362377,
    0.0007260136107155771,
    0.0006970315912757976,
    0.0004048833751539141,
    0.0008000463564624159,
    0.000774330339293643,
    0.0008517342696210232,
    0.001105887151318176,
    0.000959128099724185,
    0.00087766734041402,
    0.001022686373520466,
    0.0011944201893539033,
    0.0013025960094083038,
    0.001268980870334301,
    0.0013688558054265963
  ],
  "forward_roh_len": [
    0,
    0,
    21308143,
    12868169,
    10834495,
    5515869,
    9279188,
    4979383,
    6499792,
    6116914,
    3635351,
    6088944,
    4868724,
    2704554,
    4164646,
    3407624,
    3371523,
    3903532,
    2993047,
    2455044,
    2640525,
    2842446,
    2646431,
    2479490,
    2484509
  ],
  "genealogical_IAP": -1,
  "genealogical_TMRCA": 14,
  "genealogical_ancestors": [
    1,
    2,
    3.9995,
    7.9974,
    15.9819,
    31.9166,
    63.6369,
    126.4826,
    249.7194,
    487.4637,
    928.044,
    1695.4154,
    2873.877,
    4388.738,
    5861.0237,
    6899.1911,
    7501.2576,
    7821.4797,
    7881.5089,
    7946.8814,
    7913.6145,
    7957.6535,
    7994.1928,
    7941.5772,
    7972.9149
  ],
  "genetic_TMRCA": -1,
  "genetic_ancestors": [
    1,
    2,
    3.9995,
    7.9974,
    15.9818,
    31.9023,
    62.9752,
    117.635,
    196.2107,
    287.8522,
    378.7702,
    462.1999,
    536.0882,
    601.8888,
    661.6812,
    717.2071,
    769.8861,
    821.1717,
    868.5855,
    916.4699,
    963.5026,
    1010.7042,
    1056.2716,
    1101.3871,
    1147.0797
  ],
  "num_gen": 25,
  "pop_size": 10000,
  "recomb_rate": 1e-8,
  "seed": 0,
  "seq_len": 2875001522
}
