{
  "IAP": 21,
  "TMRCA": 11,
  "chrom_lengths": [
    248956422,
    242193529,
    198295559,
    190214555,
    181538259,
    170805979,
    159345973,
    145138636,
    138394717,
    133797422,
    135086622,
    133275309,
    114364328,
    107043718,
    101991189,
    90338345,
    83257441,
    80373285,
    58617616,
    64444167,
    46709983,
    50818468
  ],
  "genealogical_ancestors": [
    1,
    2,
    3.997,
    7.969,
    15.841,
    31.214,
    60.449,
    113.676,
    203.194,
    337.921,
    482.973,
    621.561,
    723.115,
    764.648,
    781.007,
    777.638,
    786.823,
    794.483,
    802.457,
    785.934,
    803.943,
    816,
    812,
    811,
    799,
    799,
    795,
    785,
    787,
    793,
    781,
    799,
    791,
    801,
    800,
    798,
    798,
    803,
    788,
    793,
    803,
    809,
    798,
    791,
    797,
    803,
    803,
    787,
    783,
    794
  ],
  "genealogical_descendants": [
    1,
    2.296211251435132,
    4.875609756097561,
    9.905590062111802,
    19.757802746566792,
    39.17565872020075,
    75.80803011292346,
    143.13174404015055,
    256.1417816813049,
    421.0100376411543,
    615.8168130489335,
    787.0050188205772,
    897.7565872020075,
    954.5545796737766,
    980.2747804265997,
    991.67252195734,
    996.7390213299875,
    999.1141781681305,
    999.9096612296111,
    999.9949811794228,
    1000,
    1000,
    1000,
    1000,
    1000,
    1000,
    1000,
    1000,
    1000,
    1000,
    1000,
    1000,
    1000,
    1000,
    1000,
    1000,
    1000,
    1000,
    1000,
    1000,
    1000,
    1000,
    1000,
    1000,
    1000,
    1000,
    1000,
    1000,
    1000,
    1000
  ],
  "genetic_ancestors": [
    1,
    2,
    3.997,
    7.969,
    15.841,
    31.205,
    59.868,
    106.713,
    167.065,
    230.451,
    279.776,
    323.032,
    359.145,
    381.352,
    404.789,
    420.959,
    437.713,
    453.847,
    471.915,
    477.335,
    486.643,
    511.517,
    521.461,
    529.101,
    529.134,
    538.325,
    544.818,
    547.884,
    557.899,
    573.544,
    578.734,
    593.005,
    588.175,
    594.489,
    597.968,
    593.667,
    602.474,
    615.062,
    609.805,
    621.138,
    632.54,
    633.489,
    618.496,
    621.387,
    631.859,
    644.1,
    647.381,
    643.044,
    639.648,
    658.271
  ],
  "genetic_descendants": [
    1,
    2.296211251435132,
    4.875609756097561,
    9.905590062111802,
    19.757802746566792,
    39.165621079046424,
    75.11166875784191,
    134.27854454203262,
    210.14303638644918,
    286.76411543287327,
    352.8055207026349,
    404.4642409033877,
    445.5232120451694,
    478.678391959799,
    505.70226130653265,
    529.0489949748744,
    549.9120603015075,
    568.1268844221106,
    584.9095477386935,
    600.8957286432161,
    615.4748743718593,
    629.3542713567839,
    642.9748743718593,
    655.2550251256281,
    665.9459798994975,
    677.0352201257862,
    687.6981132075472,
    698.2254408060453,
    707.0856423173803,
    715.6939546599497,
    723.6964735516373,
    731.9079445145019,
    739.1134930643127,
    746.4098360655738,
    752.9356872635561,
    758.5901639344262,
    764.6166456494325,
    770.1525851197982,
    775.5435056746533,
    781.2383354350568,
    786.281210592686,
    790.9268600252207,
    795.968474148802,
    799.8058007566204,
    803.9356872635561,
    808.1046658259773,
    812.564393939394,
    818.1365360303413,
    821.6106194690266,
    826.3139240506329
  ],
  "num_gen": 50,
  "pop_size": 1000,
  "recomb_rate": 1e-8,
  "roh_freq": [
    0,
    0,
    0.00028484122207709915,
    0.001187959213887331,
    0.0025531182379666235,
    0.0015053666893328345,
    0.002149607088799308,
    0.0020979567728381886,
    0.0034103524213716925,
    0.004888681984148181,
    0.004386036984157117,
    0.005621333360115,
    0.0042696290937824415,
    0.005474089373021208,
    0.007562902056787154,
    0.006180751058398918,
    0.005734499314466798,
    0.010225597129962145,
    0.00712891590010087,
    0.01149498853065303,
    0.009258517433230076,
    0.008736237381024942,
    0.01069792230774339,
    0.01325429313946638,
    0.01135849998064801,
    0.013550972501363426,
    0.011169567624667157,
    0.012965838305389252,
    0.015162295805908098,
    0.016334126264855593,
    0.0161906971136553,
    0.015968009752935358,
    0.014645564612330663,
    0.015063940691019918,
    0.01638467984157123,
    0.015666418270160486,
    0.016764619625130064,
    0.01984807574929694,
    0.014378599731050856,
    0.020869281727288073,
    0.021451490266028456,
    0.020865419741854314,
    0.01958410846295197,
    0.020902626890852826,
    0.021656866453651915,
    0.01977402227719586,
    0.022826136644389573,
    0.02638272558625797,
    0.024415792433796147,
    0.022938338397860508
  ],
  "roh_len": [
    0,
    0,
    9305897,
    11941904,
    14088711,
    5872362,
    4678367,
    4302160,
    5141462,
    6497904,
    4375386,
    4274356,
    2647226,
    2905300,
    3704149,
    2696868,
    2336880,
    3749344,
    2123240,
    3153746,
    2159695,
    1972721,
    2117781,
    2389247,
    1962364,
    2175754,
    1593673,
    1661028,
    1842262,
    1983553,
    1804266,
    1652022,
    1465729,
    1405127,
    1330451,
    1288836,
    1247303,
    1402700,
    1007273,
    1406121,
    1365717,
    1206712,
    1139648,
    1111287,
    1088580,
    959920,
    1077235,
    1173337,
    1058180,
    971878
  ],
  "runtime_genealogical_ancestors": 6.647389002,
  "runtime_genealogical_descendants": 13.275363907,
  "runtime_genetic_ancestors": 153.057713113,
  "runtime_genetic_descendants": 85.909708202,
  "seed": 10005,
  "segment_count": [
    22,
    101.304,
    158.358,
    215.855,
    273.465,
    330.414,
    388.395,
    444.828,
    502.42,
    559.601,
    616.688,
    674.747,
    732.841,
    790.304,
    846.649,
    903.378,
    960.353,
    1016.413,
    1072.204,
    1130.677,
    1186.848,
    1243.807,
    1303.373,
    1360.81,
    1417.337,
    1474.115,
    1532.843,
    1592.457,
    1650.519,
    1706.642,
    1763.904,
    1821.691,
    1879.867,
    1936.328,
    1995.373,
    2051.507,
    2109.789,
    2165.602,
    2221.874,
    2279.633,
    2337.988,
    2394.203,
    2449.27,
    2507.674,
    2565.021,
    2621.545,
    2675.584,
    2731.505,
    2788.93,
    2846.844
  ],
  "segment_len": [
    130681887,
    56759881,
    36310151,
    26638266,
    21026467,
    17402419,
    14804523,
    12926351,
    11444614,
    10275183,
    9324006,
    8521717,
    7846180,
    7275685,
    6791483,
    6365002,
    5987384,
    5657152,
    5362788,
    5085451,
    4844767,
    4622906,
    4411632,
    4225426,
    4056906,
    3900647,
    3751201,
    3610774,
    3483754,
    3369191,
    3259816,
    3156409,
    3058728,
    2969539,
    2881668,
    2802819,
    2725392,
    2655152,
    2587906,
    2522337,
    2459380,
    2401635,
    2347639,
    2292962,
    2241698,
    2193364,
    2149064,
    2105067,
    2061723,
    2019781
  ],
  "seq_len": 2875001522
}
