{
  "IAP": 13,
  "TMRCA": 7,
  "chrom_lengths": [
    248956422,
    242193529,
    198295559,
    190214555,
    181538259,
    170805979,
    159345973,
    145138636,
    138394717,
    133797422,
    135086622,
    133275309,
    114364328,
    107043718,
    101991189,
    90338345,
    83257441,
    80373285,
    58617616,
    64444167,
    46709983,
    50818468
  ],
  "genealogical_ancestors": [
    1,
    2,
    3.98,
    7.74,
    14.38,
    26.22,
    42.79,
    57.68,
    68.78,
    76,
    76.55,
    74.57,
    75.95,
    81,
    88,
    83,
    78,
    80,
    78,
    78,
    81,
    80,
    82,
    85,
    82,
    79,
    81,
    80,
    79,
    82,
    79,
    79,
    86,
    79,
    73,
    81,
    81,
    86,
    82,
    80,
    77,
    77,
    77,
    78,
    79,
    82,
    78,
    81,
    85,
    83
  ],
  "genealogical_descendants": [
    1,
    2.2988505747126435,
    4.807228915662651,
    9.62962962962963,
    18.379746835443036,
    32.265822784810126,
    50.936708860759495,
    70.58227848101266,
    85.07594936708861,
    93.35443037974683,
    97.74683544303798,
    99.60759493670886,
    99.9873417721519,
    100,
    100,
    100,
    100,
    100,
    100,
    100,
    100,
    100,
    100,
    100,
    100,
    100,
    100,
    100,
    100,
    100,
    100,
    100,
    100,
    100,
    100,
    100,
    100,
    100,
    100,
    100,
    100,
    100,
    100,
    100,
    100,
    100,
    100,
    100,
    100,
    100
  ],
  "genetic_ancestors": [
    1,
    2,
    3.98,
    7.74,
    14.38,
    26.19,
    42.5,
    55.87,
    65.08,
    71.29,
    73.27,
    70.66,
    72.38,
    76.86,
    82.62,
    79.33,
    74.77,
    78.21,
    74.87,
    76.07,
    78.69,
    77.86,
    79.53,
    81.85,
    76.98,
    75.64,
    76.89,
    78.98,
    78.05,
    78.95,
    74.83,
    76.11,
    80.95,
    75.94,
    71.35,
    79.07,
    78.87,
    83.32,
    78.86,
    76.39,
    74.12,
    72,
    72.71,
    76.99,
    77.6,
    80.31,
    75.24,
    78.42,
    83.72,
    81.56
  ],
  "genetic_descendants": [
    1,
    2.2988505747126435,
    4.807228915662651,
    9.62962962962963,
    18.379746835443036,
    32.265822784810126,
    50.620253164556964,
    68.48101265822785,
    80.58227848101266,
    87.55696202531645,
    91.27848101265823,
    93.74683544303798,
    94.63291139240506,
    95.72151898734177,
    96.44303797468355,
    97.26582278481013,
    97.40506329113924,
    97.72151898734177,
    98.21518987341773,
    98.25316455696202,
    98.43037974683544,
    98.58227848101266,
    98.64556962025317,
    98.89873417721519,
    99.13924050632912,
    99.16455696202532,
    99.16455696202532,
    99.26582278481013,
    99.27848101265823,
    99.43037974683544,
    99.35443037974683,
    99.41772151898734,
    99.44303797468355,
    99.27848101265823,
    99.50632911392405,
    99.40506329113924,
    99.51898734177215,
    99.54430379746836,
    99.68354430379746,
    99.74683544303798,
    99.59493670886076,
    99.62025316455696,
    99.64556962025317,
    99.63291139240506,
    99.68354430379746,
    99.70886075949367,
    99.58227848101266,
    99.59493670886076,
    99.59493670886076,
    99.67088607594937
  ],
  "num_gen": 50,
  "pop_size": 100,
  "recomb_rate": 1e-8,
  "roh_freq": [
    0,
    0,
    0.005188850877415292,
    0.01285292804446731,
    0.014944276954716687,
    0.01685300486599186,
    0.038088978896895345,
    0.04056344468258685,
    0.029922787233919248,
    0.03995198001846484,
    0.052635819790706875,
    0.03701093710586217,
    0.05329707867890304,
    0.05983762699030668,
    0.05635525076428116,
    0.06266524314904345,
    0.058608072716004635,
    0.05608349505423322,
    0.08386589846473132,
    0.08445923308975556,
    0.08203066451107081,
    0.10100723525460449,
    0.1157589644364717,
    0.10461367712277683,
    0.09941665674012119,
    0.11760352936258377,
    0.11806287204115087,
    0.12451475201688607,
    0.1637328541803812,
    0.08623818976538268,
    0.12517548121492786,
    0.13527680450389687,
    0.10384460565861224,
    0.16586636164918175,
    0.153348941607969,
    0.16409373834411486,
    0.17204807952446016,
    0.19214171764880197,
    0.20249048463286343,
    0.20219046456908277,
    0.20283966450018456,
    0.20731288478601367,
    0.1831941837733747,
    0.17804514884357686,
    0.16177295008402434,
    0.1908281942154742,
    0.1819288400084541,
    0.2157901580095233,
    0.23409593014817195,
    0.21923031186137926
  ],
  "roh_len": [
    0,
    0,
    64860670,
    11620184,
    7826014,
    6729502,
    8245924,
    6446653,
    4378018,
    4764081,
    5211021,
    3107666,
    3408122,
    3668869,
    2609040,
    2931380,
    2360250,
    1949935,
    2743992,
    2393026,
    2162661,
    2514033,
    2459590,
    2032879,
    1860463,
    1989235,
    1776753,
    1741571,
    2203699,
    1117226,
    1564150,
    1554502,
    1092921,
    1625199,
    1414568,
    1451018,
    1433942,
    1461202,
    1488901,
    1437681,
    1416410,
    1334463,
    1144168,
    1050053,
    890104,
    1036170,
    960580,
    1069465,
    1150236,
    989788
  ],
  "runtime_genealogical_ancestors": 0.076814056,
  "runtime_genealogical_descendants": 0.08239232,
  "runtime_genetic_ancestors": 17.041921778,
  "runtime_genetic_descendants": 10.596077871,
  "seed": 1008,
  "segment_count": [
    22,
    101.51,
    157.87,
    216.6,
    274.13,
    331.71,
    387.01,
    445.11,
    502.13,
    559.39,
    615.33,
    679.22,
    737.96,
    797.48,
    851.47,
    911.32,
    970.35,
    1031.25,
    1090.47,
    1149.15,
    1203.07,
    1253.23,
    1310.95,
    1365.25,
    1421.85,
    1478.05,
    1535.44,
    1591.59,
    1641.79,
    1696.84,
    1751.85,
    1804.52,
    1867.23,
    1929.71,
    1991.21,
    2057.66,
    2118.41,
    2176.48,
    2235.76,
    2300.83,
    2349.54,
    2401.39,
    2458.43,
    2513.04,
    2573.55,
    2637.12,
    2695.22,
    2760.91,
    2818.06,
    2869.96
  ],
  "segment_len": [
    130681887,
    56644695,
    36422392,
    26546643,
    20975460,
    17334427,
    14857505,
    12918161,
    11451223,
    10279059,
    9344584,
    8465597,
    7791754,
    7210215,
    6753030,
    6309532,
    5925700,
    5575760,
    5272958,
    5003701,
    4779441,
    4588146,
    4386134,
    4211685,
    4044029,
    3890262,
    3744856,
    3612741,
    3502276,
    3388653,
    3282246,
    3186444,
    3079429,
    2979723,
    2887692,
    2794437,
    2714301,
    2641881,
    2571833,
    2499099,
    2447288,
    2394447,
    2338892,
    2288066,
    2234269,
    2180410,
    2133407,
    2082647,
    2040411,
    2003513
  ],
  "seq_len": 2875001522
}
