{
  "IAP": 20,
  "TMRCA": 10,
  "chrom_lengths": [
    248956422,
    242193529,
    198295559,
    190214555,
    181538259,
    170805979,
    159345973,
    145138636,
    138394717,
    133797422,
    135086622,
    133275309,
    114364328,
    107043718,
    101991189,
    90338345,
    83257441,
    80373285,
    58617616,
    64444167,
    46709983,
    50818468
  ],
  "genealogical_ancestors": [
    1,
    2,
    3.997,
    7.969,
    15.851,
    31.25,
    60.551,
    114.399,
    204.553,
    340.345,
    495.129,
    631.53,
    737.004,
    780.105,
    788.297,
    793.117,
    803.086,
    797.48,
    799.58,
    807.909,
    805,
    784,
    788,
    792,
    789,
    804,
    794,
    817,
    812,
    805,
    810,
    799,
    805,
    803,
    798,
    805,
    813,
    800,
    797,
    789,
    780,
    779,
    794,
    789,
    782,
    789,
    781,
    787,
    801,
    802
  ],
  "genealogical_descendants": [
    1,
    2.277904328018223,
    4.7254437869822485,
    9.593486127864898,
    19.242092457420924,
    38.21419828641371,
    74.11995104039168,
    140.11015911872704,
    251.27417380660955,
    415.3390452876377,
    607.4075887392901,
    779.9498164014688,
    895.1701346389228,
    955.4198286413708,
    981.9118727050184,
    992.9608323133415,
    997.4063647490821,
    998.9277845777234,
    999.4908200734394,
    999.8066095471236,
    999.9767441860465,
    1000,
    1000,
    1000,
    1000,
    1000,
    1000,
    1000,
    1000,
    1000,
    1000,
    1000,
    1000,
    1000,
    1000,
    1000,
    1000,
    1000,
    1000,
    1000,
    1000,
    1000,
    1000,
    1000,
    1000,
    1000,
    1000,
    1000,
    1000,
    1000
  ],
  "genetic_ancestors": [
    1,
    2,
    3.997,
    7.969,
    15.851,
    31.241,
    59.959,
    107.3,
    167.702,
    230.598,
    281.777,
    321.664,
    356.267,
    380.51,
    401.767,
    416.953,
    438.052,
    455.29,
    469.443,
    479.392,
    490.509,
    495.23,
    502.297,
    517.631,
    527.784,
    546.568,
    544.131,
    560.686,
    561.78,
    570.614,
    575.699,
    572.601,
    584.564,
    599.414,
    595.354,
    606.176,
    610.017,
    612.767,
    615.78,
    616.701,
    613.894,
    620.215,
    629.305,
    630.566,
    631.858,
    635.669,
    639.172,
    648.462,
    650.33,
    656.071
  ],
  "genetic_descendants": [
    1,
    2.277904328018223,
    4.7254437869822485,
    9.593486127864898,
    19.242092457420924,
    38.19706242350061,
    73.40514075887393,
    131.63525091799266,
    205.8861689106487,
    281.43206854345163,
    346.4375,
    398.0477941176471,
    438.703431372549,
    472.3382352941176,
    500.26838235294116,
    523.3468137254902,
    544.1617647058823,
    563.4895705521473,
    580.7631901840491,
    596.7398773006134,
    612.0858895705521,
    625.7644171779141,
    638.3411042944786,
    651.120245398773,
    661.7496932515337,
    672.3803680981595,
    682.2134969325153,
    692.3950920245398,
    701.7631901840491,
    709.6392638036809,
    721.0751231527094,
    728.9187192118227,
    736.6046798029556,
    742.417487684729,
    749.314039408867,
    754.878078817734,
    761.6871921182266,
    767.3854679802955,
    773.6539408866995,
    778.7376847290641,
    783.6416256157636,
    788.628078817734,
    793.4088669950739,
    798.7130541871921,
    802.1687192118227,
    806.7697044334975,
    810.9470443349753,
    814.4864532019704,
    818.25,
    821.8374384236453
  ],
  "num_gen": 50,
  "pop_size": 1000,
  "recomb_rate": 1e-8,
  "roh_freq": [
    0,
    0,
    0.0019618788104418957,
    0.0011534141118273815,
    0.0017880943076592915,
    0.002530343856979704,
    0.001852878369363173,
    0.004240892923951641,
    0.0038380893591053898,
    0.0036495257820597423,
    0.005819248411166581,
    0.005053059062693602,
    0.005574508537947132,
    0.0073704914136041985,
    0.007151106368701254,
    0.007051044139238546,
    0.007836636734830918,
    0.008896942870905375,
    0.00934158386125543,
    0.010730992020323528,
    0.010249146751582137,
    0.008578860873729999,
    0.010073511220214234,
    0.009902816975273935,
    0.012421302112966324,
    0.01390263677467368,
    0.012920219843626226,
    0.015924532309864983,
    0.016524934667495456,
    0.012695907152288457,
    0.014664295665023303,
    0.014741274057662915,
    0.02174317010083308,
    0.015347422059556044,
    0.018164108886339573,
    0.019366386708298933,
    0.019730220764731826,
    0.02003312807359272,
    0.0173663784710859,
    0.01720244021143861,
    0.019057100517249743,
    0.02727254052911072,
    0.022726245047184363,
    0.016736891752156785,
    0.027445177089196686,
    0.02424139345273014,
    0.023475577612233345,
    0.01992011920820124,
    0.022156165051936273,
    0.02621414861602289
  ],
  "roh_len": [
    0,
    0,
    19721694,
    10266462,
    10199948,
    9844035,
    3928486,
    7540243,
    6262493,
    4330331,
    5729571,
    4230504,
    3555961,
    4669496,
    3825012,
    2869322,
    3054547,
    2881135,
    2846837,
    3057037,
    2499475,
    1965591,
    2020747,
    1907067,
    2111593,
    2165579,
    1868117,
    2079063,
    1995263,
    1471329,
    1654366,
    1503145,
    2107536,
    1392271,
    1579894,
    1552530,
    1515682,
    1399506,
    1195888,
    1136186,
    1210596,
    1569490,
    1299120,
    897349,
    1382841,
    1184587,
    1085260,
    917720,
    932280,
    1071357
  ],
  "runtime_genealogical_ancestors": 6.137106837,
  "runtime_genealogical_descendants": 12.685126603,
  "runtime_genetic_ancestors": 152.782634948,
  "runtime_genetic_descendants": 85.979859648,
  "seed": 10003,
  "segment_count": [
    22,
    101.304,
    158.67,
    216.281,
    274.297,
    330.786,
    388.372,
    445.954,
    503.233,
    559.973,
    618.384,
    675.89,
    733.796,
    790.534,
    849.778,
    907.073,
    964.123,
    1020.533,
    1077.118,
    1135.206,
    1191.441,
    1248.925,
    1305.801,
    1362.302,
    1419.41,
    1477.285,
    1535.826,
    1595.078,
    1653.988,
    1710.635,
    1768.154,
    1827.003,
    1882.156,
    1936.244,
    1993.215,
    2047.547,
    2105.849,
    2163.376,
    2221.093,
    2279.063,
    2337.38,
    2398.823,
    2455.878,
    2514.322,
    2573.858,
    2632.929,
    2691.054,
    2745.924,
    2802.399,
    2861.396
  ],
  "segment_len": [
    130681887,
    56759881,
    36238753,
    26585798,
    20962690,
    17382848,
    14805400,
    12893713,
    11426124,
    10268357,
    9298434,
    8507305,
    7835969,
    7273568,
    6766476,
    6339074,
    5963972,
    5634313,
    5338322,
    5065162,
    4826091,
    4603961,
    4403429,
    4220799,
    4050981,
    3892277,
    3743915,
    3604841,
    3476447,
    3361326,
    3251980,
    3147232,
    3055008,
    2969668,
    2884788,
    2808239,
    2730491,
    2657884,
    2588816,
    2522968,
    2460020,
    2397010,
    2341322,
    2286900,
    2234001,
    2183880,
    2136710,
    2094013,
    2051814,
    2009509
  ],
  "seq_len": 2875001522
}
