{
  "IAP": 22,
  "TMRCA": 11,
  "chrom_lengths": [
    248956422,
    242193529,
    198295559,
    190214555,
    181538259,
    170805979,
    159345973,
    145138636,
    138394717,
    133797422,
    135086622,
    133275309,
    114364328,
    107043718,
    101991189,
    90338345,
    83257441,
    80373285,
    58617616,
    64444167,
    46709983,
    50818468
  ],
  "genealogical_ancestors": [
    1,
    2,
    3.995,
    7.976,
    15.809,
    31.18,
    60.504,
    113.472,
    203.227,
    333.45,
    482.799,
    618.703,
    711.864,
    755.178,
    785.227,
    806.78,
    792.552,
    780.348,
    797.28,
    819.641,
    809.989,
    803.993,
    788,
    789,
    772,
    798,
    809,
    807,
    808,
    795,
    795,
    804,
    809,
    792,
    794,
    796,
    801,
    805,
    790,
    788,
    794,
    791,
    806,
    809,
    804,
    807,
    803,
    786,
    801,
    807
  ],
  "genealogical_descendants": [
    1,
    2.3014959723820483,
    4.735781990521327,
    9.595898673100121,
    19.274056029232643,
    38.0219512195122,
    73.66585365853659,
    139.1548780487805,
    248.62317073170732,
    410.85243902439026,
    602.5048780487805,
    773.8865853658536,
    885.4365853658536,
    943.5573170731707,
    972.5243902439024,
    987.6475609756097,
    995.7060975609756,
    998.9268292682926,
    999.8012195121951,
    999.9878048780488,
    1000,
    1000,
    1000,
    1000,
    1000,
    1000,
    1000,
    1000,
    1000,
    1000,
    1000,
    1000,
    1000,
    1000,
    1000,
    1000,
    1000,
    1000,
    1000,
    1000,
    1000,
    1000,
    1000,
    1000,
    1000,
    1000,
    1000,
    1000,
    1000,
    1000
  ],
  "genetic_ancestors": [
    1,
    2,
    3.995,
    7.976,
    15.809,
    31.167,
    59.938,
    106.526,
    166.791,
    227.325,
    277.785,
    321.01,
    354.807,
    384.041,
    405.076,
    426,
    441.185,
    451.164,
    470.853,
    491.675,
    498.933,
    507.876,
    513.452,
    518.156,
    521.532,
    540.263,
    550.237,
    560.045,
    561.108,
    568.904,
    578.023,
    590.604,
    589.349,
    592.667,
    599.807,
    593.953,
    607.73,
    623.354,
    615.765,
    615.426,
    623.163,
    624.644,
    636.261,
    643.733,
    650.575,
    649.828,
    653.954,
    645.503,
    654.324,
    664.166
  ],
  "genetic_descendants": [
    1,
    2.3014959723820483,
    4.735781990521327,
    9.595898673100121,
    19.274056029232643,
    38.01219512195122,
    72.99634146341464,
    130.3390243902439,
    204.02439024390245,
    279.95238095238096,
    344.4676434676435,
    396.84249084249086,
    437.45177045177047,
    469.7765567765568,
    496.6968215158924,
    520.6548347613219,
    541.7050183598532,
    560.8298653610772,
    578.4920440636475,
    594.6144430844553,
    610.0551470588235,
    625.442944785276,
    638.8046683046683,
    650.5958230958231,
    661.9914004914004,
    673.7518427518428,
    684.4963144963145,
    693.7269372693727,
    703.1328413284133,
    713.6354679802955,
    720.9630541871921,
    728.8152709359606,
    737.1724137931035,
    743.9507389162561,
    750.5874384236453,
    757.082512315271,
    763.6572133168927,
    768.9025893958077,
    774.1763255240444,
    779.3366214549939,
    784.0308261405672,
    788.1701602959309,
    793.6604938271605,
    798.4024691358024,
    803.5228677379481,
    807.3164400494437,
    811.2027194066749,
    814.4907292954265,
    818.2978986402967,
    821.857849196539
  ],
  "num_gen": 50,
  "pop_size": 1000,
  "recomb_rate": 1e-8,
  "roh_freq": [
    0,
    0,
    0.0007850131169426212,
    0.0018287189856312012,
    0.001455001441908802,
    0.0018944043776405344,
    0.0022546995315990653,
    0.004092071075432286,
    0.00433016454869202,
    0.004119108191553855,
    0.006027708969678939,
    0.005667887311469743,
    0.005705738151605751,
    0.006582207062219427,
    0.006721576856612182,
    0.00680329939387072,
    0.006640311375111682,
    0.009403148981011217,
    0.007572104307567737,
    0.010174800109549298,
    0.009754084451576857,
    0.007904729261913762,
    0.011254443964777839,
    0.010388880664390827,
    0.011040048645233377,
    0.013986461298993358,
    0.012576740630678524,
    0.012152222398023481,
    0.0143635798798718,
    0.01440761869516673,
    0.015612091775094372,
    0.017777995323440387,
    0.018166448765796515,
    0.015211176356378985,
    0.01744919769332908,
    0.021068553833969068,
    0.015161033958228282,
    0.01890376571807603,
    0.020384699366430458,
    0.013904896944955426,
    0.017812851190553213,
    0.018396707857464573,
    0.022683493496947097,
    0.022344644347635237,
    0.02040067595692911,
    0.020889106304271376,
    0.018410068258391688,
    0.02167746594605107,
    0.023868608834426906,
    0.023443609029157236
  ],
  "roh_len": [
    0,
    0,
    22569139,
    15509055,
    12637859,
    6445462,
    4801677,
    8019570,
    5469784,
    4952924,
    5595632,
    4401724,
    4184695,
    3922855,
    3321509,
    2899851,
    2409555,
    3030045,
    2269343,
    2827427,
    2270137,
    1889747,
    2338069,
    1922505,
    1805264,
    2257908,
    1798823,
    1653071,
    1849402,
    1650802,
    1665854,
    1784130,
    1803721,
    1449236,
    1580942,
    1619662,
    1202858,
    1389699,
    1403434,
    947267,
    1124969,
    1065396,
    1321882,
    1191146,
    1056982,
    1051165,
    867745,
    975408,
    1040425,
    954625
  ],
  "runtime_genealogical_ancestors": 6.101576684,
  "runtime_genealogical_descendants": 8.678863896,
  "runtime_genetic_ancestors": 154.518732018,
  "runtime_genetic_descendants": 84.164040483,
  "seed": 10000,
  "segment_count": [
    22,
    101.304,
    158.781,
    215.932,
    273.049,
    330.396,
    387.187,
    444.859,
    502.936,
    560.007,
    617.454,
    676.752,
    733.658,
    790.533,
    845.732,
    902.62,
    959.233,
    1015.353,
    1074.172,
    1132.216,
    1189.559,
    1246.919,
    1305.229,
    1360.713,
    1419.758,
    1477.288,
    1534.609,
    1591.142,
    1647.99,
    1707.78,
    1765.547,
    1822.395,
    1882.749,
    1939.722,
    1997.86,
    2054.06,
    2111.027,
    2167.347,
    2226.153,
    2281.605,
    2338.363,
    2394.536,
    2451.305,
    2509.655,
    2566.149,
    2622.195,
    2678.912,
    2737.011,
    2793.091,
    2850.377
  ],
  "segment_len": [
    130681887,
    56759881,
    36213420,
    26628767,
    21058502,
    17403367,
    14850713,
    12925450,
    11432872,
    10267734,
    9312439,
    8496469,
    7837443,
    7273577,
    6798847,
    6370347,
    5994375,
    5663058,
    5352963,
    5078538,
    4833726,
    4611368,
    4405359,
    4225728,
    4049988,
    3892269,
    3746884,
    3613758,
    3489100,
    3366946,
    3256782,
    3155190,
    3054046,
    2964343,
    2878081,
    2799335,
    2723794,
    2653014,
    2582932,
    2520157,
    2458986,
    2401301,
    2345690,
    2291152,
    2240712,
    2192820,
    2146394,
    2100833,
    2058652,
    2017278
  ],
  "seq_len": 2875001522
}
