{
  "IAP": 20,
  "TMRCA": 11,
  "chrom_lengths": [
    248956422,
    242193529,
    198295559,
    190214555,
    181538259,
    170805979,
    159345973,
    145138636,
    138394717,
    133797422,
    135086622,
    133275309,
    114364328,
    107043718,
    101991189,
    90338345,
    83257441,
    80373285,
    58617616,
    64444167,
    46709983,
    50818468
  ],
  "genealogical_ancestors": [
    1,
    2,
    3.99,
    7.958,
    15.791,
    31.078,
    60.166,
    112.932,
    202.404,
    332.401,
    485.371,
    620.704,
    685.382,
    751.091,
    783.585,
    794.501,
    794.297,
    796.905,
    811.173,
    800.996,
    795,
    793,
    787,
    776,
    775,
    788,
    795,
    799,
    800,
    794,
    794,
    804,
    793,
    812,
    792,
    791,
    789,
    800,
    786,
    789,
    795,
    781,
    808,
    795,
    803,
    806,
    811,
    817,
    820,
    791
  ],
  "genealogical_descendants": [
    1,
    2.3121387283236996,
    4.813253012048193,
    9.740514075887393,
    19.519112207151665,
    38.64064436183395,
    75.10931677018634,
    141.80721393034827,
    253.72139303482587,
    417.5845771144279,
    609.4440298507462,
    781.931592039801,
    895.4639303482587,
    953.4813432835821,
    979.0970149253732,
    990.6641791044776,
    996.3731343283582,
    998.9900497512438,
    999.8457711442786,
    999.9962686567164,
    1000,
    1000,
    1000,
    1000,
    1000,
    1000,
    1000,
    1000,
    1000,
    1000,
    1000,
    1000,
    1000,
    1000,
    1000,
    1000,
    1000,
    1000,
    1000,
    1000,
    1000,
    1000,
    1000,
    1000,
    1000,
    1000,
    1000,
    1000,
    1000,
    1000
  ],
  "genetic_ancestors": [
    1,
    2,
    3.99,
    7.958,
    15.791,
    31.07,
    59.618,
    106.05,
    166.646,
    227.372,
    279.86,
    322.847,
    349.094,
    380.449,
    406.241,
    421.344,
    435.529,
    447.199,
    463.131,
    472.649,
    484.947,
    497.284,
    513.131,
    517.861,
    531.426,
    542.497,
    559.659,
    565.932,
    570.379,
    568.221,
    579.028,
    582.703,
    581.085,
    594.886,
    599.156,
    602.677,
    611.025,
    619.704,
    612.375,
    609.395,
    614.407,
    609.304,
    635.401,
    631.061,
    639.138,
    640.515,
    637.863,
    653.697,
    656.173,
    637.947
  ],
  "genetic_descendants": [
    1,
    2.3121387283236996,
    4.813253012048193,
    9.740514075887393,
    19.519112207151665,
    38.62577447335811,
    74.36149068322982,
    132.91666666666666,
    208.15049751243782,
    285.17932752179325,
    351.1558603491272,
    404.90274314214463,
    446.6159600997506,
    479.87765293383274,
    507.55680399500625,
    532.087390761548,
    552.8039950062422,
    572.2434456928839,
    590.1875,
    606.27125,
    620.98625,
    635.245,
    647.9775,
    659.80375,
    671.55,
    682.17125,
    692.56625,
    701.76,
    711.2075,
    719.50125,
    727.6175,
    735.17875,
    743.2975,
    750.3175,
    757.35125,
    763.215,
    768.3775,
    774.0875,
    778.74,
    783.9225,
    789.6783479349186,
    793.9812265331665,
    798.6908635794744,
    802.9386733416771,
    807.1914893617021,
    811.8623279098873,
    815.514392991239,
    818.973717146433,
    822.7396745932416,
    826.3667083854818
  ],
  "num_gen": 50,
  "pop_size": 1000,
  "recomb_rate": 1e-8,
  "roh_freq": [
    0,
    0,
    0.0019044921263871248,
    0.0017185695702042136,
    0.0019494497940651873,
    0.0037460200245417468,
    0.003239571706564126,
    0.0029342705040140147,
    0.003124764268211751,
    0.0035353980198692915,
    0.005593796361475456,
    0.004853240339258506,
    0.00715479636013911,
    0.007927180053158941,
    0.007121224751129019,
    0.006512468679660059,
    0.008533626347763721,
    0.010460268975468041,
    0.008793521781307774,
    0.0104252613839138,
    0.010622341872276755,
    0.00858586074376346,
    0.012072891475498842,
    0.009892874131494112,
    0.010499534262507427,
    0.013685952195471567,
    0.012755134502151405,
    0.013971372183155318,
    0.014166965620479418,
    0.01721129010901442,
    0.014042349266624144,
    0.014592573587861913,
    0.016135691391470506,
    0.01715674307702158,
    0.012921334805470757,
    0.017044087803790735,
    0.02074397664371045,
    0.02174687990026045,
    0.018565302684038023,
    0.020183200963536742,
    0.019457271514446175,
    0.02467029505210815,
    0.018123942074907883,
    0.02267650915038368,
    0.018282812596716255,
    0.023441168816188195,
    0.026343374114220726,
    0.022951983656375956,
    0.023773614919150643,
    0.02520728858556757
  ],
  "roh_len": [
    0,
    0,
    31649813,
    10380021,
    10321677,
    11420798,
    6914457,
    5295688,
    4350461,
    4535597,
    4794923,
    4233335,
    4185157,
    3930100,
    3275241,
    2908256,
    3144602,
    3163611,
    2715800,
    2657384,
    2476222,
    1803094,
    2354309,
    1792414,
    1769308,
    2114527,
    1780319,
    1816310,
    1713506,
    2000585,
    1528365,
    1433333,
    1509014,
    1537008,
    1107367,
    1411910,
    1585088,
    1544867,
    1249684,
    1371077,
    1144241,
    1428887,
    1008816,
    1156452,
    911114,
    1120440,
    1186155,
    1002141,
    1028116,
    1032541
  ],
  "runtime_genealogical_ancestors": 8.40558743,
  "runtime_genealogical_descendants": 13.320710764,
  "runtime_genetic_ancestors": 153.251838131,
  "runtime_genetic_descendants": 87.123560101,
  "seed": 10002,
  "segment_count": [
    22,
    101.304,
    158.875,
    216.079,
    272.981,
    330.713,
    388.014,
    445.345,
    503.098,
    560.479,
    618.036,
    677.169,
    735.663,
    793.159,
    850.588,
    908.784,
    965.33,
    1022.56,
    1080.554,
    1139.161,
    1196.278,
    1254.365,
    1312.285,
    1368.53,
    1428.163,
    1486.561,
    1542.296,
    1600.198,
    1658.175,
    1713.931,
    1771.539,
    1829.832,
    1889.365,
    1949.59,
    2006.828,
    2065.37,
    2120.704,
    2177.492,
    2232.236,
    2291.043,
    2348.689,
    2404.927,
    2462.01,
    2516.961,
    2574.5,
    2634.127,
    2690.356,
    2748.258,
    2805.15,
    2863.647
  ],
  "segment_len": [
    130681887,
    56759881,
    36191993,
    26610651,
    21063748,
    17386685,
    14819060,
    12911345,
    11429190,
    10259087,
    9303670,
    8491237,
    7816082,
    7249496,
    6760033,
    6327139,
    5956515,
    5623144,
    5321347,
    5047577,
    4806577,
    4583995,
    4381672,
    4201590,
    4026153,
    3867989,
    3728209,
    3593307,
    3467669,
    3354862,
    3245767,
    3142366,
    3043352,
    2949339,
    2865219,
    2784006,
    2711365,
    2640654,
    2575893,
    2509775,
    2448175,
    2390926,
    2335491,
    2284502,
    2233444,
    2182887,
    2137264,
    2092235,
    2049802,
    2007930
  ],
  "seq_len": 2875001522
}
