{
  "IAP": 13,
  "TMRCA": 7,
  "chrom_lengths": [
    248956422,
    242193529,
    198295559,
    190214555,
    181538259,
    170805979,
    159345973,
    145138636,
    138394717,
    133797422,
    135086622,
    133275309,
    114364328,
    107043718,
    101991189,
    90338345,
    83257441,
    80373285,
    58617616,
    64444167,
    46709983,
    50818468
  ],
  "genealogical_ancestors": [
    1,
    2,
    3.91,
    7.63,
    14.22,
    25.03,
    39.51,
    53.55,
    67.18,
    71.01,
    76.35,
    78.97,
    71.28,
    75,
    83,
    82,
    84,
    78,
    86,
    82,
    84,
    80,
    81,
    82,
    80,
    80,
    76,
    80,
    81,
    80,
    76,
    77,
    80,
    77,
    73,
    73,
    85,
    82,
    82,
    77,
    79,
    82,
    77,
    74,
    74,
    84,
    82,
    81,
    84,
    83
  ],
  "genealogical_descendants": [
    1,
    2.3529411764705883,
    4.804878048780488,
    9.28048780487805,
    17,
    30.1125,
    47.65,
    65.8625,
    80.6,
    90.1625,
    95.225,
    97.6125,
    98.55,
    99.1625,
    99.65,
    99.9,
    100,
    100,
    100,
    100,
    100,
    100,
    100,
    100,
    100,
    100,
    100,
    100,
    100,
    100,
    100,
    100,
    100,
    100,
    100,
    100,
    100,
    100,
    100,
    100,
    100,
    100,
    100,
    100,
    100,
    100,
    100,
    100,
    100,
    100
  ],
  "genetic_ancestors": [
    1,
    2,
    3.91,
    7.63,
    14.22,
    25.02,
    39.33,
    52.18,
    63.23,
    65.03,
    71.07,
    73.89,
    68.95,
    71.07,
    76.2,
    77.42,
    81,
    75.62,
    81.61,
    79.17,
    81.21,
    77.04,
    76.65,
    78.62,
    78.83,
    77.33,
    72.64,
    77.99,
    79.57,
    78.41,
    74.46,
    74.58,
    77.36,
    74.19,
    72.57,
    72.92,
    83.9,
    79.96,
    79.19,
    73.8,
    75.1,
    79.36,
    75.85,
    72.32,
    72.85,
    80.98,
    80.51,
    79.93,
    82.22,
    81.14
  ],
  "genetic_descendants": [
    1,
    2.3529411764705883,
    4.804878048780488,
    9.28048780487805,
    17,
    30.1,
    47.962025316455694,
    64.49367088607595,
    76.07594936708861,
    82.63291139240506,
    86.07594936708861,
    88.44303797468355,
    89.39240506329114,
    90.44303797468355,
    91.39240506329114,
    91.89873417721519,
    93.64102564102564,
    94.32051282051282,
    94.7051282051282,
    95.42307692307692,
    95.7948717948718,
    96.01282051282051,
    96,
    96.28205128205128,
    96.57692307692308,
    96.67948717948718,
    96.83333333333333,
    96.98717948717949,
    96.91025641025641,
    97.21794871794872,
    96.97435897435898,
    96.88461538461539,
    97.34615384615384,
    97.37179487179488,
    97.44871794871794,
    97.64102564102564,
    97.75641025641026,
    97.67948717948718,
    97.82051282051282,
    97.73076923076923,
    97.71794871794872,
    97.7051282051282,
    97.75641025641026,
    97.78205128205128,
    97.75641025641026,
    97.73076923076923,
    97.92307692307692,
    97.98717948717949,
    97.98717948717949,
    98.07692307692308
  ],
  "num_gen": 50,
  "pop_size": 100,
  "recomb_rate": 1e-8,
  "roh_freq": [
    0,
    0,
    0.02713782077782149,
    0.011863424982214672,
    0.025115533079707358,
    0.03931864978678783,
    0.02036041443528669,
    0.04527884724020678,
    0.0420984778386493,
    0.03690967019599373,
    0.05098423291199913,
    0.059205660942255316,
    0.04977319777224104,
    0.05429131930038679,
    0.04687562097575822,
    0.07586238686519901,
    0.0914334694741772,
    0.09727547467016612,
    0.09244071511486317,
    0.08156237018159046,
    0.09348923309196078,
    0.0738197358143868,
    0.12930337473052647,
    0.1371991479314424,
    0.10193000003218781,
    0.13066046184861813,
    0.10630484377879228,
    0.11174384540030168,
    0.17432206527715363,
    0.14446762406270475,
    0.17978452776624304,
    0.14387221537269154,
    0.1693086070025392,
    0.16564322374643947,
    0.18998115740127944,
    0.1930577850281917,
    0.1747239469600531,
    0.19554142610989544,
    0.1860723940305448,
    0.1612301481035529,
    0.2063721200040464,
    0.20019652183683262,
    0.1592250932624028,
    0.1757314038841055,
    0.1826946632586861,
    0.1689281263448319,
    0.21799486234150242,
    0.19854389115346005,
    0.21934140369126387,
    0.21657025057046214
  ],
  "roh_len": [
    0,
    0,
    31208510,
    11182742,
    8936534,
    10796674,
    4743616,
    8795726,
    6517673,
    4509789,
    4871377,
    5261711,
    3424216,
    3502864,
    2198132,
    3082313,
    3683219,
    3304586,
    2836968,
    2489298,
    2354017,
    1615035,
    2661993,
    2696894,
    1881413,
    2072317,
    1640419,
    1539135,
    2274661,
    1752582,
    2024205,
    1523846,
    1708718,
    1502285,
    1680189,
    1614431,
    1321021,
    1433698,
    1302584,
    1120087,
    1303771,
    1259001,
    954866,
    1000748,
    999367,
    857132,
    1082332,
    955625,
    1076396,
    973802
  ],
  "runtime_genealogical_ancestors": 0.08740341,
  "runtime_genealogical_descendants": 0.10395157,
  "runtime_genetic_ancestors": 17.039017618,
  "runtime_genetic_descendants": 10.158362307,
  "seed": 1004,
  "segment_count": [
    22,
    101.51,
    157.48,
    216.35,
    273.59,
    330.15,
    384.15,
    440.94,
    497.13,
    556.34,
    612.64,
    671.85,
    728.38,
    783.64,
    840.77,
    899.47,
    954.48,
    1010.26,
    1071.64,
    1130.97,
    1187.53,
    1243.33,
    1302.56,
    1360.99,
    1413.57,
    1466.22,
    1528.26,
    1589.92,
    1652.34,
    1709.97,
    1769.79,
    1830.75,
    1889.39,
    1945.8,
    2002.5,
    2060.15,
    2111.96,
    2165.73,
    2222.91,
    2275.1,
    2336.52,
    2397.34,
    2451.92,
    2509.15,
    2568.92,
    2631.33,
    2689.34,
    2749.46,
    2803.63,
    2867.84
  ],
  "segment_len": [
    130681887,
    56644695,
    36512592,
    26577319,
    21016861,
    17416335,
    14968119,
    13040329,
    11566397,
    10335411,
    9385614,
    8558462,
    7894235,
    7337556,
    6838972,
    6392656,
    6024225,
    5691607,
    5365610,
    5084134,
    4841985,
    4624679,
    4414386,
    4224867,
    4067717,
    3921650,
    3762450,
    3616536,
    3479915,
    3362633,
    3248974,
    3140790,
    3043311,
    2955084,
    2871412,
    2791060,
    2722590,
    2654995,
    2586700,
    2527362,
    2460926,
    2398492,
    2345102,
    2291613,
    2238295,
    2185207,
    2138072,
    2091320,
    2050913,
    2004994
  ],
  "seq_len": 2875001522
}
