{
  "IAP": 19,
  "TMRCA": 11,
  "chrom_lengths": [
    248956422,
    242193529,
    198295559,
    190214555,
    181538259,
    170805979,
    159345973,
    145138636,
    138394717,
    133797422,
    135086622,
    133275309,
    114364328,
    107043718,
    101991189,
    90338345,
    83257441,
    80373285,
    58617616,
    64444167,
    46709983,
    50818468
  ],
  "genealogical_ancestors": [
    1,
    2,
    3.997,
    7.972,
    15.835,
    31.255,
    60.614,
    114.673,
    204.249,
    339.041,
    481.942,
    623.736,
    712.734,
    760.276,
    778.783,
    789.753,
    776.901,
    795.177,
    799.967,
    805,
    792,
    792,
    798,
    793,
    782,
    787,
    786,
    781,
    778,
    779,
    792,
    770,
    796,
    803,
    788,
    777,
    790,
    782,
    792,
    783,
    783,
    801,
    812,
    793,
    802,
    796,
    799,
    796,
    804,
    804
  ],
  "genealogical_descendants": [
    1,
    2.3337222870478413,
    4.9126691266912665,
    9.920298879202988,
    19.838345864661655,
    39.331234256926955,
    76.54098360655738,
    143.91803278688525,
    256.2824716267339,
    420.23833543505674,
    610.1462799495587,
    778.1891551071878,
    889.374527112232,
    949.8247162673392,
    979.3404791929382,
    991.4918032786885,
    996.1904161412358,
    998.3379571248423,
    999.3013871374527,
    999.7730138713745,
    999.9546027742749,
    999.998738965952,
    1000,
    1000,
    1000,
    1000,
    1000,
    1000,
    1000,
    1000,
    1000,
    1000,
    1000,
    1000,
    1000,
    1000,
    1000,
    1000,
    1000,
    1000,
    1000,
    1000,
    1000,
    1000,
    1000,
    1000,
    1000,
    1000,
    1000,
    1000
  ],
  "genetic_ancestors": [
    1,
    2,
    3.997,
    7.972,
    15.835,
    31.245,
    60.073,
    107.543,
    167.471,
    230.348,
    278.37,
    320.924,
    357.1,
    385.328,
    402.87,
    421.018,
    434.311,
    451.617,
    471.249,
    486.598,
    492.86,
    500.707,
    510.918,
    512.232,
    518.832,
    539.084,
    540.583,
    544.171,
    560.892,
    564.343,
    577.098,
    568.161,
    583.053,
    588.563,
    591.608,
    591.295,
    603.145,
    603.961,
    612.981,
    610.784,
    617.66,
    638.094,
    645.54,
    636.721,
    642.229,
    638.269,
    646.635,
    644.218,
    652.125,
    665.264
  ],
  "genetic_descendants": [
    1,
    2.3337222870478413,
    4.9126691266912665,
    9.920298879202988,
    19.838345864661655,
    39.313602015113354,
    75.8297604035309,
    135.08448928121058,
    210.9470365699874,
    287.45271122320304,
    352.0428751576293,
    404.21311475409834,
    444.56620428751575,
    477.8448928121059,
    505.59016393442624,
    530.0593434343434,
    552.0353982300885,
    570.3501896333755,
    586.2035398230089,
    601.9772439949431,
    616.0530973451328,
    629.3506329113924,
    641.7493670886076,
    653.4607594936709,
    663.7772151898735,
    674.1177215189873,
    684.1227848101266,
    693.2594936708861,
    702.8050632911393,
    710.4379746835443,
    718.5670886075949,
    725.6936708860759,
    732.9240506329114,
    739.4759493670886,
    746.446835443038,
    752.3481012658228,
    757.3215189873417,
    763.1898734177215,
    769.149556400507,
    774.0570342205323,
    779.1711026615969,
    784.6065989847716,
    790.8055908513342,
    794.569250317662,
    798.2935196950444,
    802.9390088945362,
    806.6404066073698,
    810.9110546378653,
    814.7522236340534,
    817.9517153748411
  ],
  "num_gen": 50,
  "pop_size": 1000,
  "recomb_rate": 1e-8,
  "roh_freq": [
    0,
    0,
    0.001999683505211028,
    0.0016262321822172587,
    0.000910594641417376,
    0.0020979571342293014,
    0.00344096331716655,
    0.002459846133257108,
    0.002492783207646594,
    0.0036635836500958905,
    0.00627009374084081,
    0.006065054370430347,
    0.0083975792629163,
    0.007691408326496183,
    0.007826426572583915,
    0.009596377601152449,
    0.005760838687653397,
    0.0077235373366177995,
    0.009930293808727939,
    0.010561925876434371,
    0.009077060993291537,
    0.009828279771950674,
    0.01282691017754529,
    0.01213569942207495,
    0.011442599783430655,
    0.011817463731067896,
    0.0123634205728257,
    0.015985792306651862,
    0.012683969158608328,
    0.014243867407942193,
    0.016053876132521922,
    0.014976299825416232,
    0.0181912221728556,
    0.017948980471183207,
    0.01885056427424041,
    0.01565648947889496,
    0.016696386950990977,
    0.01975375507888166,
    0.02068549974005892,
    0.01727180273645782,
    0.01988376356449108,
    0.023047601022452607,
    0.020907325333235076,
    0.019736402760067825,
    0.02299192281749338,
    0.026877310388429075,
    0.021249270058647293,
    0.02223818715077536,
    0.028719650499718936,
    0.02432286219429695
  ],
  "roh_len": [
    0,
    0,
    18022235,
    16290662,
    5896308,
    8779665,
    8572595,
    4212067,
    3090450,
    4194666,
    6100348,
    4615415,
    5408390,
    4404942,
    3374979,
    3934626,
    2041970,
    2579298,
    2956364,
    2707825,
    2146099,
    1940281,
    2611527,
    2092112,
    1824496,
    1849394,
    1725394,
    2056339,
    1519624,
    1650390,
    1703259,
    1482062,
    1663056,
    1665483,
    1520762,
    1232575,
    1240557,
    1365423,
    1300676,
    1062897,
    1229637,
    1362880,
    1178045,
    1058939,
    1130989,
    1279469,
    1009362,
    990500,
    1190716,
    989322
  ],
  "runtime_genealogical_ancestors": 7.702379468,
  "runtime_genealogical_descendants": 14.142996013,
  "runtime_genetic_ancestors": 151.595945947,
  "runtime_genetic_descendants": 86.974871225,
  "seed": 10006,
  "segment_count": [
    22,
    101.304,
    158.4,
    215.98,
    273.857,
    331.281,
    389.713,
    447.101,
    505.441,
    561.991,
    619.085,
    677.795,
    735.82,
    793.341,
    851.068,
    910.341,
    969.298,
    1025.802,
    1082.13,
    1137.813,
    1193.893,
    1252.651,
    1309,
    1365.386,
    1421.924,
    1479.215,
    1536.389,
    1592.218,
    1650.589,
    1708.039,
    1763.624,
    1820.829,
    1879.603,
    1937.259,
    1994.134,
    2051.662,
    2108.949,
    2167.171,
    2224.639,
    2283.444,
    2338.376,
    2397.351,
    2454.723,
    2511.976,
    2570.373,
    2628.004,
    2685.665,
    2745.871,
    2802.023,
    2859.375
  ],
  "segment_len": [
    130681887,
    56759881,
    36300524,
    26622849,
    20996370,
    17356875,
    14754455,
    12860635,
    11376210,
    10231485,
    9287905,
    8483395,
    7814415,
    7247832,
    6756220,
    6316317,
    5932131,
    5605373,
    5313597,
    5053557,
    4816179,
    4590267,
    4392668,
    4211265,
    4043818,
    3887198,
    3742543,
    3611316,
    3483606,
    3366435,
    3260333,
    3157903,
    3059158,
    2968112,
    2883458,
    2802607,
    2726477,
    2653229,
    2584690,
    2518127,
    2458972,
    2398481,
    2342424,
    2289035,
    2237030,
    2187973,
    2140997,
    2094054,
    2052089,
    2010930
  ],
  "seq_len": 2875001522
}
