{
  "IAP": 13,
  "TMRCA": 7,
  "chrom_lengths": [
    248956422,
    242193529,
    198295559,
    190214555,
    181538259,
    170805979,
    159345973,
    145138636,
    138394717,
    133797422,
    135086622,
    133275309,
    114364328,
    107043718,
    101991189,
    90338345,
    83257441,
    80373285,
    58617616,
    64444167,
    46709983,
    50818468
  ],
  "genealogical_ancestors": [
    1,
    2,
    3.95,
    7.71,
    14.59,
    25.15,
    38.93,
    53.02,
    65.83,
    73.4,
    78.06,
    81.81,
    84.95,
    80,
    83,
    84,
    79,
    73,
    76,
    78,
    81,
    77,
    77,
    75,
    75,
    75,
    80,
    70,
    77,
    75,
    79,
    84,
    80,
    85,
    84,
    81,
    83,
    80,
    84,
    85,
    79,
    78,
    79,
    81,
    76,
    81,
    82,
    80,
    78,
    84
  ],
  "genealogical_descendants": [
    1,
    2.3255813953488373,
    4.841463414634147,
    9.555555555555555,
    18.2,
    32.2,
    51.4,
    72.075,
    87.4,
    95.275,
    98.1375,
    99.4375,
    99.875,
    99.9875,
    100,
    100,
    100,
    100,
    100,
    100,
    100,
    100,
    100,
    100,
    100,
    100,
    100,
    100,
    100,
    100,
    100,
    100,
    100,
    100,
    100,
    100,
    100,
    100,
    100,
    100,
    100,
    100,
    100,
    100,
    100,
    100,
    100,
    100,
    100,
    100
  ],
  "genetic_ancestors": [
    1,
    2,
    3.95,
    7.71,
    14.59,
    25.14,
    38.66,
    51.62,
    61.61,
    68.27,
    72.39,
    74.47,
    77.56,
    75.37,
    77.05,
    79.77,
    72.88,
    69.94,
    70.15,
    72.85,
    77.21,
    75.81,
    75.57,
    73.27,
    71.32,
    71.58,
    77.66,
    69.69,
    75.87,
    73.94,
    76.03,
    83.04,
    78.57,
    82.43,
    81.33,
    76.6,
    81.08,
    77.89,
    82.74,
    83.34,
    76.6,
    76.82,
    77.46,
    77.79,
    75.05,
    79.37,
    80.94,
    77.81,
    77.2,
    81.25
  ],
  "genetic_descendants": [
    1,
    2.3255813953488373,
    4.841463414634147,
    9.555555555555555,
    18.2,
    32.1875,
    51.15,
    70.0625,
    82.8375,
    89.35,
    92.85,
    94.55,
    95.375,
    96.1875,
    96.65,
    97.2,
    97.3125,
    97.6625,
    98.1625,
    98.5125,
    98.45,
    98.7125,
    98.8375,
    98.7125,
    98.7875,
    99.025,
    99.025,
    99.125,
    98.9875,
    99.1125,
    99.0375,
    99.125,
    99.2125,
    99.2,
    99.35,
    99.475,
    99.4875,
    99.45,
    99.45,
    99.475,
    99.4125,
    99.1375,
    99.075,
    99.125,
    98.975,
    99.1625,
    99.175,
    99.1625,
    99.275,
    99.3
  ],
  "num_gen": 50,
  "pop_size": 100,
  "recomb_rate": 1e-8,
  "roh_freq": [
    0,
    0,
    0.0096408668196872,
    0.008842430028459651,
    0.02224045555131362,
    0.010740197722928372,
    0.032294804649498195,
    0.033780618722051584,
    0.028317800967063277,
    0.02597958487967715,
    0.0730978695426235,
    0.047759933171958854,
    0.05341071449352784,
    0.04650423128019478,
    0.058517456802236786,
    0.07365464359569825,
    0.07316708443815564,
    0.07275103833492857,
    0.08532483383151405,
    0.09056895563271287,
    0.10875181138425846,
    0.09092260001245314,
    0.0967182057756142,
    0.14591486255567973,
    0.10601289801682406,
    0.12820316977557414,
    0.1082831823766944,
    0.12039921957996098,
    0.13341898921262554,
    0.15371352794017754,
    0.16672558349692587,
    0.14314469798391988,
    0.15556956733673688,
    0.20954225060406767,
    0.14916451447708137,
    0.1641321344977013,
    0.20119177314299871,
    0.17816229916068893,
    0.17675071255492714,
    0.18562930864771904,
    0.1800420179986256,
    0.18928006713243056,
    0.15893197463496858,
    0.2032744620682674,
    0.19459948975637448,
    0.20859543925138835,
    0.24395993048799508,
    0.24666924081718797,
    0.23897700035721928,
    0.23567062419802084
  ],
  "roh_len": [
    0,
    0,
    19657806,
    14045303,
    12917443,
    4964322,
    9483923,
    5882454,
    4612675,
    3440412,
    7148179,
    3300718,
    3694799,
    2832021,
    3120136,
    3104034,
    3028440,
    2434633,
    2770288,
    2477270,
    2653497,
    2061209,
    2079768,
    2739001,
    1913290,
    2117205,
    1749939,
    1810586,
    1726437,
    2024400,
    1896183,
    1672252,
    1668268,
    2059041,
    1380575,
    1450555,
    1665495,
    1423971,
    1408382,
    1349153,
    1314860,
    1292835,
    1004594,
    1260247,
    1152769,
    1162458,
    1312914,
    1274645,
    1182464,
    1115773
  ],
  "runtime_genealogical_ancestors": 0.08231872,
  "runtime_genealogical_descendants": 0.094411563,
  "runtime_genetic_ancestors": 17.455250011,
  "runtime_genetic_descendants": 10.26761777,
  "seed": 1007,
  "segment_count": [
    22,
    101.51,
    159.38,
    217.1,
    275.34,
    332.44,
    388.14,
    443.98,
    497.47,
    553.61,
    610.93,
    663.18,
    721.61,
    774.89,
    832.42,
    888.81,
    943.43,
    1008.82,
    1071.49,
    1132.46,
    1195.78,
    1254.86,
    1311.62,
    1364.41,
    1416.71,
    1479.87,
    1529.5,
    1586.62,
    1642.75,
    1705.75,
    1766.1,
    1817.99,
    1876.78,
    1939.11,
    1994.36,
    2052.72,
    2105.64,
    2167.62,
    2223.65,
    2281.5,
    2330.08,
    2386.67,
    2447.91,
    2505.55,
    2569.72,
    2625.9,
    2689.78,
    2748.35,
    2803.05,
    2866.46
  ],
  "segment_len": [
    130681887,
    56644695,
    36077318,
    26485504,
    20883282,
    17296363,
    14814250,
    12951040,
    11558492,
    10386378,
    9411885,
    8670350,
    7968297,
    7420411,
    6907574,
    6469327,
    6094785,
    5699731,
    5366361,
    5077444,
    4808579,
    4582186,
    4383893,
    4214277,
    4058701,
    3885478,
    3759400,
    3624058,
    3500230,
    3370952,
    3255763,
    3162835,
    3063759,
    2965279,
    2883131,
    2801162,
    2730762,
    2652680,
    2585839,
    2520273,
    2467727,
    2409215,
    2348943,
    2294906,
    2237599,
    2189726,
    2137722,
    2092165,
    2051338,
    2005959
  ],
  "seq_len": 2875001522
}
