{
  "IAP": 16,
  "TMRCA": 7,
  "chrom_lengths": [
    248956422,
    242193529,
    198295559,
    190214555,
    181538259,
    170805979,
    159345973,
    145138636,
    138394717,
    133797422,
    135086622,
    133275309,
    114364328,
    107043718,
    101991189,
    90338345,
    83257441,
    80373285,
    58617616,
    64444167,
    46709983,
    50818468
  ],
  "genealogical_ancestors": [
    1,
    2,
    3.98,
    7.64,
    14.4,
    25.2,
    41.33,
    55.71,
    69.6,
    79.11,
    82.27,
    79.44,
    82.61,
    76.71,
    68.72,
    73.72,
    78,
    73,
    77,
    80,
    82,
    85,
    83,
    84,
    84,
    83,
    83,
    81,
    77,
    85,
    82,
    79,
    81,
    79,
    79,
    73,
    71,
    75,
    78,
    82,
    78,
    76,
    78,
    83,
    83,
    87,
    82,
    80,
    81,
    82,
    77,
    77,
    80,
    78,
    78,
    78,
    78,
    76,
    84,
    78,
    80,
    81,
    77,
    74,
    73,
    73,
    81,
    79,
    76,
    81,
    83,
    80,
    81,
    81,
    79,
    82,
    83,
    76,
    77,
    77,
    80,
    79,
    80,
    73,
    76,
    78,
    84,
    81,
    80,
    81,
    78,
    80,
    81,
    83,
    83,
    85,
    83,
    87,
    82,
    81
  ],
  "genealogical_descendants": [
    1,
    2.247191011235955,
    4.604651162790698,
    9.451219512195122,
    17.51219512195122,
    30.28395061728395,
    47.45,
    65.6375,
    79.6,
    87.8875,
    92.3,
    95.725,
    98.2375,
    99.6375,
    99.9625,
    100,
    100,
    100,
    100,
    100,
    100,
    100,
    100,
    100,
    100,
    100,
    100,
    100,
    100,
    100,
    100,
    100,
    100,
    100,
    100,
    100,
    100,
    100,
    100,
    100,
    100,
    100,
    100,
    100,
    100,
    100,
    100,
    100,
    100,
    100,
    100,
    100,
    100,
    100,
    100,
    100,
    100,
    100,
    100,
    100,
    100,
    100,
    100,
    100,
    100,
    100,
    100,
    100,
    100,
    100,
    100,
    100,
    100,
    100,
    100,
    100,
    100,
    100,
    100,
    100,
    100,
    100,
    100,
    100,
    100,
    100,
    100,
    100,
    100,
    100,
    100,
    100,
    100,
    100,
    100,
    100,
    100,
    100,
    100,
    100
  ],
  "genetic_ancestors": [
    1,
    2,
    3.98,
    7.64,
    14.4,
    25.2,
    41.1,
    54.14,
    65.3,
    73.54,
    75.47,
    72.66,
    76.51,
    73.89,
    66.79,
    70.9,
    73.77,
    69.76,
    73.29,
    77.08,
    78.01,
    81.09,
    81.43,
    83.09,
    82.81,
    80.76,
    80.64,
    77.55,
    74.22,
    82.14,
    78.63,
    75.73,
    80.36,
    78.44,
    77.59,
    71.95,
    69.18,
    72.11,
    74.16,
    80.25,
    76.16,
    74.98,
    77.18,
    81.16,
    81.69,
    84.29,
    80.53,
    78.87,
    80.38,
    81.19,
    75.93,
    75.96,
    79.97,
    77.96,
    77.85,
    77.72,
    76.72,
    74.78,
    83.93,
    77.93,
    79.52,
    80.17,
    76.56,
    73.25,
    72.64,
    72.33,
    79.58,
    78.59,
    75.18,
    79.45,
    80.07,
    78.72,
    80.77,
    79.62,
    77.98,
    79.52,
    81.02,
    73.66,
    75.02,
    74.99,
    79.93,
    78.91,
    79.91,
    72.25,
    73.67,
    74.89,
    79.38,
    78.89,
    78.8,
    78.91,
    77.26,
    79.82,
    80.7,
    82.62,
    82.19,
    84.24,
    81.68,
    85.82,
    81.95,
    79.66
  ],
  "genetic_descendants": [
    1,
    2.247191011235955,
    4.604651162790698,
    9.451219512195122,
    17.51219512195122,
    30.28395061728395,
    47.0875,
    63.675,
    74.7125,
    81.525,
    84.3,
    87.24050632911393,
    88.50632911392405,
    89.30379746835443,
    90.22784810126582,
    90.72151898734177,
    91.21518987341773,
    91.70886075949367,
    92.11392405063292,
    92.18987341772151,
    92.36708860759494,
    92.92405063291139,
    92.9493670886076,
    93.27848101265823,
    93.20253164556962,
    93.73417721518987,
    93.89873417721519,
    93.84810126582279,
    93.92405063291139,
    94.17721518987342,
    94.10126582278481,
    94.17721518987342,
    94.15189873417721,
    94,
    94.48101265822785,
    94.62025316455696,
    94.88607594936708,
    95.07594936708861,
    95.25316455696202,
    95.07594936708861,
    95.31645569620254,
    95.39240506329114,
    95.32911392405063,
    95.15189873417721,
    95.24050632911393,
    94.9873417721519,
    95,
    95.18987341772151,
    96.38461538461539,
    96.2948717948718,
    96.41025641025641,
    96.58974358974359,
    96.6923076923077,
    96.64102564102564,
    96.6025641025641,
    96.6025641025641,
    96.76923076923077,
    96.55128205128206,
    96.71794871794872,
    96.35897435897436,
    96.44871794871794,
    96.6025641025641,
    96.52564102564102,
    96.44871794871794,
    96.5,
    96.38461538461539,
    96.57692307692308,
    96.58974358974359,
    96.53846153846153,
    96.57692307692308,
    96.6923076923077,
    96.44871794871794,
    97.77922077922078,
    97.84415584415585,
    97.83116883116882,
    97.77922077922078,
    97.85714285714286,
    97.8051948051948,
    97.96103896103897,
    97.96103896103897,
    98.06493506493507,
    98,
    98.05194805194805,
    98.05194805194805,
    98.2987012987013,
    98.32467532467533,
    98.36363636363636,
    98.44155844155844,
    98.41558441558442,
    98.18181818181819,
    98.18181818181819,
    98.25974025974025,
    98.23376623376623,
    98.15584415584415,
    98.15584415584415,
    97.8961038961039,
    97.94805194805195,
    97.83116883116882,
    97.94805194805195,
    97.9090909090909
  ],
  "num_gen": 100,
  "pop_size": 100,
  "recomb_rate": 1e-8,