{
  "IAP": 13,
  "TMRCA": 6,
  "chrom_lengths": [
    248956422,
    242193529,
    198295559,
    190214555,
    181538259,
    170805979,
    159345973,
    145138636,
    138394717,
    133797422,
    135086622,
    133275309,
    114364328,
    107043718,
    101991189,
    90338345,
    83257441,
    80373285,
    58617616,
    64444167,
    46709983,
    50818468
  ],
  "genealogical_ancestors": [
    1,
    2,
    3.97,
    7.77,
    14.26,
    25.01,
    38.78,
    55.49,
    70.8,
    74.45,
    75.75,
    77.58,
    75.99,
    77,
    80,
    80,
    78,
    77,
    74,
    79,
    78,
    79,
    79,
    79,
    83,
    84,
    82,
    79,
    85,
    82,
    82,
    82,
    78,
    78,
    75,
    79,
    77,
    88,
    87,
    82,
    85,
    78,
    76,
    79,
    83,
    81,
    80,
    83,
    76,
    82
  ],
  "genealogical_descendants": [
    1,
    2.272727272727273,
    4.670588235294118,
    9.166666666666666,
    17.548780487804876,
    30.841463414634145,
    49.34146341463415,
    68.0609756097561,
    83.64634146341463,
    92.41463414634147,
    97.20731707317073,
    98.90243902439025,
    99.6951219512195,
    99.95121951219512,
    99.98780487804878,
    100,
    100,
    100,
    100,
    100,
    100,
    100,
    100,
    100,
    100,
    100,
    100,
    100,
    100,
    100,
    100,
    100,
    100,
    100,
    100,
    100,
    100,
    100,
    100,
    100,
    100,
    100,
    100,
    100,
    100,
    100,
    100,
    100,
    100,
    100
  ],
  "genetic_ancestors": [
    1,
    2,
    3.97,
    7.77,
    14.26,
    25,
    38.6,
    54.08,
    66.52,
    68.8,
    69.94,
    72.24,
    71.96,
    74.26,
    77.65,
    75.7,
    74.6,
    73.74,
    72.32,
    75.77,
    76.61,
    75.07,
    73.97,
    75.47,
    79.23,
    82.16,
    81.06,
    76.2,
    79.9,
    78.52,
    78.87,
    77.79,
    77.38,
    76.76,
    74.58,
    77.23,
    76.55,
    86.67,
    84.95,
    79.58,
    82.58,
    76.43,
    73.75,
    77.74,
    81.81,
    78.85,
    76.81,
    81.84,
    75.73,
    80.8
  ],
  "genetic_descendants": [
    1,
    2.272727272727273,
    4.670588235294118,
    9.166666666666666,
    17.548780487804876,
    30.841463414634145,
    48.97560975609756,
    65.86585365853658,
    77.91463414634147,
    84.84146341463415,
    89.54878048780488,
    92.1829268292683,
    93.48780487804878,
    94.6951219512195,
    95.01219512195122,
    95.89024390243902,
    96.52439024390245,
    96.39024390243902,
    96.64634146341463,
    96.84146341463415,
    97.20731707317073,
    97.36585365853658,
    97.6219512195122,
    97.6951219512195,
    98.02439024390245,
    98.28048780487805,
    98.07317073170732,
    98.1829268292683,
    98.54878048780488,
    98.3780487804878,
    98.48780487804878,
    98.36585365853658,
    98.26829268292683,
    98.3170731707317,
    98.3048780487805,
    98.40243902439025,
    98.3170731707317,
    98.41463414634147,
    98.53658536585365,
    98.6219512195122,
    98.51219512195122,
    98.70731707317073,
    98.52439024390245,
    98.53658536585365,
    98.57317073170732,
    98.58536585365853,
    98.54878048780488,
    98.52439024390245,
    98.45121951219512,
    98.47560975609755
  ],
  "num_gen": 50,
  "pop_size": 100,
  "recomb_rate": 1e-8,
  "roh_freq": [
    0,
    0,
    0.006120476972046625,
    0.018718381221086534,
    0.019012766988719527,
    0.010878255100276778,
    0.03736678462878393,
    0.04440871347823933,
    0.02756410456954186,
    0.036213005917845216,
    0.03711492666472404,
    0.05083003246841412,
    0.047623651494539974,
    0.05797082456640175,
    0.05785480371651783,
    0.0680389073581854,
    0.08139521053443115,
    0.08169343894350815,
    0.07057691255719621,
    0.0896077559746071,
    0.10421737772213951,
    0.08181737395963716,
    0.11855336475887959,
    0.08995372046971736,
    0.12674036120040705,
    0.11250850888071286,
    0.12217103897936649,
    0.138976310712367,
    0.13152390633760505,
    0.15714849933216835,
    0.14242902739583316,
    0.13533782977593845,
    0.17552561297044073,
    0.11105309846858578,
    0.17568136724624664,
    0.16355543867430342,
    0.12437310501013363,
    0.14497881167034735,
    0.14172033313100973,
    0.1821264134099474,
    0.17787588301318472,
    0.19689595975107801,
    0.1743169737355012,
    0.1770633673424539,
    0.15939825526116713,
    0.2005913854051866,
    0.19450892157127697,
    0.20913574220013925,
    0.1783925170701179,
    0.21718124627135416
  ],
  "roh_len": [
    0,
    0,
    9668340,
    14466498,
    11960992,
    4606038,
    9687066,
    7541353,
    4375860,
    4623110,
    3816361,
    4207786,
    2935636,
    3605932,
    2927360,
    3296460,
    3327333,
    2806078,
    2336850,
    2538402,
    2503970,
    1821755,
    2441730,
    1712128,
    2175525,
    1859512,
    1800040,
    1971563,
    1716516,
    1944657,
    1703555,
    1525689,
    1860273,
    1102288,
    1624117,
    1454895,
    1016062,
    1137190,
    1026959,
    1301032,
    1240734,
    1290937,
    1083545,
    1051402,
    904474,
    1097077,
    1051765,
    1060077,
    894654,
    1015922
  ],
  "runtime_genealogical_ancestors": 0.096680578,
  "runtime_genealogical_descendants": 0.088169005,
  "runtime_genetic_ancestors": 16.693729266,
  "runtime_genetic_descendants": 10.360439414,
  "seed": 10001,
  "segment_count": [
    22,
    101.51,
    160.24,
    216.59,
    274.55,
    334.26,
    388.05,
    443.59,
    500.02,
    562.04,
    618.3,
    677.66,
    736.06,
    794.4,
    853.2,
    905.28,
    960.98,
    1021.84,
    1081.48,
    1142.4,
    1197.21,
    1256.58,
    1313.74,
    1367.14,
    1434.52,
    1485.67,
    1538.53,
    1593.78,
    1650.92,
    1706.14,
    1769.53,
    1826.5,
    1882.4,
    1934.13,
    1997.73,
    2049.23,
    2101.87,
    2162.61,
    2215.75,
    2270.28,
    2331.41,
    2379.19,
    2437.16,
    2499.54,
    2559.55,
    2612.08,
    2665.17,
    2728.43,
    2789.48,
    2849.57
  ],
  "segment_len": [
    130681887,
    56644695,
    35883693,
    26547869,
    20943372,
    17202187,
    14817685,
    12962427,
    11499546,
    10230593,
    9299697,
    8485085,
    7811867,
    7238171,
    6739337,
    6351629,
    5983478,
    5627107,
    5316790,
    5033265,
    4802835,
    4575914,
    4376819,
    4205862,
    4008311,
    3870309,
    3737335,
    3607777,
    3482908,
    3370182,
    3249452,
    3148099,
    3054612,
    2972914,
    2878268,
    2805933,
    2735660,
    2658825,
    2595059,
    2532728,
    2466319,
    2416790,
    2359304,
    2300424,
    2246489,
    2201311,
    2157462,
    2107440,
    2061317,
    2017849
  ],
  "seq_len": 2875001522
}
