{
  "IAP": 14,
  "TMRCA": 7,
  "chrom_lengths": [
    248956422,
    242193529,
    198295559,
    190214555,
    181538259,
    170805979,
    159345973,
    145138636,
    138394717,
    133797422,
    135086622,
    133275309,
    114364328,
    107043718,
    101991189,
    90338345,
    83257441,
    80373285,
    58617616,
    64444167,
    46709983,
    50818468
  ],
  "genealogical_ancestors": [
    1,
    2,
    3.96,
    7.71,
    14.45,
    24.32,
    38.89,
    54,
    63.53,
    69.42,
    76.5,
    72.07,
    80.25,
    83.3,
    78,
    78,
    79,
    84,
    82,
    84,
    78,
    82,
    82,
    79,
    78,
    78,
    79,
    82,
    86,
    84,
    84,
    84,
    84,
    80,
    79,
    81,
    80,
    82,
    83,
    82,
    80,
    72,
    77,
    71,
    75,
    81,
    83,
    82,
    78,
    84
  ],
  "genealogical_descendants": [
    1,
    2.2222222222222223,
    4.593023255813954,
    8.964705882352941,
    17.13095238095238,
    30.023809523809526,
    48,
    66.1547619047619,
    80.17857142857143,
    89.3452380952381,
    94.71428571428571,
    97.92857142857143,
    99.36904761904762,
    99.95238095238095,
    100,
    100,
    100,
    100,
    100,
    100,
    100,
    100,
    100,
    100,
    100,
    100,
    100,
    100,
    100,
    100,
    100,
    100,
    100,
    100,
    100,
    100,
    100,
    100,
    100,
    100,
    100,
    100,
    100,
    100,
    100,
    100,
    100,
    100,
    100,
    100
  ],
  "genetic_ancestors": [
    1,
    2,
    3.96,
    7.71,
    14.45,
    24.32,
    38.67,
    52.44,
    59.93,
    64.17,
    70.17,
    67.38,
    73.2,
    78.29,
    73.24,
    71.67,
    70.39,
    73.84,
    76.55,
    79.47,
    74.12,
    77.46,
    79.89,
    77.89,
    76.9,
    76.72,
    76.58,
    77.73,
    82.69,
    79.7,
    79.76,
    79.82,
    82.49,
    78.65,
    76.6,
    80.04,
    77.5,
    79.36,
    80.66,
    79.29,
    77.23,
    70.26,
    75.07,
    69.13,
    74.04,
    79.99,
    81.37,
    80.71,
    76.76,
    82.79
  ],
  "genetic_descendants": [
    1,
    2.2222222222222223,
    4.593023255813954,
    8.964705882352941,
    17.13095238095238,
    30,
    47.714285714285715,
    64.47619047619048,
    75.51190476190476,
    81.94047619047619,
    85.57142857142857,
    87.55952380952381,
    89.25,
    90.19047619047619,
    91.02380952380952,
    91.51190476190476,
    92.07142857142857,
    92.75,
    93.38095238095238,
    93.77380952380952,
    93.83333333333333,
    94.13095238095238,
    94.44047619047619,
    94.21428571428571,
    94.61904761904762,
    94.83333333333333,
    95,
    95.20238095238095,
    95.32142857142857,
    95.38095238095238,
    96.8433734939759,
    96.62650602409639,
    96.93975903614458,
    97,
    97.144578313253,
    97.39759036144578,
    97.66265060240964,
    97.55421686746988,
    97.65060240963855,
    97.75903614457832,
    97.81927710843374,
    97.855421686747,
    97.78313253012048,
    97.98795180722891,
    98.12048192771084,
    98.36144578313252,
    98.39759036144578,
    98.08433734939759,
    98.40963855421687,
    98.21686746987952
  ],
  "num_gen": 50,
  "pop_size": 100,
  "recomb_rate": 1e-8,
  "roh_freq": [
    0,
    0,
    0.015480141401469492,
    0.017980494721282447,
    0.007639748112105521,
    0.02370014163422067,
    0.02205733070912788,
    0.03045498831913314,
    0.045751003675468666,
    0.046394511661757655,
    0.03653116187115535,
    0.057617793556771546,
    0.05967002253642634,
    0.06347522493242005,
    0.08317318567666483,
    0.055945689019360464,
    0.0889932671903469,
    0.09075710042702372,
    0.08271513594697846,
    0.10796261912378911,
    0.0955273669069035,
    0.10869399502877898,
    0.09674604030696579,
    0.12799989703101103,
    0.11041397943997332,
    0.1294646372190686,
    0.12840287764898095,
    0.11578455341422947,
    0.10980708507256226,
    0.15972892083568085,
    0.11921895929347616,
    0.15898864519975026,
    0.14001447011060053,
    0.1717427308826308,
    0.16350016531921682,
    0.13914459894675493,
    0.14744345855688906,
    0.13667433490840428,
    0.17117721874374717,
    0.16344351371094684,
    0.15007694126709406,
    0.18119997109691965,
    0.16853904705167666,
    0.18724230463207384,
    0.17450076587820326,
    0.23628634745119273,
    0.21526638895810643,
    0.19552508275159097,
    0.2304323432250343,
    0.23463490567849518
  ],
  "roh_len": [
    0,
    0,
    24725238,
    13288933,
    6118185,
    7769434,
    6530881,
    6573433,
    5914307,
    5484551,
    3364098,
    4307104,
    3945524,
    3583883,
    4198086,
    2259678,
    3569914,
    3180095,
    2602102,
    3254956,
    2547693,
    2639319,
    2077259,
    2569652,
    1911485,
    1962413,
    1902192,
    1627062,
    1479083,
    1923599,
    1324195,
    1606313,
    1433247,
    1658528,
    1410753,
    1175519,
    1223341,
    1065943,
    1236581,
    1163609,
    978237,
    1130239,
    1020083,
    1107635,
    994292,
    1262988,
    1104788,
    975251,
    1119303,
    1092164
  ],
  "runtime_genealogical_ancestors": 0.075427386,
  "runtime_genealogical_descendants": 0.088435811,
  "runtime_genetic_ancestors": 16.934520331,
  "runtime_genetic_descendants": 10.380434013,
  "seed": 1006,
  "segment_count": [
    22,
    101.51,
    158.89,
    217.6,
    275.05,
    332.32,
    386.35,
    444.67,
    500.54,
    556.97,
    612.93,
    670.8,
    727.22,
    781.16,
    835.99,
    895.45,
    948.2,
    1004.4,
    1059.68,
    1117.97,
    1178.28,
    1233.84,
    1290.82,
    1341.78,
    1395.55,
    1451.97,
    1510.71,
    1566.55,
    1630.45,
    1682.05,
    1741.23,
    1802.32,
    1871.15,
    1929.23,
    1987.14,
    2038.28,
    2096.07,
    2145.08,
    2204.69,
    2266.39,
    2319.25,
    2376.21,
    2436.31,
    2497.05,
    2560.26,
    2614.79,
    2681.16,
    2743.02,
    2796.65,
    2854.19
  ],
  "segment_len": [
    130681887,
    56644695,
    36188577,
    26424646,
    20905301,
    17302609,
    14882886,
    12930944,
    11487599,
    10323721,
    9381174,
    8571859,
    7906827,
    7360851,
    6878076,
    6421355,
    6064124,
    5724813,
    5426169,
    5143253,
    4879997,
    4660250,
    4454535,
    4285354,
    4120241,
    3960139,
    3806159,
    3670488,
    3526635,
    3418449,
    3302265,
    3190334,
    3072978,
    2980465,
    2893607,
    2821007,
    2743230,
    2680554,
    2608077,
    2537075,
    2479251,
    2419821,
    2360127,
    2302718,
    2245866,
    2199030,
    2144595,
    2096230,
    2056032,
    2014583
  ],
  "seq_len": 2875001522
}
