{
  "IAP": 19,
  "TMRCA": 11,
  "chrom_lengths": [
    248956422,
    242193529,
    198295559,
    190214555,
    181538259,
    170805979,
    159345973,
    145138636,
    138394717,
    133797422,
    135086622,
    133275309,
    114364328,
    107043718,
    101991189,
    90338345,
    83257441,
    80373285,
    58617616,
    64444167,
    46709983,
    50818468
  ],
  "genealogical_ancestors": [
    1,
    2,
    3.998,
    7.972,
    15.832,
    31.176,
    60.582,
    114.452,
    206.511,
    340.91,
    498.414,
    622.824,
    714.056,
    760.42,
    786.005,
    799.173,
    798.47,
    802.914,
    794.199,
    795,
    796,
    802,
    803,
    796,
    788,
    797,
    787,
    793,
    785,
    797,
    786,
    780,
    806,
    802,
    775,
    792,
    792,
    781,
    806,
    796,
    779,
    784,
    773,
    789,
    772,
    775,
    808,
    808,
    815,
    804
  ],
  "genealogical_descendants": [
    1,
    2.3391812865497075,
    4.990012484394507,
    10.109137055837563,
    20.293966623876766,
    40.233548387096775,
    78.46183699870635,
    147.67011642949547,
    263.8447606727037,
    432.52652005174645,
    626.8796895213454,
    794.0478654592497,
    900.4734799482536,
    954.0659767141009,
    978.3350582147477,
    989.811125485123,
    995.8020698576972,
    998.6131953428202,
    999.6817593790427,
    999.9586028460543,
    999.9987063389392,
    1000,
    1000,
    1000,
    1000,
    1000,
    1000,
    1000,
    1000,
    1000,
    1000,
    1000,
    1000,
    1000,
    1000,
    1000,
    1000,
    1000,
    1000,
    1000,
    1000,
    1000,
    1000,
    1000,
    1000,
    1000,
    1000,
    1000,
    1000,
    1000
  ],
  "genetic_ancestors": [
    1,
    2,
    3.998,
    7.972,
    15.832,
    31.163,
    60.015,
    107.434,
    169.342,
    231.08,
    284.486,
    322.757,
    354.35,
    381.581,
    404.683,
    424.954,
    443.311,
    460.736,
    472.62,
    483.139,
    497.606,
    510.399,
    521.275,
    521.517,
    528.874,
    537.519,
    541.911,
    551.406,
    557.602,
    565.97,
    563.746,
    573.137,
    592.745,
    593.772,
    584.55,
    594.119,
    603.804,
    604.162,
    626.821,
    621.871,
    617.76,
    625.847,
    622.959,
    630.95,
    621.78,
    633.802,
    654.252,
    653.428,
    660.896,
    647.923
  ],
  "genetic_descendants": [
    1,
    2.3391812865497075,
    4.990012484394507,
    10.109137055837563,
    20.29268292682927,
    40.21677419354839,
    77.67011642949547,
    138.52781371280724,
    216.46442432082793,
    294.84217335058213,
    361.66235446313067,
    416.01552393272965,
    458.3893919793014,
    492.15673575129534,
    520.0673575129533,
    544.7176165803108,
    566.1476683937824,
    585,
    603.84046692607,
    619.6679636835279,
    633.981841763943,
    647.822308690013,
    660.212987012987,
    672.8701298701299,
    683.9558441558441,
    694.4233766233766,
    704.2415584415585,
    713.6207792207792,
    722.966189856957,
    731.7698309492848,
    739.9348958333334,
    747.1875,
    754.4765625,
    760.828125,
    767.3502604166666,
    773.5729166666666,
    779.21484375,
    785.6953125,
    790.0846354166666,
    795.80078125,
    801.9726205997392,
    807.1044386422976,
    811.1344647519583,
    815.6736292428199,
    820.056135770235,
    823.3446475195823,
    826.8524804177546,
    830.1096605744125,
    833.4412532637076,
    836.7297650130548
  ],
  "num_gen": 50,
  "pop_size": 1000,
  "recomb_rate": 1e-8,
  "roh_freq": [
    0,
    0,
    0.000361126202562059,
    0.0023052283559799797,
    0.001467191775977084,
    0.0029319166621296837,
    0.0017850171903317693,
    0.0031867930865046683,
    0.004829180571125973,
    0.005140063607242848,
    0.004496541272787542,
    0.004689060145130594,
    0.005920275983074767,
    0.0062156600868749036,
    0.008471048065066033,
    0.008326313249513473,
    0.008067113582209783,
    0.008296847247025561,
    0.011470056583503958,
    0.012957949357217766,
    0.00920471464675628,
    0.009951405611812403,
    0.00957669219313895,
    0.011361156115937528,
    0.01076636281133767,
    0.010619320582745765,
    0.011726715960326367,
    0.011387749648641752,
    0.013315426725189749,
    0.01582988235440663,
    0.013075533844186953,
    0.016893587770420666,
    0.014356908352273214,
    0.016833930273655,
    0.019129990691531887,
    0.0181487243543101,
    0.014565744060152187,
    0.018608095670427264,
    0.0212364901767172,
    0.023063447531628818,
    0.0221847392468963,
    0.01623928689349751,
    0.020072302575288865,
    0.02124311582225312,
    0.023545729186573973,
    0.021068668882255986,
    0.026676275848941968,
    0.0228029538319667,
    0.02384672165610074,
    0.02632164143946495
  ],
  "roh_len": [
    0,
    0,
    10814983,
    18108019,
    8303501,
    11739923,
    5396348,
    6305598,
    7334337,
    5934815,
    4156772,
    3758309,
    3850860,
    3654403,
    4004320,
    3864110,
    2939539,
    2691047,
    3307897,
    3284616,
    2328924,
    2088953,
    2075456,
    2148479,
    1838519,
    1694730,
    1630286,
    1484394,
    1576878,
    1793322,
    1417235,
    1780000,
    1378812,
    1592601,
    1683978,
    1460371,
    1158891,
    1342020,
    1463761,
    1501017,
    1338141,
    955526,
    1065114,
    1134276,
    1196281,
    1050164,
    1210529,
    1029790,
    1029265,
    1123988
  ],
  "runtime_genealogical_ancestors": 6.266971525,
  "runtime_genealogical_descendants": 8.603628611,
  "runtime_genetic_ancestors": 158.050213091,
  "runtime_genetic_descendants": 85.846655466,
  "seed": 10001,
  "segment_count": [
    22,
    101.304,
    159.037,
    216.304,
    273.489,
    329.88,
    387.757,
    445.398,
    503.367,
    560.441,
    618.809,
    677.706,
    735.991,
    793.588,
    850.942,
    908.873,
    967.353,
    1023.447,
    1083.137,
    1140.526,
    1197.098,
    1254.394,
    1309.715,
    1366.207,
    1424.983,
    1482.343,
    1538.591,
    1596.329,
    1654.298,
    1712.336,
    1767.633,
    1823.721,
    1881.231,
    1937.409,
    1995.349,
    2054.259,
    2111.424,
    2172.516,
    2229.129,
    2287.174,
    2346.547,
    2401.969,
    2458.584,
    2516.098,
    2573.01,
    2628.803,
    2686.651,
    2742.736,
    2799.65,
    2858.722
  ],
  "segment_len": [
    130681887,
    56759881,
    36155127,
    26582971,
    21024622,
    17430590,
    14828882,
    12909808,
    11423083,
    10259782,
    9292048,
    8484509,
    7812599,
    7245577,
    6757220,
    6326519,
    5944058,
    5618271,
    5308657,
    5041536,
    4803285,
    4583889,
    4390270,
    4208734,
    4035137,
    3878996,
    3737187,
    3602016,
    3475796,
    3357987,
    3252939,
    3152896,
    3056510,
    2967882,
    2881702,
    2799064,
    2723282,
    2646702,
    2579484,
    2514020,
    2450410,
    2393870,
    2338745,
    2285285,
    2234737,
    2187308,
    2140212,
    2096447,
    2053829,
    2011389
  ],
  "seq_len": 2875001522
}
