{
  "IAP": 17,
  "TMRCA": 8,
  "chrom_lengths": [
    248956422,
    242193529,
    198295559,
    190214555,
    181538259,
    170805979,
    159345973,
    145138636,
    138394717,
    133797422,
    135086622,
    133275309,
    114364328,
    107043718,
    101991189,
    90338345,
    83257441,
    80373285,
    58617616,
    64444167,
    46709983,
    50818468
  ],
  "genealogical_ancestors": [
    1,
    2,
    3.988,
    7.852,
    15.336,
    29.116,
    52.08,
    86.232,
    123.1,
    155.648,
    175.572,
    184.456,
    198.184,
    202.056,
    195.844,
    204.972,
    202.988,
    202,
    203,
    201,
    207,
    195,
    198,
    205,
    208,
    208,
    206,
    199,
    202,
    201,
    201,
    202,
    202,
    196,
    197,
    197,
    206,
    202,
    199,
    201,
    195,
    196,
    202,
    207,
    208,
    197,
    198,
    198,
    208,
    206
  ],
  "genealogical_descendants": [
    1,
    2.242152466367713,
    4.663551401869159,
    9.39047619047619,
    18.363636363636363,
    34.97115384615385,
    62.125,
    102.44711538461539,
    149.77403846153845,
    192.92307692307693,
    221.48076923076923,
    236.35576923076923,
    243.3125,
    246.7596153846154,
    248.42307692307693,
    249.3653846153846,
    249.86057692307693,
    250,
    250,
    250,
    250,
    250,
    250,
    250,
    250,
    250,
    250,
    250,
    250,
    250,
    250,
    250,
    250,
    250,
    250,
    250,
    250,
    250,
    250,
    250,
    250,
    250,
    250,
    250,
    250,
    250,
    250,
    250,
    250,
    250
  ],
  "genetic_ancestors": [
    1,
    2,
    3.988,
    7.852,
    15.336,
    29.112,
    51.708,
    82.376,
    109.732,
    130.196,
    144.432,
    146.628,
    157.948,
    164.308,
    160.824,
    171.804,
    171.772,
    175.536,
    183.204,
    182.292,
    187.42,
    179.312,
    178.564,
    186.724,
    191.076,
    190.848,
    191.66,
    186.652,
    181.944,
    182.184,
    182.864,
    188.468,
    192.148,
    185.984,
    185.22,
    185.908,
    192.772,
    185.904,
    182.512,
    188.312,
    183.24,
    183.304,
    186.164,
    195.64,
    197.484,
    190.164,
    191.172,
    187.656,
    197.58,
    197.124
  ],
  "genetic_descendants": [
    1,
    2.242152466367713,
    4.663551401869159,
    9.39047619047619,
    18.363636363636363,
    34.95192307692308,
    61.57211538461539,
    97.69711538461539,
    132.29807692307693,
    158.75,
    176.97115384615384,
    188.45192307692307,
    196.68269230769232,
    202.37980769230768,
    207.55072463768116,
    210.7342995169082,
    213.54106280193236,
    215.71014492753622,
    218.024154589372,
    219.2608695652174,
    220.67632850241546,
    221.91304347826087,
    222.93236714975845,
    224.03381642512076,
    225.22705314009661,
    226.3719806763285,
    226.95169082125605,
    227.743961352657,
    228.81159420289856,
    230.55339805825244,
    230.9902912621359,
    231.5,
    232.07766990291262,
    232.48543689320388,
    233.18446601941747,
    233.52912621359224,
    233.9902912621359,
    234.62135922330097,
    234.7135922330097,
    235.26699029126215,
    235.7233009708738,
    236.10679611650485,
    236.36893203883494,
    236.60194174757282,
    236.81553398058253,
    237.42233009708738,
    237.44660194174756,
    237.55339805825244,
    237.74757281553397,
    237.94174757281553
  ],
  "num_gen": 50,
  "pop_size": 250,
  "recomb_rate": 1e-8,
  "roh_freq": [
    0,
    0,
    0.0010262291555058175,
    0.005452952288210997,
    0.010129622455205087,
    0.0045444606161151105,
    0.02337194774535497,
    0.011666886689042944,
    0.01743630624345805,
    0.015128140507467877,
    0.02463039206279766,
    0.013108067956007155,
    0.025043652360195165,
    0.027662883413249195,
    0.028056831296522703,
    0.028250865368411444,
    0.031732901164008495,
    0.03500667656898722,
    0.03973339978217932,
    0.034054698510173516,
    0.03402294283585426,
    0.05108797433464454,
    0.04767227316688704,
    0.043904846863590634,
    0.05762542321186291,
    0.05156491548459083,
    0.04367163522218128,
    0.05760331873799961,
    0.060688598123114314,
    0.06782926683681943,
    0.0526200886832087,
    0.059001803263741014,
    0.0571412119690697,
    0.07836361895045982,
    0.0649387875934488,
    0.077742331205625,
    0.054118188346475596,
    0.058152754359480995,
    0.061656966084903515,
    0.0850043598759528,
    0.08981398319969307,
    0.08907833452618256,
    0.09220964978814365,
    0.0830550505009437,
    0.0768409353558596,
    0.06922341110885853,
    0.07775672057679002,
    0.08242725396929372,
    0.09834227030645726,
    0.093960003281
  ],
  "roh_len": [
    0,
    0,
    8287669,
    11040314,
    12403185,
    4979165,
    13123903,
    5330946,
    6440057,
    4302871,
    5470674,
    2686463,
    3745346,
    4245720,
    3334301,
    3131121,
    3093453,
    2918916,
    2934182,
    2392184,
    2100678,
    3013252,
    2603089,
    2101393,
    2433221,
    2146796,
    1485166,
    1940404,
    1979485,
    2088251,
    1512525,
    1636094,
    1430421,
    1797532,
    1345365,
    1552536,
    1047489,
    1076418,
    1014977,
    1375468,
    1389718,
    1298156,
    1330089,
    1117481,
    1013905,
    890649,
    918132,
    934398,
    1081598,
    1028036
  ],
  "runtime_genealogical_ancestors": 0.414322014,
  "runtime_genealogical_descendants": 0.579288876,
  "runtime_genetic_ancestors": 38.157488934,
  "runtime_genetic_descendants": 24.917197093,
  "seed": 2502,
  "segment_count": [
    22,
    101.632,
    157.776,
    215.552,
    271.712,
    328.616,
    383.852,
    442.744,
    502.632,
    559.404,
    619.604,
    672.636,
    730.128,
    788.852,
    844.332,
    901.728,
    956.988,
    1015.04,
    1075.332,
    1133.484,
    1190.364,
    1245.792,
    1299.24,
    1355.272,
    1411.748,
    1464.484,
    1520.04,
    1575.528,
    1634.32,
    1693.824,
    1757.12,
    1814.92,
    1867.884,
    1922.152,
    1982.472,
    2036.376,
    2095.664,
    2153.188,
    2210.676,
    2269.18,
    2331.292,
    2387.108,
    2446.812,
    2502.968,
    2566.108,
    2620.332,
    2681.752,
    2744.864,
    2808.384,
    2865.68
  ],
  "segment_len": [
    130681887,
    56576698,
    36444091,
    26675711,
    21162124,
    17497635,
    14979739,
    12987195,
    11439787,
    10278802,
    9280125,
    8548461,
    7875335,
    7289077,
    6810120,
    6376649,
    6008437,
    5664804,
    5347188,
    5072857,
    4830457,
    4615540,
    4425666,
    4242693,
    4072967,
    3926299,
    3782797,
    3649572,
    3518284,
    3394687,
    3272402,
    3168185,
    3078351,
    2991440,
    2900420,
    2823645,
    2743761,
    2670460,
    2601015,
    2533956,
    2466444,
    2408773,
    2349997,
    2297273,
    2240748,
    2194379,
    2144121,
    2094822,
    2047441,
    2006505
  ],
  "seq_len": 2875001522
}
