{
  "IAP": 17,
  "TMRCA": 8,
  "chrom_lengths": [
    248956422,
    242193529,
    198295559,
    190214555,
    181538259,
    170805979,
    159345973,
    145138636,
    138394717,
    133797422,
    135086622,
    133275309,
    114364328,
    107043718,
    101991189,
    90338345,
    83257441,
    80373285,
    58617616,
    64444167,
    46709983,
    50818468
  ],
  "genealogical_ancestors": [
    1,
    2,
    3.996,
    7.88,
    15.276,
    28.96,
    52.096,
    86.5,
    126.408,
    157.228,
    179.576,
    194.816,
    197.356,
    201.932,
    199.432,
    199.34,
    200.344,
    198,
    202,
    203,
    195,
    189,
    190,
    188,
    197,
    198,
    197,
    198,
    195,
    208,
    197,
    201,
    209,
    207,
    205,
    195,
    194,
    202,
    193,
    199,
    202,
    208,
    204,
    197,
    202,
    202,
    203,
    206,
    208,
    205
  ],
  "genealogical_descendants": [
    1,
    2.336448598130841,
    4.911330049261084,
    9.904522613065327,
    19.276381909547737,
    36.70854271356784,
    65.94974874371859,
    108.1105527638191,
    155.84924623115577,
    196.7889447236181,
    224.7788944723618,
    240.01507537688443,
    246.52763819095478,
    248.7035175879397,
    249.5175879396985,
    249.87939698492463,
    249.98492462311557,
    250,
    250,
    250,
    250,
    250,
    250,
    250,
    250,
    250,
    250,
    250,
    250,
    250,
    250,
    250,
    250,
    250,
    250,
    250,
    250,
    250,
    250,
    250,
    250,
    250,
    250,
    250,
    250,
    250,
    250,
    250,
    250,
    250
  ],
  "genetic_ancestors": [
    1,
    2,
    3.996,
    7.88,
    15.276,
    28.948,
    51.632,
    82.148,
    111.388,
    131.256,
    146.504,
    155.936,
    159.724,
    165.204,
    167.756,
    170.924,
    170.176,
    169.148,
    174.796,
    174.924,
    171.128,
    167.496,
    170.736,
    171.032,
    180.024,
    180.612,
    173.848,
    177.66,
    177.392,
    191.604,
    180.452,
    182.684,
    189.888,
    189.452,
    186.62,
    179.012,
    182.224,
    190.78,
    183.48,
    187.208,
    188.872,
    193.792,
    192.476,
    189.824,
    194.52,
    193.948,
    191.896,
    192.428,
    194.36,
    193.3
  ],
  "genetic_descendants": [
    1,
    2.336448598130841,
    4.911330049261084,
    9.904522613065327,
    19.276381909547737,
    36.698492462311556,
    65.44723618090453,
    103.07537688442211,
    138.2964824120603,
    164.2110552763819,
    181.74874371859298,
    192.0854271356784,
    199.49748743718592,
    204.81909547738692,
    209.6180904522613,
    212.8894472361809,
    215.78391959798995,
    218.5678391959799,
    220.9497487437186,
    223.31658291457288,
    224.84924623115577,
    226.20100502512562,
    227.52261306532662,
    228.7788944723618,
    229.7035175879397,
    230.42713567839195,
    231.28643216080403,
    232.5175879396985,
    232.58793969849245,
    233.55276381909547,
    235.3838383838384,
    235.86868686868686,
    236.6919191919192,
    237.2828282828283,
    237.5909090909091,
    238.12121212121212,
    238.65656565656565,
    238.92929292929293,
    239.53535353535352,
    239.71212121212122,
    240.08080808080808,
    240.5909090909091,
    240.85858585858585,
    241.18686868686868,
    241.42929292929293,
    241.65656565656565,
    242.16666666666666,
    242.16161616161617,
    242.41414141414143,
    242.7171717171717
  ],
  "num_gen": 50,
  "pop_size": 250,
  "recomb_rate": 1e-8,
  "roh_freq": [
    0,
    0,
    0.0036497992838279963,
    0.0038962501961416355,
    0.008094099432619361,
    0.007455005889906448,
    0.011132474727086424,
    0.01074279266555463,
    0.01392738460609413,
    0.015469817222587197,
    0.019262923563767076,
    0.018560805628679594,
    0.02112368670391264,
    0.030877501921545068,
    0.02898281913187801,
    0.031864536907886896,
    0.02883671752157076,
    0.046176780252848854,
    0.04770610150793513,
    0.04671777607358081,
    0.035323453617288204,
    0.031330665897296175,
    0.02798208129087731,
    0.04325368435335388,
    0.04516926796534753,
    0.04802177616655884,
    0.04775791677928719,
    0.05200438481159176,
    0.05327070326190944,
    0.05314796891297089,
    0.060144400825120674,
    0.05975530773858144,
    0.0628708088649144,
    0.06659864465699578,
    0.07879612739766752,
    0.05833497821988284,
    0.07124375048730844,
    0.07525481415727751,
    0.06861409396081704,
    0.07986689001968465,
    0.07225075601890413,
    0.07803017319585266,
    0.0636630570924616,
    0.10228861632860034,
    0.08087903519099425,
    0.0843722708192709,
    0.08824379659163185,
    0.08875148388043184,
    0.08328725865349298,
    0.08142235281501879
  ],
  "roh_len": [
    0,
    0,
    20819798,
    7217606,
    11362572,
    9959643,
    8115081,
    5483939,
    3910278,
    4328118,
    4766001,
    3767462,
    3775841,
    4481667,
    3783402,
    3558522,
    2886685,
    3930551,
    3501355,
    3394502,
    2444751,
    1890123,
    1557751,
    2165246,
    1996643,
    1784124,
    1914873,
    1818977,
    1730311,
    1657919,
    1780942,
    1595377,
    1664459,
    1592196,
    1801588,
    1185419,
    1453820,
    1419669,
    1277494,
    1404353,
    1231070,
    1235307,
    949648,
    1419715,
    1176734,
    1088872,
    1109997,
    1089368,
    955770,
    900828
  ],
  "runtime_genealogical_ancestors": 0.522458341,
  "runtime_genealogical_descendants": 0.641570031,
  "runtime_genetic_ancestors": 37.831815565,
  "runtime_genetic_descendants": 23.886839715,
  "seed": 2501,
  "segment_count": [
    22,
    101.632,
    158.252,
    215.864,
    273.488,
    330.324,
    387.044,
    447.284,
    506.968,
    564.14,
    620.58,
    676.52,
    732.768,
    790.24,
    848.208,
    906.424,
    962.912,
    1018.932,
    1076.496,
    1133.908,
    1191.94,
    1244.54,
    1300.34,
    1357.076,
    1412.064,
    1467.808,
    1529.148,
    1585.916,
    1640.684,
    1701.496,
    1757.276,
    1816.084,
    1871.64,
    1931.552,
    1988.152,
    2044.448,
    2103.516,
    2167.82,
    2221.824,
    2280.568,
    2335.464,
    2394.616,
    2451.624,
    2508.764,
    2566.844,
    2620.672,
    2675.956,
    2729.504,
    2788.428,
    2846.5
  ],
  "segment_len": [
    130681887,
    56576698,
    36334473,
    26637156,
    21024699,
    17407160,
    14856199,
    12855373,
    11341944,
    10192510,
    9265530,
    8499383,
    7846962,
    7276274,
    6779001,
    6343612,
    5971473,
    5643166,
    5341406,
    5070960,
    4824070,
    4620183,
    4421922,
    4237053,
    4072055,
    3917408,
    3760265,
    3625666,
    3504637,
    3379380,
    3272111,
    3166154,
    3072173,
    2976882,
    2892134,
    2812496,
    2733519,
    2652435,
    2587965,
    2521303,
    2462038,
    2401221,
    2345385,
    2291966,
    2240106,
    2194094,
    2148765,
    2106610,
    2062094,
    2020025
  ],
  "seq_len": 2875001522
}
