{
  "IAP": 17,
  "TMRCA": 8,
  "chrom_lengths": [
    248956422,
    242193529,
    198295559,
    190214555,
    181538259,
    170805979,
    159345973,
    145138636,
    138394717,
    133797422,
    135086622,
    133275309,
    114364328,
    107043718,
    101991189,
    90338345,
    83257441,
    80373285,
    58617616,
    64444167,
    46709983,
    50818468
  ],
  "genealogical_ancestors": [
    1,
    2,
    3.984,
    7.828,
    15.212,
    28.744,
    51.112,
    83.244,
    122.888,
    154.564,
    178.232,
    190.372,
    196.648,
    197.328,
    205.02,
    208.7,
    202.988,
    203,
    202,
    203,
    208,
    191,
    186,
    195,
    199,
    199,
    202,
    205,
    200,
    208,
    204,
    207,
    208,
    206,
    196,
    190,
    195,
    197,
    199,
    205,
    204,
    194,
    199,
    203,
    204,
    202,
    208,
    204,
    201,
    203,
    205,
    205,
    197,
    188,
    198,
    196,
    204,
    208,
    206,
    193,
    196,
    206,
    206,
    202,
    195,
    197,
    199,
    209,
    204,
    197,
    193,
    198,
    203,
    202,
    195,
    202,
    206,
    208,
    199,
    186,
    192,
    197,
    203,
    210,
    199,
    202,
    200,
    203,
    199,
    197,
    209,
    200,
    193,
    195,
    197,
    196,
    194,
    188,
    190,
    200
  ],
  "genealogical_descendants": [
    1,
    2.272727272727273,
    4.706161137440758,
    9.492753623188406,
    18.763546798029555,
    35.82089552238806,
    64.2636815920398,
    105.25373134328358,
    153.9900497512438,
    195.77611940298507,
    224.61194029850745,
    239.9402985074627,
    246.59203980099502,
    248.62686567164178,
    249.38308457711443,
    249.86069651741295,
    249.99502487562188,
    250,
    250,
    250,
    250,
    250,
    250,
    250,
    250,
    250,
    250,
    250,
    250,
    250,
    250,
    250,
    250,
    250,
    250,
    250,
    250,
    250,
    250,
    250,
    250,
    250,
    250,
    250,
    250,
    250,
    250,
    250,
    250,
    250,
    250,
    250,
    250,
    250,
    250,
    250,
    250,
    250,
    250,
    250,
    250,
    250,
    250,
    250,
    250,
    250,
    250,
    250,
    250,
    250,
    250,
    250,
    250,
    250,
    250,
    250,
    250,
    250,
    250,
    250,
    250,
    250,
    250,
    250,
    250,
    250,
    250,
    250,
    250,
    250,
    250,
    250,
    250,
    250,
    250,
    250,
    250,
    250,
    250,
    250
  ],
  "genetic_ancestors": [
    1,
    2,
    3.984,
    7.828,
    15.212,
    28.74,
    50.768,
    79.78,
    109.38,
    129.696,
    143.4,
    151.14,
    158.984,
    157.908,
    169.52,
    176.028,
    179.316,
    179.116,
    178.316,
    177.4,
    183.272,
    168.912,
    164.076,
    177.016,
    178.7,
    177.464,
    181.944,
    187.316,
    182.992,
    187.908,
    187.936,
    193.396,
    191.864,
    186.888,
    181.516,
    178.512,
    182.228,
    186.328,
    185.344,
    189.364,
    188.5,
    182.812,
    187.8,
    192.584,
    193.148,
    190.704,
    198.212,
    191.772,
    191.328,
    195.852,
    196.512,
    199.496,
    189.252,
    179.652,
    186.128,
    186.308,
    193.768,
    197.004,
    198.824,
    187.108,
    185.108,
    195.144,
    196.764,
    194.18,
    185.212,
    185.952,
    190.256,
    200.636,
    196.852,
    192.516,
    187.776,
    192.604,
    198.392,
    191.38,
    185.18,
    193.448,
    196.82,
    201.268,
    195.596,
    183.092,
    184.836,
    190.248,
    195.372,
    202.188,
    193.724,
    194.82,
    192.98,
    195.46,
    192.208,
    190.308,
    203.484,
    194.868,
    188.868,
    193.012,
    192.864,
    190.268,
    190.108,
    184.368,
    185.788,
    194.124
  ],
  "genetic_descendants": [
    1,
    2.272727272727273,
    4.706161137440758,
    9.492753623188406,
    18.763546798029555,
    35.80597014925373,
    63.7363184079602,
    100.39800995024876,
    136.3681592039801,
    162.51243781094527,
    180.83582089552237,
    192.00497512437812,
    199.7860696517413,
    205.02487562189054,
    209.46268656716418,
    212.273631840796,
    214.6865671641791,
    216.98507462686567,
    218.64676616915423,
    220.1144278606965,
    221.40298507462686,
    222.79601990049753,
    224.33333333333334,
    225.1492537313433,
    226.5721393034826,
    227.32835820895522,
    227.9900497512438,
    229.08457711442787,
    230.65,
    231.275,
    232.315,
    232.545,
    233.175,
    234.115,
    234.54,
    235.02,
    235.395,
    235.845,
    236.045,
    236.61,
    236.665,
    236.815,
    237.135,
    237.18,
    237.405,
    237.64,
    237.815,
    238,
    238.14,
    238.505,
    238.63,
    238.85,
    238.845,
    239.175,
    239.32,
    239.49,
    239.62,
    239.9,
    239.935,
    240.125,
    240.27,
    240.335,
    240.445,
    240.805,
    240.835,
    240.93,
    241.305,
    241.36,
    241.385,
    241.37,
    241.505,
    241.71,
    241.98,
    241.845,
    241.96,
    242.1,
    241.97,
    242.3,
    242.39,
    242.415,
    242.325,
    242.405,
    242.2,
    242.535,
    242.51,
    242.575,
    242.75,
    242.875,
    242.77,
    242.87,
    242.92,
    242.855,
    242.945,
    243.22,
    243.2,
    243.3,
    243.35,
    243.375,
    243.48,
    243.32
  ],
  "num_gen": 100,
  "pop_size": 250,
  "recomb_rate": 1e-8,
  "roh_freq": [
    0,
    0,
    0.007249215216241545,
    0.005131647939350204,
    0.009193160503655554,
    0.010497166057500265,
    0.011728143890700869,
    0.009451187227580187,
    0.010209114837470336,
    0.022357961941976322,
    0.013689752873807347,
    0.026204429760298405,
    0.01726379808156498,
    0.024809393925600852,
    0.030942573099618693,
    0.023116171013978334,
    0.020367188224396357,
    0.02518397912416827,
    0.03726151509842575,
    0.036191544292337244,
    0.04624542328990113,
    0.03531748898044583,
    0.037425848060472784,
    0.04186807940062023,
    0.03943683100561503,
    0.05245871672968109,
    0.03873838221919383,
    0.04057671597156114,
    0.05033986094147188,
    0.03451484355075065,
    0.059350658660277396,
    0.05826968071984207,
    0.06092413302033723,
    0.06543168709320774,
    0.06383224491106897,
    0.07546791486672472,
    0.08566398506136165,
    0.07059351349727737,
    0.06522080432623854,
    0.07527251949051315,
    0.0739907256925619,
    0.08089738198475986,
    0.07946535517138416,
    0.0858389259774451,
    0.0787693906006913,
    0.08663833184572484,
    0.09298012842025898,
    0.09466768132862226,
    0.10372911873122827,
    0.0827669821873576,
    0.11074914088062873,
    0.1164083999326662,
    0.09228042427867626,
    0.10902274246796033,
    0.09777688741411387,
    0.08788155723278954,
    0.12020739416916384,
    0.10134966430810814,
    0.12538096856423162,
    0.10703396854479996,
    0.1129526676821008,
    0.10780648812748699,
    0.11346587785632484,
    0.12878739479707307,
    0.12940278176311865,
    0.1253002207711527,
    0.12519524976167995,
    0.10580377520370579,
    0.0978516825912136,
    0.11548124278732122,
    0.14314308323486166,
    0.11833969837321011,
    0.14182004996935094,
    0.13014705114580458,
    0.12885194237472825,
    0.13887902921256262,
    0.12623567446167078,
    0.14802070177825805,
    0.14977146368689817,
    0.12760374476768713,
    0.1276870173510816,
    0.13973990021978153,
    0.16685104178529195,
    0.14256752638755646,
    0.16686721216838368,
    0.16504363413411788,
    0.1472362295855508,
    0.1599551207625413,
    0.1629795573109961,
    0.17056800230521757,
    0.17014688689545673,
    0.1720193223466405,
    0.18520132516159413,
    0.17597729818384422,
    0.15579842730949342,
    0.16415746390829214,
    0.17491511518998076,
    0.17911299826435362,
    0.1590103410901777,
    0.1751958561919676
  ],