{
  "IAP": 16,
  "TMRCA": 8,
  "chrom_lengths": [
    248956422,
    242193529,
    198295559,
    190214555,
    181538259,
    170805979,
    159345973,
    145138636,
    138394717,
    133797422,
    135086622,
    133275309,
    114364328,
    107043718,
    101991189,
    90338345,
    83257441,
    80373285,
    58617616,
    64444167,
    46709983,
    50818468
  ],
  "genealogical_ancestors": [
    1,
    2,
    3.988,
    7.916,
    15.408,
    29.044,
    52.348,
    85.26,
    121.932,
    154.34,
    178.688,
    192.156,
    205.612,
    196.364,
    197.668,
    203.824,
    194,
    197,
    198,
    201,
    201,
    201,
    198,
    194,
    201,
    210,
    198,
    199,
    205,
    208,
    200,
    200,
    200,
    204,
    199,
    202,
    192,
    199,
    197,
    194,
    194,
    200,
    204,
    208,
    204,
    195,
    200,
    201,
    203,
    192
  ],
  "genealogical_descendants": [
    1,
    2.347417840375587,
    4.901477832512315,
    9.879396984924623,
    19.59278350515464,
    36.92783505154639,
    65.52061855670104,
    106.4278350515464,
    152.1958762886598,
    193.42268041237114,
    220.89690721649484,
    236.659793814433,
    244.59278350515464,
    247.79896907216494,
    249.18041237113403,
    249.83505154639175,
    250,
    250,
    250,
    250,
    250,
    250,
    250,
    250,
    250,
    250,
    250,
    250,
    250,
    250,
    250,
    250,
    250,
    250,
    250,
    250,
    250,
    250,
    250,
    250,
    250,
    250,
    250,
    250,
    250,
    250,
    250,
    250,
    250,
    250
  ],
  "genetic_ancestors": [
    1,
    2,
    3.988,
    7.916,
    15.408,
    29.04,
    51.904,
    81.256,
    107.964,
    126.524,
    141.516,
    150.444,
    162.52,
    161.288,
    165.076,
    169.08,
    165.952,
    167.224,
    172.34,
    176.356,
    179.604,
    183.036,
    177.092,
    177.044,
    183.42,
    191.612,
    183.692,
    188.84,
    192.128,
    192.684,
    184.176,
    184.964,
    188.128,
    189.796,
    188.176,
    192.476,
    183.388,
    191.828,
    191.02,
    186.008,
    185.652,
    192.1,
    191.432,
    198.164,
    194.956,
    185.584,
    191.32,
    195.516,
    197.352,
    187.708
  ],
  "genetic_descendants": [
    1,
    2.347417840375587,
    4.901477832512315,
    9.879396984924623,
    19.59278350515464,
    36.902061855670105,
    65.01030927835052,
    101.34536082474227,
    135.38144329896906,
    161.39690721649484,
    178.3659793814433,
    189.39175257731958,
    197.06701030927834,
    202.9742268041237,
    207.22680412371133,
    210,
    212.79381443298968,
    214.68556701030928,
    217.5440414507772,
    218.98445595854923,
    220.41450777202073,
    221.8341968911917,
    223.23316062176167,
    224.3523316062176,
    225.58031088082902,
    226.42487046632124,
    227.279792746114,
    229.27604166666666,
    230.83854166666666,
    231.15625,
    231.36979166666666,
    232.47395833333334,
    232.90104166666666,
    233.56770833333334,
    234.07291666666666,
    234.44791666666666,
    234.96875,
    235.44791666666666,
    236.19270833333334,
    236.72916666666666,
    237.01041666666666,
    237.50520833333334,
    237.86979166666666,
    238.11979166666666,
    238.5625,
    238.75,
    238.96875,
    239.52083333333334,
    239.71875,
    239.796875
  ],
  "num_gen": 50,
  "pop_size": 250,
  "recomb_rate": 1e-8,
  "roh_freq": [
    0,
    0,
    0.005122672976449297,
    0.007959055817153756,
    0.011002787080959326,
    0.01377129738716013,
    0.013462854154273384,
    0.017571302478079174,
    0.012622831398974124,
    0.021782027578349225,
    0.03039699989139693,
    0.029000530223719307,
    0.029763014152588682,
    0.034694840589374824,
    0.03233563291031886,
    0.03407895123194303,
    0.03328932682074594,
    0.03635044356821736,
    0.034087417210069915,
    0.04149899805305216,
    0.036953121900990774,
    0.03654202809427243,
    0.028703883745630935,
    0.0373562105349035,
    0.04192581508901198,
    0.04422625359570158,
    0.05451495665956033,
    0.05682468797941736,
    0.06000051978963787,
    0.04938269224610171,
    0.0711080420443687,
    0.06760085544469496,
    0.07228722655124911,
    0.07675480074267592,
    0.05055998282285431,
    0.0645677161057169,
    0.06008158844654691,
    0.07286312801611101,
    0.07926337192109494,
    0.05725139732569506,
    0.08030300072307232,
    0.07371179771500656,
    0.08524944282238192,
    0.08938609838829853,
    0.07521764741521414,
    0.07324390403157498,
    0.0929496959313262,
    0.08230124807704363,
    0.08521140422408444,
    0.09009555672436963
  ],
  "roh_len": [
    0,
    0,
    17205248,
    15014630,
    11428117,
    9800123,
    8193422,
    7824894,
    4368158,
    6014537,
    6498469,
    4757850,
    4290448,
    5080874,
    3863881,
    3393496,
    3286636,
    3260156,
    2488607,
    2968493,
    2417848,
    2100831,
    1560938,
    1745987,
    1773643,
    1858274,
    2085958,
    1949814,
    1971536,
    1436997,
    1998472,
    1827996,
    1831581,
    1870022,
    1153687,
    1409893,
    1229148,
    1393645,
    1381674,
    993060,
    1301210,
    1117871,
    1333675,
    1306137,
    1034554,
    991712,
    1170995,
    981109,
    984357,
    984256
  ],
  "runtime_genealogical_ancestors": 0.519383146,
  "runtime_genealogical_descendants": 0.557679616,
  "runtime_genetic_ancestors": 38.937313369,
  "runtime_genetic_descendants": 24.515313671,
  "seed": 2509,
  "segment_count": [
    22,
    101.632,
    158.672,
    216.116,
    273.844,
    331.724,
    388.916,
    446.96,
    502.26,
    562.272,
    618.228,
    675.788,
    732.864,
    793.196,
    847.516,
    905.732,
    960.832,
    1014.248,
    1067.468,
    1122.436,
    1180.444,
    1233.412,
    1287.904,
    1344.228,
    1400.936,
    1457.352,
    1514.38,
    1572.788,
    1632.768,
    1695.42,
    1745.424,
    1804.248,
    1862.588,
    1924.072,
    1979.3,
    2032.892,
    2091.764,
    2149.672,
    2209.088,
    2263.268,
    2321.724,
    2383.284,
    2444.112,
    2502.436,
    2549.7,
    2602.192,
    2661.748,
    2725.308,
    2785.708,
    2846.968
  ],
  "segment_len": [
    130681887,
    56576698,
    36238296,
    26606096,
    20997367,
    17333696,
    14784691,
    12864692,
    11448259,
    10226372,
    9300780,
    8508590,
    7845934,
    7249157,
    6784536,
    6348459,
    5984400,
    5669227,
    5386581,
    5122789,
    4871051,
    4661867,
    4464620,
    4277550,
    4104400,
    3945514,
    3796935,
    3655930,
    3521628,
    3391491,
    3294330,
    3186924,
    3087104,
    2988455,
    2905068,
    2828484,
    2748877,
    2674828,
    2602885,
    2540575,
    2476609,
    2412638,
    2352593,
    2297762,
    2255168,
    2209676,
    2160235,
    2109854,
    2064108,
    2019693
  ],
  "seq_len": 2875001522
}
