{
  "ROH_fractions": [
    1,
    0,
    0.000020292550787734853,
    0.000018147843888341426,
    0.00006093933202446493,
    0.000054367312547113146,
    0.00010061589783047079,
    0.00012468846569188007,
    0.00013724074874420187,
    0.0001130969156822589,
    0.00017826181909061264,
    0.00015247417767453968,
    0.00021561230529324222,
    0.00016661369375094195,
    0.0001811749399553883,
    0.00028469604529134573,
    0.00022259692153303842,
    0.00036622350414185277,
    0.00036623829726097794,
    0.0003673176655939176,
    0.0003545808963088264,
    0.0003936660810435564,
    0.0003789086168838557,
    0.00036796373983971755,
    0.0004165977139402711
  ],
  "block_lengths": [
    2875001522,
    2875001522,
    72374968,
    39134281,
    27465996,
    21361004,
    17526673,
    14893434,
    12953901,
    11464607,
    10280645,
    9324895,
    8532814,
    7863880,
    7289187,
    6792720,
    6360082,
    5981227,
    5643895,
    5342524,
    5072073,
    4827413,
    4604721,
    4400804,
    4215285
  ],
  "forward_roh_frac": [
    0,
    0,
    0.00009918507183315502,
    0.00003359259365289477,
    0.000160350505998793,
    0.00008595447126862425,
    0.00010826578582938226,
    0.00010877784332525999,
    0.00014930362772865342,
    0.00011892321142221642,
    0.00017753174479189025,
    0.0002507288347098134,
    0.0002101561394721237,
    0.0003387905285011532,
    0.00017057489752521948,
    0.0002613235972819078,
    0.00033249769717513214,
    0.0003847416616985012,
    0.00030814404509383074,
    0.00038833291802340824,
    0.00038995562725827314,
    0.0005486875201452502,
    0.00040896878758591484,
    0.00042403775110071054,
    0.0005151947176603965
  ],
  "forward_roh_len": [
    0,
    0,
    49506463,
    10827215,
    26253300,
    9668201,
    7411054,
    5463600,
    6740705,
    3583903,
    4720718,
    5824545,
    3428275,
    5342383,
    2543584,
    3137237,
    3400922,
    3566329,
    2291790,
    2769267,
    2375260,
    3088006,
    2254882,
    2059723,
    2285357
  ],
  "genealogical_IAP": -1,
  "genealogical_TMRCA": 15,
  "genealogical_ancestors": [
    1,
    2,
    3.99988,
    7.99864,
    15.99232,
    31.96664,
    63.85512,
    127.37444,
    253.50352,
    501.84392,
    983.87556,
    1892.1878,
    3511.06628,
    6120.00212,
    9681.35296,
    13479.09412,
    16473.14008,
    18286.17588,
    19218.138,
    19599.41124,
    19828.37988,
    19841.09476,
    19915.14512,
    19999.23216,
    19987.08188
  ],
  "genetic_TMRCA": -1,
  "genetic_ancestors": [
    1,
    2,
    3.99988,
    7.99864,
    15.99232,
    31.95556,
    63.20036,
    118.45328,
    198.61852,
    292.85168,
    388.00364,
    475.67576,
    554.00988,
    624.43284,
    689.1016,
    749.7284,
    807.74844,
    863.50456,
    918.32412,
    972.3272,
    1025.95608,
    1078.89876,
    1131.73208,
    1185.04176,
    1237.13608
  ],
  "num_gen": 25,
  "pop_size": 25000,
  "recomb_rate": 1e-8,
  "seed": 0,
  "seq_len": 2875001522
}
