{
  "IAP": 18,
  "TMRCA": 9,
  "chrom_lengths": [
    248956422,
    242193529,
    198295559,
    190214555,
    181538259,
    170805979,
    159345973,
    145138636,
    138394717,
    133797422,
    135086622,
    133275309,
    114364328,
    107043718,
    101991189,
    90338345,
    83257441,
    80373285,
    58617616,
    64444167,
    46709983,
    50818468
  ],
  "genealogical_ancestors": [
    1,
    2,
    3.992,
    7.92,
    15.424,
    29.24,
    52.388,
    86.668,
    126.2,
    152.232,
    168.716,
    177.004,
    185.92,
    199.208,
    207.888,
    209.928,
    204.992,
    207.996,
    209,
    212,
    206,
    197,
    198,
    205,
    202,
    208,
    206,
    201,
    199,
    198,
    199,
    195,
    198,
    194,
    194,
    192,
    195,
    199,
    207,
    196,
    192,
    198,
    199,
    198,
    195,
    200,
    204,
    203,
    202,
    206
  ],
  "genealogical_descendants": [
    1,
    2.272727272727273,
    4.945544554455446,
    9.85,
    19.2979797979798,
    36.47715736040609,
    65.5228426395939,
    107.24365482233503,
    155.50761421319797,
    195.82741116751268,
    223.248730964467,
    237.23350253807106,
    244.06091370558374,
    247.25888324873097,
    249.14213197969542,
    249.89340101522842,
    250,
    250,
    250,
    250,
    250,
    250,
    250,
    250,
    250,
    250,
    250,
    250,
    250,
    250,
    250,
    250,
    250,
    250,
    250,
    250,
    250,
    250,
    250,
    250,
    250,
    250,
    250,
    250,
    250,
    250,
    250,
    250,
    250,
    250
  ],
  "genetic_ancestors": [
    1,
    2,
    3.992,
    7.92,
    15.424,
    29.228,
    51.936,
    82.76,
    111.772,
    127.652,
    137.46,
    145.42,
    154.772,
    162.988,
    171.608,
    174.968,
    173.268,
    177.104,
    181.52,
    190.364,
    186.14,
    177.76,
    175.956,
    183.924,
    188.252,
    191.052,
    188.344,
    184.528,
    184.74,
    182.756,
    185.78,
    180.868,
    187.12,
    184.092,
    184.256,
    180.196,
    183.156,
    187.332,
    192.968,
    186.188,
    184.716,
    189.056,
    190.596,
    191.396,
    189.176,
    193.78,
    193.788,
    191.9,
    191.828,
    192.1
  ],
  "genetic_descendants": [
    1,
    2.272727272727273,
    4.945544554455446,
    9.85,
    19.2979797979798,
    36.46192893401015,
    65.01015228426395,
    102.13197969543147,
    136.90862944162436,
    162.2741116751269,
    179.9796954314721,
    190.99492385786803,
    198.31472081218274,
    202.71573604060913,
    207.10659898477158,
    209.73096446700507,
    212.12690355329948,
    214.80710659898477,
    216.50761421319797,
    218.58883248730965,
    220.09137055837564,
    221.53299492385787,
    222.9289340101523,
    224.10659898477158,
    224.7715736040609,
    225.71573604060913,
    226.85786802030458,
    227.36548223350255,
    228.58375634517768,
    228.51269035532994,
    228.78680203045684,
    229.26395939086294,
    229.87817258883248,
    230.37563451776649,
    231.06091370558374,
    231.53299492385787,
    231.84263959390864,
    233.62244897959184,
    233.9795918367347,
    234.1377551020408,
    234.3673469387755,
    234.23979591836735,
    235.06632653061226,
    235.21428571428572,
    235.10204081632654,
    235.3622448979592,
    235.4030612244898,
    235.78571428571428,
    236.01530612244898,
    236.1377551020408
  ],
  "num_gen": 50,
  "pop_size": 250,
  "recomb_rate": 1e-8,
  "roh_freq": [
    0,
    0,
    0.00025256990594386193,
    0.010057253413864453,
    0.010893221863136113,
    0.015923676144753013,
    0.013715237717359371,
    0.013558166457207184,
    0.0192988768136033,
    0.01716927714238615,
    0.016811742330618495,
    0.025179217679732413,
    0.02749469542993863,
    0.023391684930036707,
    0.029203864646858438,
    0.02279437012972823,
    0.029568205871718493,
    0.028890380371770812,
    0.03369354573579944,
    0.034392906665042106,
    0.04743162195515527,
    0.040891582519308314,
    0.031665689206546443,
    0.03577864833144252,
    0.04398886358015639,
    0.040357237083925274,
    0.05625493955616766,
    0.0658522470041322,
    0.049949884100270056,
    0.05339549165636929,
    0.0688266545856806,
    0.06665963099827535,
    0.0676685987577018,
    0.06129474843457144,
    0.05588752546476044,
    0.0670081868819268,
    0.08118775129469305,
    0.06110671265933334,
    0.06121661926132365,
    0.07703994348424557,
    0.09034289616073463,
    0.07477193364073635,
    0.08345802149457088,
    0.0988436449641643,
    0.08131499182002867,
    0.07973722854119589,
    0.07826214274957173,
    0.08108421908376297,
    0.09765989002909474,
    0.12113677367298452
  ],
  "roh_len": [
    0,
    0,
    10085262,
    14486282,
    16011262,
    12072941,
    8418302,
    7305050,
    6925149,
    4848889,
    4381235,
    5634362,
    4448857,
    3282464,
    3607198,
    2524805,
    2820833,
    2773840,
    2505923,
    2159887,
    2896473,
    2235044,
    1650212,
    1784093,
    1870275,
    1590283,
    1984357,
    2260546,
    1580588,
    1654225,
    1941490,
    1816417,
    1640641,
    1438926,
    1263658,
    1352451,
    1550146,
    1148187,
    1076044,
    1236545,
    1361442,
    1148733,
    1163749,
    1309034,
    1040208,
    995227,
    916840,
    902981,
    1037423,
    1212887
  ],
  "runtime_genealogical_ancestors": 0.552843081,
  "runtime_genealogical_descendants": 0.544599354,
  "runtime_genetic_ancestors": 38.183963811,
  "runtime_genetic_descendants": 24.304687003,
  "seed": 2500,
  "segment_count": [
    22,
    101.632,
    158.636,
    216.176,
    273.26,
    329.108,
    385.868,
    443.088,
    499.02,
    558.192,
    617.232,
    673.908,
    730.3,
    788.656,
    847.672,
    903.432,
    958.016,
    1016.912,
    1074.892,
    1130.684,
    1189.988,
    1252.496,
    1310.124,
    1367.624,
    1422.976,
    1481.528,
    1542.052,
    1598.488,
    1657.74,
    1709.804,
    1766.412,
    1826.068,
    1883.704,
    1941.576,
    1999.692,
    2056.992,
    2113.072,
    2173.624,
    2234.528,
    2294.264,
    2350.276,
    2408.84,
    2470.34,
    2526.956,
    2584.204,
    2639.928,
    2701.628,
    2759.14,
    2818.608,
    2869.5
  ],
  "segment_len": [
    130681887,
    56576698,
    36246520,
    26598711,
    21042241,
    17471477,
    14901476,
    12977112,
    11522590,
    10301120,
    9315788,
    8532326,
    7873480,
    7290888,
    6783287,
    6364621,
    6001990,
    5654376,
    5349377,
    5085420,
    4831984,
    4590835,
    4388899,
    4204374,
    4040829,
    3881130,
    3728799,
    3597151,
    3468579,
    3362960,
    3255187,
    3148843,
    3052498,
    2961513,
    2875444,
    2795345,
    2721158,
    2645353,
    2573251,
    2506251,
    2446522,
    2387042,
    2327616,
    2275466,
    2225057,
    2178090,
    2128347,
    2083983,
    2040015,
    2003834
  ],
  "seq_len": 2875001522
}
