{
  "IAP": 16,
  "TMRCA": 8,
  "chrom_lengths": [
    248956422,
    242193529,
    198295559,
    190214555,
    181538259,
    170805979,
    159345973,
    145138636,
    138394717,
    133797422,
    135086622,
    133275309,
    114364328,
    107043718,
    101991189,
    90338345,
    83257441,
    80373285,
    58617616,
    64444167,
    46709983,
    50818468
  ],
  "genealogical_ancestors": [
    1,
    2,
    3.988,
    7.884,
    15.324,
    28.856,
    51.468,
    84.528,
    121.796,
    152.752,
    173.168,
    182.936,
    191.448,
    202.612,
    199.588,
    204.288,
    199,
    211,
    204,
    201,
    196,
    195,
    200,
    203,
    207,
    203,
    194,
    198,
    203,
    205,
    201,
    192,
    199,
    194,
    201,
    201,
    194,
    189,
    201,
    192,
    206,
    196,
    203,
    199,
    191,
    196,
    189,
    194,
    195,
    189
  ],
  "genealogical_descendants": [
    1,
    2.314814814814815,
    4.868292682926829,
    9.840796019900498,
    19.124378109452735,
    36.3,
    64.72,
    104.68,
    153.285,
    196.11,
    223.4,
    237.755,
    244.6,
    248.545,
    249.705,
    249.97,
    250,
    250,
    250,
    250,
    250,
    250,
    250,
    250,
    250,
    250,
    250,
    250,
    250,
    250,
    250,
    250,
    250,
    250,
    250,
    250,
    250,
    250,
    250,
    250,
    250,
    250,
    250,
    250,
    250,
    250,
    250,
    250,
    250,
    250
  ],
  "genetic_ancestors": [
    1,
    2,
    3.988,
    7.884,
    15.324,
    28.836,
    50.992,
    80.56,
    107.956,
    127.652,
    142.812,
    150.172,
    158.268,
    169.276,
    170.352,
    177.184,
    176.716,
    184.628,
    183.108,
    178.528,
    173.112,
    177.2,
    180.792,
    185.368,
    190.988,
    186.468,
    175.812,
    179.056,
    183.972,
    193.416,
    187.18,
    184.04,
    190.348,
    183.66,
    191.352,
    193.956,
    184.856,
    177.948,
    189.764,
    181.104,
    193.892,
    186.808,
    193.048,
    187.912,
    181.516,
    184.692,
    180.392,
    186.98,
    186.54,
    183.564
  ],
  "genetic_descendants": [
    1,
    2.314814814814815,
    4.868292682926829,
    9.840796019900498,
    19.124378109452735,
    36.285,
    64.205,
    99.725,
    135.405,
    162.46,
    179.585,
    191.675,
    199.285,
    204.065,
    208.46,
    212.35175879396985,
    214.678391959799,
    217.23618090452263,
    218.57788944723617,
    221.86363636363637,
    223.22222222222223,
    224.53030303030303,
    225.87878787878788,
    227.3939393939394,
    228.18686868686868,
    229.0252525252525,
    230.010101010101,
    230.72222222222223,
    231.47979797979798,
    231.61111111111111,
    232.15151515151516,
    232.94444444444446,
    233.36868686868686,
    233.74242424242425,
    234.22727272727272,
    234.87373737373738,
    235.34343434343435,
    235.86868686868686,
    236.27272727272728,
    236.58585858585857,
    236.8181818181818,
    237.04545454545453,
    237.15151515151516,
    237.6969696969697,
    237.87878787878788,
    238.23737373737373,
    238.2979797979798,
    238.27777777777777,
    238.4747474747475,
    238.44949494949495
  ],
  "num_gen": 50,
  "pop_size": 250,
  "recomb_rate": 1e-8,
  "roh_freq": [
    0,
    0,
    0.0027782766161610403,
    0.002055190491826112,
    0.005186851655517141,
    0.004314194642711567,
    0.010137560298655035,
    0.015724239476767835,
    0.008429660923149939,
    0.02004170701096415,
    0.028252429720974595,
    0.027085843860641962,
    0.029555582336140414,
    0.035003341505709294,
    0.027868147602323253,
    0.03170881199832631,
    0.03113706014796329,
    0.04313321913156191,
    0.03261700608031887,
    0.03932994793871974,
    0.0381985061043039,
    0.04329908399540666,
    0.04631682470044967,
    0.052310934953306784,
    0.05177730168032934,
    0.05251446581460279,
    0.054940919545015815,
    0.04783971765424338,
    0.060982302639629705,
    0.05305989052620752,
    0.06597902203823598,
    0.04541813980994477,
    0.07087569806997827,
    0.09061400419112543,
    0.06776103055850835,
    0.06001276685237177,
    0.0867858276966853,
    0.0699801845475336,
    0.06477465032103728,
    0.07162057496677736,
    0.07904552089207555,
    0.08226386421370388,
    0.09547219898967413,
    0.06472343919406107,
    0.07159980946820521,
    0.09330427944169972,
    0.07977235409894855,
    0.08388118453037814,
    0.10015683057714916,
    0.09281150736726462
  ],
  "roh_len": [
    0,
    0,
    33281456,
    7067794,
    8396512,
    4684031,
    5566367,
    6667730,
    3020349,
    6293134,
    6192877,
    5061872,
    4738587,
    4821514,
    3351219,
    3264678,
    2771145,
    3481807,
    2153940,
    2591530,
    2263039,
    2284630,
    2272681,
    2381762,
    2093786,
    2019085,
    1876666,
    1541574,
    1809555,
    1526144,
    1780322,
    1233629,
    1718167,
    2127837,
    1451143,
    1225159,
    1659722,
    1289071,
    1134480,
    1192819,
    1242270,
    1227596,
    1328905,
    912836,
    932255,
    1133137,
    976587,
    953482,
    1105700,
    997984
  ],
  "runtime_genealogical_ancestors": 0.483252021,
  "runtime_genealogical_descendants": 0.631549271,
  "runtime_genetic_ancestors": 38.447395291,
  "runtime_genetic_descendants": 25.232768707,
  "seed": 2508,
  "segment_count": [
    22,
    101.632,
    159.096,
    217.62,
    276.412,
    332.82,
    390.428,
    447.28,
    503.96,
    559.612,
    617.868,
    676.168,
    736.472,
    793.812,
    854.42,
    912.628,
    968.236,
    1029.248,
    1086.712,
    1146.54,
    1207.12,
    1264.508,
    1321.668,
    1377.744,
    1434.54,
    1493.736,
    1547.436,
    1601.308,
    1659.92,
    1716.664,
    1773.908,
    1829.696,
    1884.04,
    1945.908,
    2007.816,
    2063.3,
    2115.352,
    2171.172,
    2224.6,
    2285.084,
    2338.936,
    2391.336,
    2450.988,
    2510.944,
    2571.892,
    2625.932,
    2683.712,
    2748.72,
    2807.096,
    2863.512
  ],
  "segment_len": [
    130681887,
    56576698,
    36141719,
    26422217,
    20802291,
    17276615,
    14727435,
    12855488,
    11409641,
    10274981,
    9306199,
    8503808,
    7807497,
    7243532,
    6729714,
    6300489,
    5938637,
    5586605,
    5291193,
    5015091,
    4763406,
    4547225,
    4350565,
    4173491,
    4008255,
    3849410,
    3715826,
    3590816,
    3464024,
    3349521,
    3241432,
    3142600,
    3051953,
    2954920,
    2863809,
    2786799,
    2718225,
    2648340,
    2584735,
    2516320,
    2458384,
    2404514,
    2345993,
    2289976,
    2235709,
    2189699,
    2142555,
    2091883,
    2048381,
    2008024
  ],
  "seq_len": 2875001522
}
