{
  "IAP": 19,
  "TMRCA": 8,
  "chrom_lengths": [
    248956422,
    242193529,
    198295559,
    190214555,
    181538259,
    170805979,
    159345973,
    145138636,
    138394717,
    133797422,
    135086622,
    133275309,
    114364328,
    107043718,
    101991189,
    90338345,
    83257441,
    80373285,
    58617616,
    64444167,
    46709983,
    50818468
  ],
  "genealogical_ancestors": [
    1,
    2,
    3.996,
    7.94,
    15.44,
    29.188,
    52.44,
    84.78,
    127.424,
    157.588,
    179.276,
    187.392,
    197.388,
    193.328,
    192.888,
    200.512,
    208.648,
    215.992,
    204.996,
    201,
    195,
    200,
    201,
    200,
    203,
    200,
    198,
    200,
    194,
    194,
    194,
    202,
    197,
    193,
    196,
    199,
    204,
    202,
    197,
    198,
    202,
    202,
    191,
    194,
    188,
    197,
    193,
    188,
    199,
    209
  ],
  "genealogical_descendants": [
    1,
    2.3255813953488373,
    4.99,
    10.02030456852792,
    19.642857142857142,
    37.43877551020408,
    66.84693877551021,
    108.0204081632653,
    156.3877551020408,
    196.4795918367347,
    222.68367346938774,
    237.35204081632654,
    245.12755102040816,
    248.57142857142858,
    249.72448979591837,
    249.98979591836735,
    250,
    250,
    250,
    250,
    250,
    250,
    250,
    250,
    250,
    250,
    250,
    250,
    250,
    250,
    250,
    250,
    250,
    250,
    250,
    250,
    250,
    250,
    250,
    250,
    250,
    250,
    250,
    250,
    250,
    250,
    250,
    250,
    250,
    250
  ],
  "genetic_ancestors": [
    1,
    2,
    3.996,
    7.94,
    15.44,
    29.176,
    52.02,
    80.812,
    112.508,
    132.384,
    145.768,
    152.012,
    160.928,
    161.616,
    160.376,
    169.972,
    174.216,
    186.92,
    181.372,
    178.26,
    177.304,
    181.448,
    184.104,
    183.776,
    186.636,
    186.252,
    186.312,
    189.58,
    182.44,
    181.776,
    179.552,
    187.516,
    183.564,
    181.52,
    184.352,
    187.18,
    195.608,
    194.004,
    188.852,
    188.448,
    191.428,
    189.092,
    183.296,
    183.992,
    177.976,
    187.848,
    182.852,
    179.388,
    188.896,
    197.74
  ],
  "genetic_descendants": [
    1,
    2.3255813953488373,
    4.99,
    10.02030456852792,
    19.642857142857142,
    37.43877551020408,
    66.34693877551021,
    102.95918367346938,
    138.5,
    164.19387755102042,
    180.87755102040816,
    191.1734693877551,
    197.39285714285714,
    202.85714285714286,
    206.58163265306123,
    209.03571428571428,
    211.35204081632654,
    213.8112244897959,
    215.89285714285714,
    218.21428571428572,
    219.73469387755102,
    221.10204081632654,
    222.26020408163265,
    223.37755102040816,
    224.3112244897959,
    225.35204081632654,
    226.05102040816325,
    226.39795918367346,
    227.10204081632654,
    228.12755102040816,
    228.73469387755102,
    229.2295918367347,
    229.8622448979592,
    230.39795918367346,
    231.09183673469389,
    231.6377551020408,
    232.25,
    233,
    233.30612244897958,
    233.92857142857142,
    234.14285714285714,
    234.53061224489795,
    235.78974358974358,
    236.32820512820513,
    236.7846153846154,
    236.72307692307692,
    237.3128205128205,
    237.6769230769231,
    237.91794871794872,
    238.14358974358976
  ],
  "num_gen": 50,
  "pop_size": 250,
  "recomb_rate": 1e-8,
  "roh_freq": [
    0,
    0,
    0.004669671297655751,
    0.002527461501636033,
    0.007932917453252048,
    0.0038465770620903345,
    0.012182811638873282,
    0.01477960870310802,
    0.01881966492816347,
    0.018155488332294526,
    0.021718194375272407,
    0.017491326948939265,
    0.023813592863899707,
    0.027153738593394733,
    0.030338610045438436,
    0.027665306472836017,
    0.027110500246893435,
    0.03739217422090812,
    0.03311849427257451,
    0.037962597750583034,
    0.04623477074736659,
    0.03867743753215307,
    0.03781783545087111,
    0.03875073896395662,
    0.04998459795041458,
    0.05545309120848529,
    0.04818680124789165,
    0.045803604533883095,
    0.05918286680753973,
    0.03984814725534604,
    0.06443081906653683,
    0.06460313661148732,
    0.06251628245085848,
    0.06453125053615189,
    0.06791022237100576,
    0.06570988058071714,
    0.06151363132669674,
    0.07941738663886523,
    0.08045009527894087,
    0.07048669290269684,
    0.0796213653552285,
    0.08677772652810443,
    0.083562330570481,
    0.07759936597348348,
    0.09070470246658881,
    0.09314401592584617,
    0.10037634835589489,
    0.0916456357187278,
    0.09025105356448573,
    0.11172440291876826
  ],
  "roh_len": [
    0,
    0,
    51635815,
    7068536,
    10366886,
    5540538,
    7420678,
    6610360,
    7980319,
    4716033,
    5131479,
    3304915,
    4096703,
    3811122,
    3575908,
    2873475,
    2302183,
    2947536,
    2336238,
    2430574,
    2519619,
    2175909,
    1915680,
    1675818,
    2102929,
    2089485,
    1867077,
    1483679,
    1789178,
    1140979,
    1706828,
    1563892,
    1481392,
    1377379,
    1429757,
    1272675,
    1122839,
    1391479,
    1349503,
    1150606,
    1169802,
    1276091,
    1199841,
    1073889,
    1135923,
    1125807,
    1150866,
    1046690,
    956247,
    1174142
  ],
  "runtime_genealogical_ancestors": 0.50347763,
  "runtime_genealogical_descendants": 0.56628248,
  "runtime_genetic_ancestors": 38.753955749,
  "runtime_genetic_descendants": 24.823671964,
  "seed": 2503,
  "segment_count": [
    22,
    101.632,
    158.836,
    215.708,
    272.444,
    329.012,
    384.972,
    443.132,
    499.196,
    559.716,
    618.948,
    676.252,
    731.324,
    790.864,
    846.12,
    903.092,
    961.184,
    1022.592,
    1075.448,
    1131.592,
    1189.164,
    1242.98,
    1300.252,
    1361.992,
    1420.964,
    1480.536,
    1538.052,
    1593.048,
    1651.244,
    1709.928,
    1766.74,
    1827.54,
    1885.396,
    1943.268,
    1999.872,
    2059.4,
    2112.632,
    2172.44,
    2224.088,
    2280.736,
    2341.068,
    2399.356,
    2449.8,
    2508.324,
    2564.012,
    2620.74,
    2678.468,
    2741.156,
    2800.024,
    2864.22
  ],
  "segment_len": [
    130681887,
    56576698,
    36200880,
    26656419,
    21105265,
    17476575,
    14936159,
    12975824,
    11518527,
    10273072,
    9289961,
    8502751,
    7862456,
    7270533,
    6795729,
    6367018,
    5982208,
    5622968,
    5346611,
    5081339,
    4835332,
    4625981,
    4422222,
    4221759,
    4046550,
    3883730,
    3738497,
    3609434,
    3482224,
    3362716,
    3254583,
    3146307,
    3049758,
    2958934,
    2875185,
    2792076,
    2721724,
    2646794,
    2585330,
    2521117,
    2456145,
    2396477,
    2347131,
    2292368,
    2242580,
    2194037,
    2146750,
    2097656,
    2053554,
    2007528
  ],
  "seq_len": 2875001522
}
