{
  "IAP": 16,
  "TMRCA": 9,
  "chrom_lengths": [
    248956422,
    242193529,
    198295559,
    190214555,
    181538259,
    170805979,
    159345973,
    145138636,
    138394717,
    133797422,
    135086622,
    133275309,
    114364328,
    107043718,
    101991189,
    90338345,
    83257441,
    80373285,
    58617616,
    64444167,
    46709983,
    50818468
  ],
  "genealogical_ancestors": [
    1,
    2,
    3.988,
    7.908,
    15.508,
    29.356,
    52.584,
    85.528,
    125.72,
    158.972,
    181.732,
    192.992,
    193.128,
    193.36,
    198.944,
    196.988,
    209,
    210,
    200,
    205,
    204,
    199,
    194,
    196,
    202,
    202,
    197,
    199,
    208,
    205,
    198,
    194,
    194,
    198,
    195,
    213,
    213,
    204,
    204,
    199,
    201,
    203,
    198,
    193,
    196,
    197,
    205,
    198,
    198,
    202
  ],
  "genealogical_descendants": [
    1,
    2.272727272727273,
    4.793269230769231,
    9.661764705882353,
    18.891625615763548,
    35.91044776119403,
    64.53233830845771,
    105.64676616915423,
    153.3084577114428,
    195.45273631840797,
    223.5273631840796,
    238.2139303482587,
    245.47761194029852,
    248.49751243781094,
    249.53731343283582,
    249.88059701492537,
    249.9900497512438,
    249.99502487562188,
    250,
    250,
    250,
    250,
    250,
    250,
    250,
    250,
    250,
    250,
    250,
    250,
    250,
    250,
    250,
    250,
    250,
    250,
    250,
    250,
    250,
    250,
    250,
    250,
    250,
    250,
    250,
    250,
    250,
    250,
    250,
    250
  ],
  "genetic_ancestors": [
    1,
    2,
    3.988,
    7.908,
    15.508,
    29.344,
    52.148,
    81.58,
    111.332,
    131.728,
    145.18,
    155.048,
    157.084,
    156.296,
    162.304,
    163.644,
    174.052,
    178.928,
    174.072,
    183.472,
    183.796,
    177.928,
    172.832,
    178.616,
    181.808,
    186.096,
    182.22,
    180.184,
    187.86,
    188.188,
    183.036,
    180.544,
    179.728,
    184.28,
    177.184,
    194.496,
    198.764,
    190.184,
    190.4,
    192.764,
    194.808,
    197.328,
    189.736,
    183.424,
    188.136,
    185.472,
    192.936,
    186.68,
    188.936,
    192.064
  ],
  "genetic_descendants": [
    1,
    2.272727272727273,
    4.793269230769231,
    9.661764705882353,
    18.891625615763548,
    35.90547263681592,
    64.02985074626865,
    101.1094527363184,
    136.59203980099502,
    163.4726368159204,
    182.11940298507463,
    192.90049751243782,
    200.02985074626866,
    205.1492537313433,
    210.74,
    213.465,
    215.775,
    217.8,
    219.88,
    221.645,
    223.325,
    224.435,
    225.96,
    227.215,
    228.15,
    228.67,
    229.735,
    230.515,
    231.315,
    232.225,
    232.955,
    233.64,
    234.57,
    235.08,
    235.365,
    235.6,
    236.14,
    236.915,
    237.445,
    237.91,
    238.09,
    238.39,
    238.63,
    238.91,
    239.42,
    239.265,
    240.085,
    239.695,
    240.28,
    240.81
  ],
  "num_gen": 50,
  "pop_size": 250,
  "recomb_rate": 1e-8,
  "roh_freq": [
    0,
    0,
    0.0019240853132320532,
    0.0039707020120318395,
    0.005278509497776885,
    0.01456415437681984,
    0.012741119238962269,
    0.010551775158329812,
    0.017157425179269176,
    0.01703371832719329,
    0.01886424757447485,
    0.022020380722428016,
    0.02396455813911044,
    0.0358806187915472,
    0.028961867600708697,
    0.03022886418910216,
    0.025438545773402897,
    0.03871686900901752,
    0.036737798810807035,
    0.02028957699313524,
    0.03687953300220896,
    0.04439944228036482,
    0.03662467916008289,
    0.04096639482474681,
    0.054386205522154854,
    0.04675023719726573,
    0.05279341795910186,
    0.04384177221454702,
    0.051227051922235464,
    0.04999885735434404,
    0.06470018417611119,
    0.06061843032026054,
    0.055721907619915335,
    0.06063574150692224,
    0.055668333800624685,
    0.08991244671765429,
    0.07379531117618658,
    0.07331775784152089,
    0.07079028523589075,
    0.05996839642716544,
    0.07070999482830882,
    0.08245690576994415,
    0.07927328547271635,
    0.07692422895628645,
    0.08237665979225176,
    0.09097101236247623,
    0.0901098349721152,
    0.08422862736418406,
    0.07756779362706717,
    0.10293865081439077
  ],
  "roh_len": [
    0,
    0,
    8808516,
    6637078,
    7953733,
    13052358,
    7082509,
    5390257,
    6570008,
    4773096,
    5371903,
    4775847,
    3952394,
    5291179,
    3859883,
    3477434,
    2517412,
    3355977,
    2638156,
    1427201,
    2317871,
    2531903,
    1937725,
    1887596,
    2466719,
    1953590,
    2008431,
    1576904,
    1688656,
    1643496,
    1840110,
    1654496,
    1460351,
    1462825,
    1288744,
    1852344,
    1500733,
    1391711,
    1257987,
    1003826,
    1128819,
    1307231,
    1188322,
    1084019,
    1152876,
    1227388,
    1156048,
    965016,
    885780,
    1113543
  ],
  "runtime_genealogical_ancestors": 0.423782054,
  "runtime_genealogical_descendants": 0.56613153,
  "runtime_genetic_ancestors": 37.548069916,
  "runtime_genetic_descendants": 23.980639621,
  "seed": 2505,
  "segment_count": [
    22,
    101.632,
    158.38,
    215.4,
    271.652,
    328.668,
    385.76,
    442.548,
    497.756,
    554.316,
    613.164,
    671.088,
    726.968,
    785.124,
    842.192,
    899.164,
    955.772,
    1011.788,
    1068.492,
    1129.096,
    1186.012,
    1243.064,
    1301.256,
    1358.024,
    1413.032,
    1468.64,
    1526.364,
    1582.956,
    1638.656,
    1695.208,
    1751.8,
    1808.38,
    1865.592,
    1926.944,
    1988.5,
    2043.744,
    2099.6,
    2156.72,
    2215,
    2275.836,
    2327.2,
    2384.912,
    2439.688,
    2497.484,
    2553.988,
    2604.02,
    2662.236,
    2722,
    2782.532,
    2840.332
  ],
  "segment_len": [
    130681887,
    56576698,
    36305108,
    26694535,
    21166798,
    17494867,
    14905648,
    12992947,
    11551850,
    10373150,
    9377593,
    8568180,
    7909568,
    7323687,
    6827425,
    6394832,
    6016082,
    5683011,
    5381418,
    5092572,
    4848182,
    4625669,
    4418810,
    4234095,
    4069265,
    3915188,
    3767124,
    3632446,
    3508975,
    3391915,
    3282339,
    3179643,
    3082133,
    2984001,
    2891628,
    2813465,
    2738618,
    2666086,
    2595938,
    2526545,
    2470781,
    2410991,
    2356859,
    2302318,
    2251382,
    2208125,
    2159839,
    2112418,
    2066464,
    2024412
  ],
  "seq_len": 2875001522
}
