{
  "IAP": 15,
  "TMRCA": 8,
  "chrom_lengths": [
    248956422,
    242193529,
    198295559,
    190214555,
    181538259,
    170805979,
    159345973,
    145138636,
    138394717,
    133797422,
    135086622,
    133275309,
    114364328,
    107043718,
    101991189,
    90338345,
    83257441,
    80373285,
    58617616,
    64444167,
    46709983,
    50818468
  ],
  "genealogical_ancestors": [
    1,
    2,
    3.988,
    7.844,
    15.368,
    28.716,
    52.404,
    87.444,
    126.412,
    159.6,
    182.18,
    181.496,
    192.216,
    196.872,
    192.72,
    192,
    193,
    195,
    184,
    189,
    190,
    193,
    193,
    201,
    200,
    198,
    206,
    203,
    198,
    191,
    187,
    195,
    196,
    200,
    198,
    203,
    201,
    203,
    196,
    199,
    201,
    194,
    198,
    199,
    192,
    197,
    189,
    197,
    205,
    200
  ],
  "genealogical_descendants": [
    1,
    2.2123893805309733,
    4.760765550239235,
    9.699507389162562,
    19.13,
    36.025,
    64.33165829145729,
    105.46231155778895,
    154.01005025125627,
    194.68341708542712,
    223.70854271356785,
    239.30150753768845,
    246.52763819095478,
    248.7286432160804,
    249.15075376884423,
    249.47738693467338,
    249.79899497487438,
    249.9748743718593,
    250,
    250,
    250,
    250,
    250,
    250,
    250,
    250,
    250,
    250,
    250,
    250,
    250,
    250,
    250,
    250,
    250,
    250,
    250,
    250,
    250,
    250,
    250,
    250,
    250,
    250,
    250,
    250,
    250,
    250,
    250,
    250
  ],
  "genetic_ancestors": [
    1,
    2,
    3.988,
    7.844,
    15.368,
    28.716,
    51.984,
    83.436,
    111.956,
    132.804,
    146.616,
    148.812,
    157.096,
    164.188,
    163.492,
    169.92,
    168.432,
    169.452,
    164.268,
    169.256,
    170.896,
    173.588,
    174.908,
    183.956,
    178.088,
    181.236,
    184.684,
    182.132,
    183.104,
    179.064,
    172.828,
    178.528,
    181.144,
    186.004,
    187.136,
    188.044,
    186.204,
    189.4,
    183.852,
    189.132,
    190.716,
    181.608,
    185.196,
    182.852,
    176.456,
    181.184,
    178.244,
    182.96,
    188.712,
    191.664
  ],
  "genetic_descendants": [
    1,
    2.2123893805309733,
    4.760765550239235,
    9.699507389162562,
    19.13,
    36.015,
    63.80402010050251,
    100.58291457286433,
    136.87437185929647,
    161.92964824120602,
    179.35175879396985,
    191.18090452261308,
    199.20603015075378,
    204.84924623115577,
    209.1608040201005,
    212.84422110552765,
    216.20100502512562,
    218.40201005025125,
    220.53266331658293,
    222.5427135678392,
    224.44723618090453,
    226.34170854271358,
    227.98994974874373,
    228.89447236180905,
    229.96984924623115,
    230.82412060301507,
    232.00502512562815,
    232.54773869346732,
    232.9396984924623,
    233.7889447236181,
    234.7035175879397,
    235.28643216080403,
    235.84924623115577,
    236.91959798994975,
    237.30653266331657,
    237.51256281407035,
    237.96482412060303,
    238.48743718592965,
    238.76884422110552,
    238.77386934673368,
    239.44723618090453,
    239.78391959798995,
    239.91959798994975,
    240.53768844221105,
    240.7286432160804,
    240.6180904522613,
    241.03517587939697,
    241.06532663316582,
    241.3467336683417,
    241.58291457286433
  ],
  "num_gen": 50,
  "pop_size": 250,
  "recomb_rate": 1e-8,
  "roh_freq": [
    0,
    0,
    0.0044628632652250816,
    0.003538541827596292,
    0.005307239833871643,
    0.011562937795203019,
    0.00718353214701359,
    0.00934225561637807,
    0.011992623647731064,
    0.03165620098200421,
    0.01579123759503874,
    0.028343951232176076,
    0.02652908739990573,
    0.016741355006489628,
    0.028460584700866116,
    0.025300894370796093,
    0.03066578642597324,
    0.031496163750552614,
    0.042953792016809926,
    0.04041806114494293,
    0.04650850208349907,
    0.032258684934358794,
    0.04039253489341283,
    0.04926271469987765,
    0.04276495406043127,
    0.04523524874850483,
    0.05170633990780893,
    0.05199065746720672,
    0.062220599867912,
    0.049472987874126066,
    0.0523143585480161,
    0.05418154124650234,
    0.06668250795590361,
    0.0688770825311584,
    0.057808664411552274,
    0.0691915721135399,
    0.07213797841878151,
    0.08339678280003358,
    0.08925755546226107,
    0.08716390017131963,
    0.0780260673587219,
    0.08331814832896635,
    0.09166317751813698,
    0.09695509214829556,
    0.09904818565309963,
    0.09318372627282387,
    0.0950776745028798,
    0.08040210255026084,
    0.08704389017433013,
    0.11792341771567243
  ],
  "roh_len": [
    0,
    0,
    17920026,
    6930049,
    7865114,
    9013954,
    5199563,
    4266041,
    5637477,
    7539067,
    3996464,
    4873738,
    4212945,
    2430388,
    3310041,
    2664472,
    2705750,
    2484130,
    3311493,
    2753079,
    2884459,
    1828544,
    2192926,
    2203060,
    1757021,
    1744345,
    2056210,
    1813027,
    1897775,
    1415554,
    1436961,
    1417346,
    1566686,
    1625046,
    1236533,
    1398522,
    1358091,
    1512336,
    1452628,
    1463182,
    1269841,
    1271874,
    1340719,
    1352033,
    1266539,
    1188758,
    1125353,
    944296,
    946415,
    1224200
  ],
  "runtime_genealogical_ancestors": 0.457995425,
  "runtime_genealogical_descendants": 0.607468148,
  "runtime_genetic_ancestors": 39.406146132,
  "runtime_genetic_descendants": 24.422553493,
  "seed": 2506,
  "segment_count": [
    22,
    101.632,
    158.98,
    216.832,
    273.864,
    330.828,
    386.044,
    444,
    500.78,
    558.152,
    615.404,
    671.276,
    729.236,
    786.9,
    844.088,
    904.772,
    961.292,
    1019.976,
    1076.372,
    1136.148,
    1195.936,
    1256.184,
    1310.852,
    1366.82,
    1419.64,
    1477.848,
    1538.004,
    1598.724,
    1657.52,
    1718.732,
    1776.82,
    1836.304,
    1893.608,
    1945.752,
    2002.992,
    2058.476,
    2115.332,
    2169.848,
    2225.836,
    2283.192,
    2339.048,
    2399.852,
    2457.44,
    2513.668,
    2568.944,
    2621.74,
    2680.92,
    2739.3,
    2804.728,
    2859.364
  ],
  "segment_len": [
    130681887,
    56576698,
    36168090,
    26518240,
    20995833,
    17380642,
    14894683,
    12950457,
    11482094,
    10301858,
    9343460,
    8565780,
    7884968,
    7307158,
    6812089,
    6355195,
    5981536,
    5637390,
    5342022,
    5060963,
    4807952,
    4577357,
    4386462,
    4206847,
    4050324,
    3890794,
    3738613,
    3596620,
    3469039,
    3345491,
    3236120,
    3131291,
    3036532,
    2955157,
    2870706,
    2793330,
    2718250,
    2649956,
    2583300,
    2518405,
    2458266,
    2395982,
    2339834,
    2287495,
    2238274,
    2193201,
    2144787,
    2099077,
    2050110,
    2010937
  ],
  "seq_len": 2875001522
}
