{
  "IAP": 16,
  "TMRCA": 8,
  "chrom_lengths": [
    248956422,
    242193529,
    198295559,
    190214555,
    181538259,
    170805979,
    159345973,
    145138636,
    138394717,
    133797422,
    135086622,
    133275309,
    114364328,
    107043718,
    101991189,
    90338345,
    83257441,
    80373285,
    58617616,
    64444167,
    46709983,
    50818468
  ],
  "genealogical_ancestors": [
    1,
    2,
    3.988,
    7.864,
    15.28,
    28.992,
    52.308,
    86.092,
    126.616,
    157.504,
    183.276,
    187.624,
    191.108,
    203.76,
    201.32,
    198.412,
    206,
    200,
    202,
    202,
    192,
    202,
    203,
    201,
    201,
    204,
    208,
    205,
    203,
    200,
    206,
    210,
    201,
    201,
    203,
    199,
    196,
    201,
    194,
    201,
    201,
    198,
    195,
    198,
    199,
    198,
    198,
    199,
    191,
    194
  ],
  "genealogical_descendants": [
    1,
    2.347417840375587,
    4.960199004975125,
    10.051020408163266,
    19.742268041237114,
    37.427083333333336,
    66.546875,
    108.48958333333333,
    156.04166666666666,
    197.578125,
    225.52083333333334,
    239.984375,
    246.65104166666666,
    249.23958333333334,
    249.97395833333334,
    250,
    250,
    250,
    250,
    250,
    250,
    250,
    250,
    250,
    250,
    250,
    250,
    250,
    250,
    250,
    250,
    250,
    250,
    250,
    250,
    250,
    250,
    250,
    250,
    250,
    250,
    250,
    250,
    250,
    250,
    250,
    250,
    250,
    250,
    250
  ],
  "genetic_ancestors": [
    1,
    2,
    3.988,
    7.864,
    15.28,
    28.968,
    51.772,
    81.88,
    111.704,
    130.572,
    147.36,
    150.696,
    151.86,
    165.672,
    168.352,
    166.676,
    175.764,
    174.064,
    177.996,
    179.428,
    171.744,
    177.348,
    180.956,
    180.628,
    184.688,
    187.708,
    190.784,
    187.952,
    186.244,
    186.068,
    192.864,
    195.728,
    188.076,
    186.26,
    189.184,
    189.324,
    183.776,
    187.412,
    182.2,
    190.42,
    192.624,
    190.364,
    185.272,
    192.288,
    193.568,
    192.34,
    190.488,
    188.28,
    180.588,
    183.984
  ],
  "genetic_descendants": [
    1,
    2.347417840375587,
    4.960199004975125,
    10.051020408163266,
    19.742268041237114,
    37.427083333333336,
    66.078125,
    103.44791666666667,
    138.8125,
    164.96875,
    182.53125,
    193.359375,
    200.3125,
    206.05729166666666,
    209.609375,
    212.95833333333334,
    216.9375,
    219.45833333333334,
    221.375,
    223.08854166666666,
    224.72916666666666,
    226.40104166666666,
    227.4375,
    228.3125,
    229.70833333333334,
    230.43229166666666,
    231.10416666666666,
    231.61979166666666,
    232.68229166666666,
    233.625,
    233.72916666666666,
    234.14583333333334,
    234.83333333333334,
    234.90104166666666,
    235.33333333333334,
    235.56770833333334,
    236.14583333333334,
    236.80729166666666,
    237.00520833333334,
    237.171875,
    237.84375,
    238.23958333333334,
    237.96354166666666,
    238.06770833333334,
    238.22916666666666,
    238.50520833333334,
    238.875,
    238.92708333333334,
    239.29166666666666,
    239.54166666666666
  ],
  "num_gen": 50,
  "pop_size": 250,
  "recomb_rate": 1e-8,
  "roh_freq": [
    0,
    0,
    0.005697947149817196,
    0.005129121665904983,
    0.005766127695288226,
    0.008526771058871112,
    0.008758658414372832,
    0.006454360567813292,
    0.010990772461928457,
    0.013229357333188918,
    0.02106990488334079,
    0.017027388640109387,
    0.03241996739089031,
    0.024359134877703206,
    0.0285658367787118,
    0.02353255471841799,
    0.024088452703086953,
    0.02854766543807068,
    0.03886693743878999,
    0.0415707092540454,
    0.03762949375162104,
    0.03223379203066731,
    0.04430975845723396,
    0.05571594411281151,
    0.047950301644396835,
    0.05105294522762343,
    0.04206153871107412,
    0.05214882583982159,
    0.05705800026912125,
    0.05616446020232751,
    0.05215514436030271,
    0.05957843357830403,
    0.08360535201970581,
    0.08181631240332957,
    0.0802272391562233,
    0.08320333371705255,
    0.06706206156505819,
    0.06320550349259954,
    0.06393320721309866,
    0.0690263585634373,
    0.07065706309980868,
    0.08551124922152302,
    0.08162148304142706,
    0.0785265605462869,
    0.09530870962787616,
    0.09531718729295338,
    0.0966316828349839,
    0.10183884604566133,
    0.10317833003498494,
    0.12091621896678774
  ],
  "roh_len": [
    0,
    0,
    28440289,
    12047575,
    9009579,
    5690454,
    5207021,
    3157981,
    3579348,
    3759828,
    5545222,
    3323857,
    5088854,
    3090580,
    3307298,
    2457006,
    2245018,
    2212730,
    2692071,
    2655671,
    2286626,
    1698163,
    2187940,
    2530064,
    2030297,
    1973555,
    1540706,
    1695327,
    1732080,
    1592183,
    1441346,
    1513573,
    1986097,
    1790885,
    1780777,
    1758274,
    1311089,
    1208571,
    1103978,
    1185036,
    1191432,
    1300519,
    1205768,
    1118152,
    1284587,
    1207701,
    1204774,
    1155834,
    1130066,
    1272043
  ],
  "runtime_genealogical_ancestors": 0.554605551,
  "runtime_genealogical_descendants": 0.634563185,
  "runtime_genetic_ancestors": 39.536067017,
  "runtime_genetic_descendants": 24.974887844,
  "seed": 2507,
  "segment_count": [
    22,
    101.632,
    158.456,
    216.492,
    273.584,
    330.7,
    386.88,
    444.944,
    501.352,
    557.508,
    615.164,
    671.984,
    728.008,
    786.972,
    845.08,
    902.636,
    960.924,
    1017.92,
    1075.78,
    1135.42,
    1193.572,
    1247.844,
    1304.244,
    1356.904,
    1414.812,
    1472.068,
    1530.2,
    1587.756,
    1643.516,
    1696.84,
    1754.176,
    1815.384,
    1869.108,
    1931,
    1988.184,
    2046.864,
    2103.112,
    2158.064,
    2215.212,
    2274.36,
    2330.648,
    2387.2,
    2448.504,
    2505.28,
    2561.12,
    2621.964,
    2680.064,
    2735.408,
    2797.292,
    2853.144
  ],
  "segment_len": [
    130681887,
    56576698,
    36287695,
    26559886,
    21017322,
    17387369,
    14862497,
    12922981,
    11468993,
    10313758,
    9347105,
    8556755,
    7898269,
    7306489,
    6804093,
    6370234,
    5983827,
    5648776,
    5344961,
    5064207,
    4817474,
    4607950,
    4408686,
    4237590,
    4064146,
    3906071,
    3757680,
    3621465,
    3498598,
    3388653,
    3277894,
    3167375,
    3076335,
    2977733,
    2892087,
    2809176,
    2734045,
    2664426,
    2595689,
    2528185,
    2467126,
    2408680,
    2348373,
    2295153,
    2245112,
    2193013,
    2145472,
    2102064,
    2055560,
    2015321
  ],
  "seq_len": 2875001522
}
