{
  "IAP": 15,
  "TMRCA": 8,
  "chrom_lengths": [
    248956422,
    242193529,
    198295559,
    190214555,
    181538259,
    170805979,
    159345973,
    145138636,
    138394717,
    133797422,
    135086622,
    133275309,
    114364328,
    107043718,
    101991189,
    90338345,
    83257441,
    80373285,
    58617616,
    64444167,
    46709983,
    50818468
  ],
  "genealogical_ancestors": [
    1,
    2,
    3.976,
    7.848,
    15.212,
    28.624,
    50.72,
    80.584,
    118.08,
    152.108,
    173.436,
    183.804,
    195.16,
    203.696,
    204.556,
    205,
    204,
    196,
    207,
    208,
    199,
    205,
    198,
    203,
    210,
    205,
    198,
    198,
    205,
    213,
    204,
    199,
    200,
    201,
    203,
    203,
    206,
    207,
    201,
    194,
    208,
    201,
    195,
    203,
    205,
    198,
    201,
    191,
    199,
    198
  ],
  "genealogical_descendants": [
    1,
    2.304147465437788,
    4.911330049261084,
    9.79,
    19.185929648241206,
    36.2964824120603,
    65.26633165829146,
    106.74874371859296,
    153.96984924623115,
    194.95477386934672,
    222.22613065326632,
    236.46231155778895,
    244.20603015075378,
    247.91959798994975,
    249.4321608040201,
    249.85427135678393,
    249.97989949748742,
    250,
    250,
    250,
    250,
    250,
    250,
    250,
    250,
    250,
    250,
    250,
    250,
    250,
    250,
    250,
    250,
    250,
    250,
    250,
    250,
    250,
    250,
    250,
    250,
    250,
    250,
    250,
    250,
    250,
    250,
    250,
    250,
    250
  ],
  "genetic_ancestors": [
    1,
    2,
    3.976,
    7.848,
    15.212,
    28.62,
    50.304,
    77.196,
    105.564,
    127.092,
    139.616,
    150.576,
    159.588,
    168.384,
    173.816,
    176.428,
    174.504,
    172.196,
    182.412,
    185.216,
    180.224,
    182.52,
    176.424,
    181.984,
    189.104,
    189.22,
    183.912,
    178.048,
    187.14,
    197.796,
    192.476,
    187.532,
    191.028,
    189.536,
    189.656,
    188.916,
    191.788,
    190.924,
    185.044,
    181.128,
    194.744,
    187.712,
    183.656,
    187.612,
    190.96,
    185.008,
    189.652,
    178.584,
    187.6,
    189.164
  ],
  "genetic_descendants": [
    1,
    2.304147465437788,
    4.911330049261084,
    9.79,
    19.185929648241206,
    36.28643216080402,
    64.75879396984925,
    101.7286432160804,
    137.09547738693468,
    163.18090452261308,
    180.28643216080403,
    191.03015075376885,
    197.9396984924623,
    203.55778894472363,
    207.10050251256283,
    210.63819095477388,
    213.21608040201005,
    215.643216080402,
    217.9145728643216,
    219.2211055276382,
    220.46733668341707,
    221.70854271356785,
    223.05527638190955,
    224.2110552763819,
    225.4070351758794,
    226.58291457286433,
    227.80402010050253,
    228.17587939698493,
    229.4070351758794,
    229.90954773869348,
    230.95979899497488,
    231.24120603015075,
    231.86934673366835,
    232.8643216080402,
    233.22613065326632,
    233.8391959798995,
    234.1356783919598,
    234.32663316582915,
    234.57788944723617,
    234.87939698492463,
    235.30150753768845,
    235.8643216080402,
    237.33333333333334,
    237.35858585858585,
    238.13636363636363,
    237.94949494949495,
    238.07070707070707,
    238.25252525252526,
    238.75757575757575,
    238.87373737373738
  ],
  "num_gen": 50,
  "pop_size": 250,
  "recomb_rate": 1e-8,
  "roh_freq": [
    0,
    0,
    0.003106788617553991,
    0.006450415658597345,
    0.006916395904433195,
    0.006735652079421751,
    0.005143414120251725,
    0.02049746269873453,
    0.012496102711976233,
    0.015653171371086322,
    0.021693986332435758,
    0.025259112848567043,
    0.024238858320854827,
    0.030362234240236343,
    0.027678289741093223,
    0.02387946607980961,
    0.04732576285015268,
    0.03933891146927887,
    0.033531563390942785,
    0.03168090614179508,
    0.035812587087736505,
    0.046505967986753646,
    0.041237148772542455,
    0.031075761097284042,
    0.049664524119163236,
    0.05608472968036224,
    0.036506456455364614,
    0.044577691212783994,
    0.0561188331294386,
    0.04421645302767252,
    0.06982728126291406,
    0.049145508577577726,
    0.0640773750185166,
    0.06892712641701343,
    0.07198819221216399,
    0.07633678570970857,
    0.0755312618077981,
    0.07644117540748904,
    0.06984187697414374,
    0.08952910730180824,
    0.08100435414795581,
    0.07510391579959658,
    0.07539065224606166,
    0.09606179758676316,
    0.07305137765697503,
    0.09608536850715448,
    0.08195839919141441,
    0.09584513116094273,
    0.09089593541300393,
    0.09639935895797414
  ],
  "roh_len": [
    0,
    0,
    23505321,
    9072874,
    7520668,
    6752095,
    3779990,
    9654363,
    3705271,
    4376010,
    5298185,
    4681536,
    4332675,
    4481081,
    3402973,
    2702042,
    4473357,
    3094883,
    2888055,
    2277977,
    2243750,
    2578186,
    2158247,
    1591883,
    2139943,
    2297573,
    1403306,
    1666245,
    1857491,
    1324025,
    2027322,
    1339477,
    1704438,
    1642946,
    1590481,
    1550662,
    1519696,
    1448819,
    1260201,
    1550767,
    1339235,
    1211639,
    1133170,
    1346604,
    983768,
    1299710,
    1043480,
    1147973,
    1030026,
    1033518
  ],
  "runtime_genealogical_ancestors": 0.473434771,
  "runtime_genealogical_descendants": 0.57198039,
  "runtime_genetic_ancestors": 38.450588286,
  "runtime_genetic_descendants": 25.088374037,
  "seed": 2504,
  "segment_count": [
    22,
    101.632,
    159,
    216.836,
    273.804,
    330.2,
    386.644,
    444.064,
    501.268,
    558.576,
    617.192,
    674.348,
    733.108,
    792.3,
    847.864,
    907.992,
    964.124,
    1023.176,
    1081.78,
    1143.032,
    1199.876,
    1257.252,
    1316.212,
    1370.22,
    1425.48,
    1483.56,
    1541.072,
    1602.044,
    1659.848,
    1716.596,
    1776.088,
    1833.66,
    1889.828,
    1950.112,
    2005.764,
    2059.956,
    2118.872,
    2178.784,
    2236.308,
    2301.516,
    2357.256,
    2416.796,
    2470.944,
    2529.352,
    2586.48,
    2637.884,
    2696.96,
    2753.968,
    2815.488,
    2874.048
  ],
  "segment_len": [
    130681887,
    56576698,
    36163541,
    26517750,
    21000434,
    17413697,
    14871569,
    12948590,
    11470915,
    10294038,
    9316392,
    8526759,
    7843323,
    7257355,
    6781751,
    6332658,
    5963966,
    5619759,
    5315316,
    5030482,
    4792164,
    4573468,
    4368599,
    4196408,
    4033731,
    3875814,
    3731170,
    3589166,
    3464174,
    3349654,
    3237453,
    3135806,
    3042606,
    2948550,
    2866739,
    2791323,
    2713709,
    2639088,
    2571203,
    2498354,
    2439278,
    2379184,
    2327047,
    2273310,
    2223099,
    2179778,
    2132031,
    2087897,
    2042275,
    2000663
  ],
  "seq_len": 2875001522
}
