{
  "IAP": 13,
  "TMRCA": 6,
  "chrom_lengths": [
    248956422,
    242193529,
    198295559,
    190214555,
    181538259,
    170805979,
    159345973,
    145138636,
    138394717,
    133797422,
    135086622,
    133275309,
    114364328,
    107043718,
    101991189,
    90338345,
    83257441,
    80373285,
    58617616,
    64444167,
    46709983,
    50818468
  ],
  "genealogical_ancestors": [
    1,
    2,
    3.98,
    7.48,
    13.12,
    20.52,
    28.88,
    30.22,
    34.82,
    38.72,
    42.04,
    35.94,
    38.94,
    41,
    39,
    40,
    40,
    44,
    44,
    42,
    41,
    44,
    42,
    43,
    42,
    37,
    40,
    39,
    39,
    42,
    44,
    40,
    39,
    38,
    37,
    43,
    43,
    44,
    43,
    45,
    39,
    38,
    39,
    39,
    40,
    40,
    38,
    41,
    41,
    41,
    43,
    41,
    41,
    43,
    41,
    44,
    38,
    39,
    39,
    38,
    34,
    36,
    36,
    42,
    40,
    43,
    40,
    40,
    40,
    39,
    41,
    42,
    39,
    42,
    42,
    40,
    40,
    41,
    44,
    45,
    42,
    41,
    42,
    43,
    42,
    43,
    43,
    41,
    41,
    41,
    36,
    38,
    42,
    41,
    42,
    42,
    37,
    38,
    40,
    41
  ],
  "genealogical_descendants": [
    1,
    2.127659574468085,
    4.4772727272727275,
    8.454545454545455,
    14.477272727272727,
    23.232558139534884,
    31.837209302325583,
    39.27906976744186,
    43.95348837209303,
    46.116279069767444,
    47.7906976744186,
    48.95348837209303,
    49.72093023255814,
    49.86046511627907,
    50,
    50,
    50,
    50,
    50,
    50,
    50,
    50,
    50,
    50,
    50,
    50,
    50,
    50,
    50,
    50,
    50,
    50,
    50,
    50,
    50,
    50,
    50,
    50,
    50,
    50,
    50,
    50,
    50,
    50,
    50,
    50,
    50,
    50,
    50,
    50,
    50,
    50,
    50,
    50,
    50,
    50,
    50,
    50,
    50,
    50,
    50,
    50,
    50,
    50,
    50,
    50,
    50,
    50,
    50,
    50,
    50,
    50,
    50,
    50,
    50,
    50,
    50,
    50,
    50,
    50,
    50,
    50,
    50,
    50,
    50,
    50,
    50,
    50,
    50,
    50,
    50,
    50,
    50,
    50,
    50,
    50,
    50,
    50,
    50,
    50
  ],
  "genetic_ancestors": [
    1,
    2,
    3.98,
    7.48,
    13.12,
    20.52,
    28.82,
    29.84,
    33.72,
    37.02,
    39.48,
    34.38,
    36.96,
    38.78,
    37.94,
    39.72,
    39.42,
    43.02,
    43.86,
    41.18,
    40.48,
    42.08,
    40.98,
    41.38,
    39.84,
    34.96,
    38.74,
    36.6,
    36.68,
    40.26,
    42.96,
    39.4,
    37.88,
    36.8,
    35.52,
    41.66,
    41.64,
    43.16,
    42.62,
    44.02,
    39,
    38,
    38.86,
    38.64,
    40,
    39.92,
    37.76,
    41,
    40.98,
    39.98,
    40.5,
    40,
    40,
    41,
    38.98,
    44,
    37.96,
    38.9,
    37.88,
    36.74,
    33.74,
    36,
    36,
    41.96,
    39.86,
    41.8,
    39.14,
    38.66,
    39.76,
    38.28,
    40.58,
    41.3,
    37.96,
    41.92,
    41.5,
    39.68,
    39,
    40.98,
    43.96,
    44.98,
    41.96,
    41,
    41.9,
    41.92,
    40.92,
    41.94,
    42.94,
    41,
    41,
    40.98,
    35,
    36.88,
    40,
    38,
    41,
    39.98,
    36.98,
    38,
    40,
    41
  ],
  "genetic_descendants": [
    1,
    2.127659574468085,
    4.4772727272727275,
    8.454545454545455,
    14.477272727272727,
    23.232558139534884,
    31.697674418604652,
    38.604651162790695,
    42.51162790697674,
    44.27906976744186,
    46.523809523809526,
    47.166666666666664,
    47.642857142857146,
    47.857142857142854,
    48,
    48.142857142857146,
    48.26190476190476,
    48.166666666666664,
    48.26190476190476,
    48.142857142857146,
    48.23809523809524,
    48.333333333333336,
    48.54761904761905,
    48.80952380952381,
    48.833333333333336,
    48.666666666666664,
    48.642857142857146,
    48.642857142857146,
    48.642857142857146,
    48.57142857142857,
    48.714285714285715,
    48.642857142857146,
    48.857142857142854,
    48.904761904761905,
    49,
    49.023809523809526,
    48.976190476190474,
    49.023809523809526,
    49.142857142857146,
    48.976190476190474,
    48.88095238095238,
    49.11904761904762,
    49.11904761904762,
    49.285714285714285,
    49.30952380952381,
    49.11904761904762,
    49.095238095238095,
    48.95238095238095,
    48.904761904761905,
    48.95238095238095,
    49,
    48.88095238095238,
    48.92857142857143,
    48.73809523809524,
    48.76190476190476,
    48.785714285714285,
    48.76190476190476,
    48.80952380952381,
    48.666666666666664,
    48.61904761904762,
    48.73809523809524,
    48.642857142857146,
    48.785714285714285,
    49.04761904761905,
    49.023809523809526,
    48.976190476190474,
    48.976190476190474,
    48.80952380952381,
    48.833333333333336,
    48.88095238095238,
    48.95238095238095,
    48.95238095238095,
    49.095238095238095,
    49.214285714285715,
    49.023809523809526,
    48.95238095238095,
    49.11904761904762,
    49.095238095238095,
    49.23809523809524,
    49,
    49,
    49.023809523809526,
    48.904761904761905,
    48.904761904761905,
    48.88095238095238,
    48.904761904761905,
    48.92857142857143,
    49,
    48.95238095238095,
    48.857142857142854,
    48.904761904761905,
    48.785714285714285,
    48.785714285714285,
    48.785714285714285,
    48.833333333333336,
    48.69047619047619,
    48.666666666666664,
    48.523809523809526,
    48.5,
    48.523809523809526
  ],
  "num_gen": 100,
  "pop_size": 50,
  "recomb_rate": 1e-8,