{
  "IAP": 11,
  "TMRCA": 6,
  "chrom_lengths": [
    248956422,
    242193529,
    198295559,
    190214555,
    181538259,
    170805979,
    159345973,
    145138636,
    138394717,
    133797422,
    135086622,
    133275309,
    114364328,
    107043718,
    101991189,
    90338345,
    83257441,
    80373285,
    58617616,
    64444167,
    46709983,
    50818468
  ],
  "genealogical_ancestors": [
    1,
    2,
    3.92,
    7.44,
    12.9,
    20.28,
    29.02,
    32.6,
    33.06,
    34.6,
    37.06,
    38,
    42,
    42,
    43,
    44,
    42,
    42,
    41,
    43,
    41,
    43,
    41,
    43,
    43,
    43,
    41,
    42,
    42,
    41,
    40,
    39,
    41,
    39,
    42,
    41,
    44,
    41,
    41,
    41,
    41,
    40,
    38,
    41,
    42,
    40,
    42,
    43,
    42,
    38
  ],
  "genealogical_descendants": [
    1,
    2.3255813953488373,
    4.642857142857143,
    8.904761904761905,
    15.666666666666666,
    24.952380952380953,
    33.785714285714285,
    41.04761904761905,
    45.57142857142857,
    47.904761904761905,
    49.166666666666664,
    49.833333333333336,
    49.976190476190474,
    50,
    50,
    50,
    50,
    50,
    50,
    50,
    50,
    50,
    50,
    50,
    50,
    50,
    50,
    50,
    50,
    50,
    50,
    50,
    50,
    50,
    50,
    50,
    50,
    50,
    50,
    50,
    50,
    50,
    50,
    50,
    50,
    50,
    50,
    50,
    50,
    50
  ],
  "genetic_ancestors": [
    1,
    2,
    3.92,
    7.44,
    12.9,
    20.28,
    28.98,
    32.28,
    32.04,
    33.4,
    35.84,
    36.24,
    39.84,
    40.34,
    40.76,
    43.06,
    40.9,
    40.38,
    39.08,
    41.82,
    40.96,
    42.62,
    40.66,
    41.32,
    40.44,
    39.92,
    38.8,
    40.84,
    40.98,
    40.96,
    38.94,
    37.84,
    40.82,
    38.82,
    41.68,
    40.88,
    43.98,
    40.7,
    40.7,
    39.84,
    40.98,
    39.88,
    37,
    39.92,
    41.24,
    39.72,
    41.32,
    41.84,
    40.38,
    34.38
  ],
  "genetic_descendants": [
    1,
    2.3255813953488373,
    4.642857142857143,
    8.904761904761905,
    15.666666666666666,
    24.952380952380953,
    33.57142857142857,
    40.357142857142854,
    44.11904761904762,
    46.11904761904762,
    46.92857142857143,
    47.57142857142857,
    47.92857142857143,
    48.26190476190476,
    48.285714285714285,
    48.54761904761905,
    48.523809523809526,
    48.57142857142857,
    48.88095238095238,
    48.80952380952381,
    48.904761904761905,
    48.904761904761905,
    49.023809523809526,
    49.023809523809526,
    49.23809523809524,
    49.333333333333336,
    49.166666666666664,
    49.30952380952381,
    49.38095238095238,
    49.5,
    49.666666666666664,
    49.523809523809526,
    49.476190476190474,
    49.45238095238095,
    49.23809523809524,
    49.5,
    49.38095238095238,
    49.476190476190474,
    49.595238095238095,
    49.523809523809526,
    49.57142857142857,
    49.523809523809526,
    49.61904761904762,
    49.76190476190476,
    49.76190476190476,
    49.88095238095238,
    49.95238095238095,
    49.904761904761905,
    49.904761904761905,
    49.95238095238095
  ],
  "num_gen": 50,
  "pop_size": 50,
  "recomb_rate": 1e-8,
  "roh_freq": [
    0,
    0,
    0.014402045857421287,
    0.012756415097299556,
    0.04743684674125888,
    0.05508572579461751,
    0.05630814583617462,
    0.046204148339925644,
    0.04692271618908729,
    0.09202558059028394,
    0.13392591428339423,
    0.11865136913830128,
    0.11635577282313521,
    0.09821279432352245,
    0.09686399199756668,
    0.14163929352521573,
    0.1714828267976131,
    0.12071040690739501,
    0.1580270131418734,
    0.13315719619991215,
    0.20762140799311898,
    0.15776303405379552,
    0.18457857282483903,
    0.2151395749069798,
    0.18339648794105926,
    0.1886921053810837,
    0.19176623164236364,
    0.19427309599177317,
    0.23858228168270168,
    0.20141205033421195,
    0.17455500888600922,
    0.21011813158963608,
    0.23463904651804215,
    0.2475641814286316,
    0.36174852036826155,
    0.29147392374841324,
    0.2559270618987867,
    0.31238838322256723,
    0.2900799470255028,
    0.307863968671666,
    0.26668497246103373,
    0.31216235946743964,
    0.26144261441542294,
    0.35822770452780306,
    0.3607366289456872,
    0.3019737173203486,
    0.4055259132485426,
    0.3368397009843392,
    0.36728688081021477,
    0.3336498418243272
  ],
  "roh_len": [
    0,
    0,
    10782787,
    8113874,
    15858256,
    10061724,
    6900511,
    4329758,
    3933028,
    5558270,
    6940108,
    5259371,
    4015882,
    3569683,
    2952545,
    3537907,
    4059728,
    2481002,
    3073521,
    2279275,
    3139988,
    2089216,
    2394043,
    2133733,
    1993591,
    1875959,
    1760981,
    1693147,
    1909376,
    1535397,
    1253048,
    1391527,
    1433645,
    1445935,
    2064775,
    1539456,
    1280526,
    1442851,
    1341623,
    1382594,
    1109547,
    1220944,
    1012484,
    1295739,
    1238794,
    962969,
    1299357,
    1046256,
    1058320,
    971130
  ],
  "runtime_genealogical_ancestors": 0.024989305,
  "runtime_genealogical_descendants": 0.025772097,
  "runtime_genetic_ancestors": 9.168169071,
  "runtime_genetic_descendants": 5.16427288,
  "seed": 501,
  "segment_count": [
    22,
    102.02,
    159.5,
    216.8,
    272.44,
    331.14,
    388.56,
    448.44,
    504.5,
    561.8,
    620.26,
    680.4,
    742.74,
    800.18,
    856.14,
    912.16,
    970.02,
    1025.9,
    1070.6,
    1120.46,
    1183.98,
    1248.98,
    1310.46,
    1365.1,
    1428.04,
    1485.5,
    1542.94,
    1605.72,
    1662.26,
    1721.3,
    1774.46,
    1826.6,
    1884.22,
    1942.14,
    2005.54,
    2066.4,
    2130.7,
    2179.12,
    2236.62,
    2291.82,
    2346.14,
    2394.2,
    2448.82,
    2502.98,
    2578.64,
    2637.28,
    2697.94,
    2758.84,
    2812.22,
    2872.14
  ],
  "segment_len": [
    130681887,
    56361527,
    36050175,
    26522154,
    21105575,
    17364266,
    14798237,
    12822234,
    11397429,
    10234964,
    9270310,
    8450915,
    7741609,
    7185886,
    6716194,
    6303721,
    5927715,
    5604837,
    5370822,
    5131823,
    4856503,
    4603759,
    4387774,
    4212147,
    4026499,
    3870752,
    3726653,
    3580950,
    3459147,
    3340500,
    3240424,
    3147926,
    3051662,
    2960653,
    2867059,
    2782618,
    2698645,
    2638681,
    2570844,
    2508924,
    2450835,
    2401638,
    2348070,
    2297262,
    2229858,
    2180277,
    2131256,
    2084210,
    2044649,
    2001992
  ],
  "seq_len": 2875001522
}
