{
  "IAP": 19,
  "TMRCA": 9,
  "chrom_lengths": [
    248956422,
    242193529,
    198295559,
    190214555,
    181538259,
    170805979,
    159345973,
    145138636,
    138394717,
    133797422,
    135086622,
    133275309,
    114364328,
    107043718,
    101991189,
    90338345,
    83257441,
    80373285,
    58617616,
    64444167,
    46709983,
    50818468
  ],
  "genealogical_ancestors": [
    1,
    2,
    3.994,
    7.948,
    15.726,
    30.55,
    57.198,
    103.492,
    172.636,
    251.108,
    315.01,
    359.1,
    380.462,
    383.966,
    390.23,
    395.706,
    398.748,
    397.756,
    412.998,
    404,
    411,
    401,
    409,
    405,
    407,
    397,
    395,
    402,
    399,
    407,
    417,
    398,
    393,
    387,
    394,
    393,
    390,
    403,
    402,
    410,
    396,
    389,
    394,
    383,
    385,
    387,
    385,
    398,
    397,
    385
  ],
  "genealogical_descendants": [
    1,
    2.293577981651376,
    4.8777506112469435,
    9.890274314214464,
    19.598997493734334,
    37.957393483709275,
    71.41353383458646,
    127.88972431077694,
    212.09273182957392,
    310.16541353383457,
    395.0501253132832,
    450.1779448621554,
    477.77694235588973,
    490.15538847117796,
    494.78195488721803,
    496.70426065162906,
    498.16791979949875,
    499.3157894736842,
    499.8721804511278,
    499.98496240601503,
    500,
    500,
    500,
    500,
    500,
    500,
    500,
    500,
    500,
    500,
    500,
    500,
    500,
    500,
    500,
    500,
    500,
    500,
    500,
    500,
    500,
    500,
    500,
    500,
    500,
    500,
    500,
    500,
    500,
    500
  ],
  "genetic_ancestors": [
    1,
    2,
    3.994,
    7.948,
    15.726,
    30.538,
    56.698,
    97.578,
    145.832,
    187.396,
    217.634,
    240.842,
    258.234,
    262.604,
    271.44,
    283.354,
    291.268,
    296.49,
    309.71,
    306.082,
    314.854,
    311.526,
    325.616,
    327.186,
    328.352,
    319.578,
    325.44,
    340.578,
    342.822,
    344.464,
    352.676,
    343.126,
    332.994,
    336.018,
    342.634,
    349.184,
    347.876,
    360.5,
    362.832,
    365.188,
    348.998,
    352.146,
    360.214,
    348.498,
    349.522,
    350.712,
    351.898,
    362.522,
    362.79,
    353.364
  ],
  "genetic_descendants": [
    1,
    2.293577981651376,
    4.8777506112469435,
    9.890274314214464,
    19.598997493734334,
    37.94235588972431,
    70.88220551378446,
    121.24120603015075,
    181.15075376884423,
    235.07286432160805,
    274.4899497487437,
    303.53015075376885,
    323.84422110552765,
    339.5753768844221,
    351.59547738693465,
    362.10552763819095,
    370.45226130653265,
    378.06532663316585,
    384.90954773869345,
    390.9070351758794,
    395.7361809045226,
    400.4673366834171,
    405.18341708542715,
    409.40201005025125,
    412.84422110552765,
    416.07035175879395,
    419.76633165829145,
    422.7613065326633,
    425.23115577889445,
    427.47236180904525,
    429.6532663316583,
    431.9572864321608,
    433.9396984924623,
    435.96984924623115,
    438.0929648241206,
    439.5854271356784,
    441.356783919598,
    442.5,
    443.8040201005025,
    445.00251256281405,
    446.2286432160804,
    448.06281407035175,
    450.15617128463475,
    451.3073047858942,
    452.91435768261965,
    453.85642317380353,
    454.4231738035264,
    455.3778337531486,
    456.8413098236776,
    457.3828715365239
  ],
  "num_gen": 50,
  "pop_size": 500,
  "recomb_rate": 1e-8,
  "roh_freq": [
    0,
    0,
    0.0023403744222435232,
    0.005868959474589106,
    0.005068616908370458,
    0.004828477776367591,
    0.006742201067259122,
    0.004967735731863031,
    0.007290923789639649,
    0.009593972244164955,
    0.013068713899623458,
    0.006830767561590181,
    0.015160174610161477,
    0.014337025514799014,
    0.01887365913401419,
    0.01399112610208907,
    0.013867690200130612,
    0.02394353920693333,
    0.017709490717967,
    0.022627884907255365,
    0.020527682245171347,
    0.02494809989808416,
    0.018024241486992852,
    0.02483070719431779,
    0.025751011528681898,
    0.02321235609905879,
    0.02719088679146793,
    0.02523948751008696,
    0.024713858601567724,
    0.030374133792893346,
    0.027767550460448067,
    0.028654096437031384,
    0.03174198598076429,
    0.031062809210575436,
    0.030758924117884345,
    0.0306685688008481,
    0.04001726899398838,
    0.02843771723262413,
    0.04079560221811945,
    0.0437715006023569,
    0.044032935791955385,
    0.03583158437576646,
    0.03600819748087772,
    0.04917464140598114,
    0.043227296162801826,
    0.04758833572958366,
    0.05208452487003588,
    0.047514804826597236,
    0.05501219996015014,
    0.04581081541493528
  ],
  "roh_len": [
    0,
    0,
    15292227,
    30347603,
    11676507,
    7914413,
    8645779,
    4154231,
    5026718,
    5302323,
    5548223,
    3037189,
    4752019,
    4198306,
    4582922,
    2810151,
    2693166,
    4162899,
    2762305,
    3211968,
    2598728,
    2782011,
    1824766,
    2390447,
    2180683,
    1828371,
    2074677,
    1742557,
    1505474,
    1767082,
    1544014,
    1536148,
    1517581,
    1447651,
    1320905,
    1289632,
    1564110,
    1028201,
    1480901,
    1389181,
    1359362,
    1048358,
    1012218,
    1308175,
    1151302,
    1189791,
    1196470,
    1066544,
    1213740,
    965488
  ],
  "runtime_genealogical_ancestors": 1.766282243,
  "runtime_genealogical_descendants": 2.505463444,
  "runtime_genetic_ancestors": 77.543884556,
  "runtime_genetic_descendants": 46.410947666,
  "seed": 5006,
  "segment_count": [
    22,
    101.978,
    159.588,
    217.394,
    274.222,
    332.412,
    389.68,
    449.648,
    509.4,
    568.596,
    626.118,
    683.32,
    741.872,
    798.336,
    854.358,
    912.58,
    969.246,
    1025.182,
    1081.862,
    1140.622,
    1196.924,
    1253.804,
    1310.646,
    1370.358,
    1427.61,
    1487.236,
    1546.884,
    1601.95,
    1658.222,
    1715.546,
    1772.69,
    1828.086,
    1889.254,
    1946.126,
    2003.666,
    2058.71,
    2117.116,
    2172.936,
    2227.73,
    2284.398,
    2340.578,
    2398.93,
    2455.062,
    2513.54,
    2573.296,
    2631.236,
    2686.844,
    2748.01,
    2804.66,
    2863.24
  ],
  "segment_len": [
    130681887,
    56384740,
    36030297,
    26449686,
    20968423,
    17297820,
    14755704,
    12787787,
    11287795,
    10112633,
    9183577,
    8414802,
    7750667,
    7202484,
    6730203,
    6300820,
    5932449,
    5608763,
    5314913,
    5041111,
    4803983,
    4586046,
    4387151,
    4195986,
    4027712,
    3866234,
    3717152,
    3589377,
    3467571,
    3351704,
    3243659,
    3145367,
    3043530,
    2954589,
    2869741,
    2793012,
    2715960,
    2646190,
    2581104,
    2517075,
    2456659,
    2396903,
    2342100,
    2287611,
    2234489,
    2185285,
    2140058,
    2092424,
    2050160,
    2008215
  ],
  "seq_len": 2875001522
}
