{
  "IAP": 14,
  "TMRCA": 6,
  "chrom_lengths": [
    248956422,
    242193529,
    198295559,
    190214555,
    181538259,
    170805979,
    159345973,
    145138636,
    138394717,
    133797422,
    135086622,
    133275309,
    114364328,
    107043718,
    101991189,
    90338345,
    83257441,
    80373285,
    58617616,
    64444167,
    46709983,
    50818468
  ],
  "genealogical_ancestors": [
    1,
    2,
    3.94,
    7.3,
    12.68,
    20.56,
    27.34,
    33.28,
    34.7,
    35.6,
    35.6,
    38.9,
    39.9,
    42.9,
    39,
    44,
    40,
    39,
    41,
    40,
    38,
    38,
    38,
    42,
    41,
    38,
    44,
    41,
    42,
    39,
    40,
    39,
    38,
    38,
    39,
    39,
    39,
    41,
    40,
    39,
    36,
    40,
    40,
    40,
    38,
    38,
    40,
    37,
    42,
    38
  ],
  "genealogical_descendants": [
    1,
    2.272727272727273,
    4.7317073170731705,
    9.275,
    16.17948717948718,
    25.256410256410255,
    34.92307692307692,
    41.8974358974359,
    46.38461538461539,
    48.69230769230769,
    49.64102564102564,
    50,
    50,
    50,
    50,
    50,
    50,
    50,
    50,
    50,
    50,
    50,
    50,
    50,
    50,
    50,
    50,
    50,
    50,
    50,
    50,
    50,
    50,
    50,
    50,
    50,
    50,
    50,
    50,
    50,
    50,
    50,
    50,
    50,
    50,
    50,
    50,
    50,
    50,
    50
  ],
  "genetic_ancestors": [
    1,
    2,
    3.94,
    7.3,
    12.68,
    20.54,
    27.26,
    32.82,
    34.04,
    34.76,
    34.02,
    37.48,
    38.72,
    41.82,
    38.56,
    43.38,
    38.04,
    38.22,
    40.66,
    38.62,
    36.52,
    36.76,
    37.76,
    40.7,
    40.86,
    37.4,
    43.04,
    40.6,
    41.1,
    38.94,
    38.96,
    38.7,
    37.44,
    38,
    38.96,
    38.8,
    38.82,
    40.78,
    40,
    39,
    35.96,
    39.52,
    40,
    40,
    37.94,
    37.74,
    39.22,
    36,
    41,
    37.26
  ],
  "genetic_descendants": [
    1,
    2.272727272727273,
    4.7317073170731705,
    9.275,
    16.17948717948718,
    25.23076923076923,
    34.743589743589745,
    41.205128205128204,
    44.717948717948715,
    46.56410256410256,
    47.64102564102564,
    48.17948717948718,
    48.82051282051282,
    48.717948717948715,
    49.1025641025641,
    49.333333333333336,
    49.282051282051285,
    49.51282051282051,
    49.43589743589744,
    49.58974358974359,
    49.61538461538461,
    49.53846153846154,
    49.743589743589745,
    49.69230769230769,
    49.743589743589745,
    49.82051282051282,
    49.743589743589745,
    49.82051282051282,
    49.717948717948715,
    49.69230769230769,
    49.82051282051282,
    49.794871794871796,
    49.794871794871796,
    49.84615384615385,
    49.69230769230769,
    49.82051282051282,
    49.84615384615385,
    49.87179487179487,
    49.8974358974359,
    49.84615384615385,
    49.76923076923077,
    49.82051282051282,
    49.87179487179487,
    49.82051282051282,
    50,
    49.97435897435897,
    49.87179487179487,
    49.8974358974359,
    49.92307692307692,
    49.97435897435897
  ],
  "num_gen": 50,
  "pop_size": 50,
  "recomb_rate": 1e-8,
  "roh_freq": [
    0,
    0,
    0.022506850596373352,
    0.014245647693260593,
    0.04900475706252513,
    0.05702107914918871,
    0.050818704345715476,
    0.1070756292072669,
    0.09750869781974326,
    0.11852969688967002,
    0.08704781465503517,
    0.11765481690064998,
    0.11487033558516495,
    0.14158522743209873,
    0.1441923828797194,
    0.18078227759630383,
    0.23234882325046644,
    0.13651474736158417,
    0.18223230708258387,
    0.15440343304277387,
    0.18390970772501733,
    0.23774645754083185,
    0.22249634176019753,
    0.23494110079291985,
    0.21866816279897608,
    0.27882635455523075,
    0.24140811395368714,
    0.23684934144532255,
    0.27597217361055715,
    0.2577332825704153,
    0.30157728486239044,
    0.2577244956324583,
    0.3074629506857005,
    0.38867020423789533,
    0.33672641957648325,
    0.3497408876154327,
    0.3604594192141788,
    0.3879995420259815,
    0.33127297490870683,
    0.3718859601981108,
    0.36013981734511236,
    0.3823543313379853,
    0.43448826724481987,
    0.4034890921146441,
    0.35222364032543285,
    0.3588829202018071,
    0.4431225066530591,
    0.4367043007151493,
    0.41109303997787583,
    0.37050465313110187
  ],
  "roh_len": [
    0,
    0,
    14841107,
    7556505,
    9430304,
    9586882,
    6190841,
    7195946,
    8711549,
    7654381,
    3752062,
    4930871,
    4098441,
    4142659,
    3664721,
    3987642,
    4582898,
    2520421,
    2860127,
    2340310,
    2341218,
    2799252,
    2410783,
    2579060,
    1997938,
    2425348,
    2020284,
    1846272,
    1920649,
    1711911,
    1849872,
    1501009,
    1703913,
    1917408,
    1631702,
    1541051,
    1537295,
    1612039,
    1333833,
    1450433,
    1308482,
    1332189,
    1465627,
    1270822,
    1097478,
    1066669,
    1244507,
    1230304,
    1069180,
    959018
  ],
  "runtime_genealogical_ancestors": 0.02144183,
  "runtime_genealogical_descendants": 0.023786392,
  "runtime_genetic_ancestors": 8.860531038,
  "runtime_genetic_descendants": 5.123451852,
  "seed": 504,
  "segment_count": [
    22,
    102.02,
    157.62,
    214.66,
    270.82,
    325.92,
    385.72,
    441.18,
    498,
    553.36,
    616.38,
    673.84,
    734.32,
    796.8,
    859.78,
    916.86,
    976.1,
    1039.34,
    1094.04,
    1151.34,
    1211.74,
    1269.26,
    1323.72,
    1384.42,
    1446.34,
    1490.78,
    1546.1,
    1598.64,
    1663.42,
    1716.4,
    1780.78,
    1839.64,
    1893.88,
    1946.14,
    2011.86,
    2065.4,
    2117.8,
    2174.48,
    2233.22,
    2284.7,
    2339.58,
    2398.7,
    2451.14,
    2502.3,
    2551.88,
    2604.26,
    2656.8,
    2718.18,
    2783.8,
    2847.36
  ],
  "segment_len": [
    130681887,
    56361527,
    36480161,
    26786560,
    21231825,
    17642375,
    14907194,
    13033235,
    11546190,
    10391070,
    9328665,
    8533187,
    7830377,
    7216369,
    6687760,
    6271407,
    5890792,
    5532360,
    5255752,
    4994183,
    4745244,
    4530201,
    4343821,
    4153366,
    3975554,
    3857043,
    3719036,
    3596809,
    3456735,
    3350036,
    3228923,
    3125613,
    3036096,
    2954568,
    2858053,
    2783965,
    2715083,
    2644311,
    2574758,
    2516743,
    2457707,
    2397133,
    2345848,
    2297887,
    2253241,
    2207922,
    2164258,
    2115387,
    2065523,
    2019415
  ],
  "seq_len": 2875001522
}
