{
  "IAP": 12,
  "TMRCA": 6,
  "chrom_lengths": [
    248956422,
    242193529,
    198295559,
    190214555,
    181538259,
    170805979,
    159345973,
    145138636,
    138394717,
    133797422,
    135086622,
    133275309,
    114364328,
    107043718,
    101991189,
    90338345,
    83257441,
    80373285,
    58617616,
    64444167,
    46709983,
    50818468
  ],
  "genealogical_ancestors": [
    1,
    2,
    3.92,
    7.14,
    13.12,
    20.62,
    29.22,
    35.36,
    36.78,
    40.52,
    41.7,
    38.98,
    42,
    38,
    40,
    44,
    42,
    39,
    42,
    37,
    36,
    34,
    36,
    42,
    44,
    43,
    42,
    42,
    42,
    38,
    40,
    42,
    39,
    39,
    38,
    41,
    37,
    37,
    39,
    34,
    39,
    42,
    41,
    41,
    40,
    39,
    39,
    42,
    43,
    43
  ],
  "genealogical_descendants": [
    1,
    2.2222222222222223,
    4.604651162790698,
    8.976190476190476,
    16.071428571428573,
    26.928571428571427,
    37.166666666666664,
    44.285714285714285,
    47.45238095238095,
    48.904761904761905,
    49.69047619047619,
    49.904761904761905,
    50,
    50,
    50,
    50,
    50,
    50,
    50,
    50,
    50,
    50,
    50,
    50,
    50,
    50,
    50,
    50,
    50,
    50,
    50,
    50,
    50,
    50,
    50,
    50,
    50,
    50,
    50,
    50,
    50,
    50,
    50,
    50,
    50,
    50,
    50,
    50,
    50,
    50
  ],
  "genetic_ancestors": [
    1,
    2,
    3.92,
    7.14,
    13.12,
    20.62,
    29.12,
    34.74,
    35.8,
    39.06,
    39.8,
    36.48,
    39.36,
    37.76,
    39.18,
    42.54,
    41.18,
    37.88,
    40.42,
    35.98,
    34.24,
    33.9,
    35.76,
    41.08,
    42.52,
    40.86,
    41.4,
    41,
    40.9,
    35.84,
    39.6,
    41.74,
    39,
    39,
    37.3,
    40.98,
    36.9,
    36.38,
    38.36,
    32.84,
    38.4,
    40.94,
    41,
    40.44,
    40,
    38.96,
    39,
    42,
    42.9,
    42.44
  ],
  "genetic_descendants": [
    1,
    2.2222222222222223,
    4.604651162790698,
    8.976190476190476,
    16.071428571428573,
    26.904761904761905,
    36.857142857142854,
    43.642857142857146,
    46.54761904761905,
    47.88095238095238,
    48.476190476190474,
    48.76190476190476,
    49,
    49.38095238095238,
    49.142857142857146,
    49.404761904761905,
    49.404761904761905,
    49.30952380952381,
    49.26190476190476,
    49.166666666666664,
    48.92857142857143,
    49,
    48.92857142857143,
    49,
    49.142857142857146,
    49.285714285714285,
    49.26190476190476,
    49.142857142857146,
    49.142857142857146,
    49.166666666666664,
    49.5,
    49.38095238095238,
    49.45238095238095,
    49.523809523809526,
    49.38095238095238,
    49.45238095238095,
    49.30952380952381,
    49.42857142857143,
    49.357142857142854,
    49.357142857142854,
    49.357142857142854,
    49.333333333333336,
    49.357142857142854,
    49.357142857142854,
    49.333333333333336,
    49.404761904761905,
    49.42857142857143,
    49.476190476190474,
    49.523809523809526,
    49.54761904761905
  ],
  "num_gen": 50,
  "pop_size": 50,
  "recomb_rate": 1e-8,
  "roh_freq": [
    0,
    0,
    0.004934574417244431,
    0.014838942481784188,
    0.0271194537336318,
    0.04171942738192401,
    0.06064217732960212,
    0.04053033468968021,
    0.1022013910572114,
    0.04340671766086112,
    0.09682436776810861,
    0.08802510853070776,
    0.11571738726891706,
    0.13038342185615023,
    0.14285952849662525,
    0.11723841406022045,
    0.14253606402786453,
    0.10690076508418628,
    0.14245516382025764,
    0.18694000140428446,
    0.1902383328546982,
    0.2148395699805824,
    0.22141425889652105,
    0.213092416004641,
    0.17187132061629568,
    0.17653846721685318,
    0.1933772989912177,
    0.25152648032580766,
    0.2176757239852341,
    0.19201924969972242,
    0.23046912979686418,
    0.3258532075587541,
    0.2901311989705444,
    0.2305266056481761,
    0.2674325296931095,
    0.25837676749584687,
    0.27437034299420454,
    0.2939280386022697,
    0.33621739208943624,
    0.28157302263160333,
    0.2744199127627453,
    0.3837048612734613,
    0.3625480533780392,
    0.3018026441309133,
    0.3146196682117791,
    0.3270495807062741,
    0.3282131685146287,
    0.34459650656143204,
    0.33965987220788674,
    0.41872902720501587
  ],
  "roh_len": [
    0,
    0,
    10431550,
    6925646,
    7988572,
    8819368,
    7547461,
    4457718,
    8404724,
    2650687,
    4628703,
    3300369,
    3025533,
    3292223,
    3272158,
    2402770,
    2886668,
    1992608,
    2154665,
    2732625,
    2529064,
    2644789,
    2473831,
    2190037,
    1741121,
    1645746,
    1654347,
    1882978,
    1642911,
    1386168,
    1496114,
    2039243,
    1614024,
    1242108,
    1352261,
    1260835,
    1233448,
    1274652,
    1317395,
    1070033,
    1000225,
    1361579,
    1260858,
    979746,
    981757,
    980140,
    973941,
    960237,
    906268,
    1093193
  ],
  "runtime_genealogical_ancestors": 0.025178677,
  "runtime_genealogical_descendants": 0.027430908,
  "runtime_genetic_ancestors": 9.055078585,
  "runtime_genetic_descendants": 4.801175698,
  "seed": 508,
  "segment_count": [
    22,
    102.02,
    161.56,
    218.96,
    276.12,
    330.6,
    384.94,
    438.74,
    498.48,
    557.32,
    617.88,
    665.62,
    722.32,
    782.92,
    845.52,
    895.8,
    952.5,
    1000.42,
    1056.1,
    1117.9,
    1172.16,
    1228.3,
    1280.26,
    1331.88,
    1388.6,
    1448.9,
    1497.78,
    1553.98,
    1608.38,
    1661.94,
    1717.6,
    1764.86,
    1822.84,
    1874.88,
    1933.38,
    1989.64,
    2057.04,
    2113.6,
    2156.86,
    2201.02,
    2251.12,
    2315,
    2372.4,
    2434.12,
    2494.92,
    2542.32,
    2593.7,
    2640.42,
    2694.76,
    2754.36
  ],
  "segment_len": [
    130681887,
    56361527,
    35590511,
    26260518,
    20824290,
    17392628,
    14937400,
    13105718,
    11535072,
    10317237,
    9306019,
    8638567,
    7960464,
    7344304,
    6800552,
    6418846,
    6036748,
    5747589,
    5444563,
    5143575,
    4905476,
    4681269,
    4491277,
    4317208,
    4140863,
    3968529,
    3839017,
    3700178,
    3575027,
    3459813,
    3347696,
    3258050,
    3154420,
    3066864,
    2974067,
    2889971,
    2795280,
    2720478,
    2665913,
    2612426,
    2554285,
    2483802,
    2423707,
    2362251,
    2304684,
    2261714,
    2216911,
    2177685,
    2133771,
    2087600
  ],
  "seq_len": 2875001522
}
