{
  "IAP": 16,
  "TMRCA": 6,
  "chrom_lengths": [
    248956422,
    242193529,
    198295559,
    190214555,
    181538259,
    170805979,
    159345973,
    145138636,
    138394717,
    133797422,
    135086622,
    133275309,
    114364328,
    107043718,
    101991189,
    90338345,
    83257441,
    80373285,
    58617616,
    64444167,
    46709983,
    50818468
  ],
  "genealogical_ancestors": [
    1,
    2,
    3.98,
    7.56,
    13.24,
    20.88,
    28.62,
    32.22,
    38.08,
    41.4,
    43.76,
    37.98,
    37.98,
    36.98,
    39.98,
    40.98,
    38,
    39,
    41,
    40,
    41,
    36,
    37,
    39,
    40,
    42,
    41,
    41,
    40,
    38,
    40,
    39,
    41,
    41,
    41,
    40,
    40,
    43,
    42,
    41,
    43,
    41,
    37,
    40,
    40,
    39,
    39,
    39,
    39,
    40
  ],
  "genealogical_descendants": [
    1,
    2.2222222222222223,
    4.4,
    8.613636363636363,
    14.931818181818182,
    25.023255813953487,
    34.16279069767442,
    41.25581395348837,
    45.72093023255814,
    47.44186046511628,
    48.674418604651166,
    49.44186046511628,
    49.81395348837209,
    50,
    50,
    50,
    50,
    50,
    50,
    50,
    50,
    50,
    50,
    50,
    50,
    50,
    50,
    50,
    50,
    50,
    50,
    50,
    50,
    50,
    50,
    50,
    50,
    50,
    50,
    50,
    50,
    50,
    50,
    50,
    50,
    50,
    50,
    50,
    50,
    50
  ],
  "genetic_ancestors": [
    1,
    2,
    3.98,
    7.56,
    13.24,
    20.86,
    28.56,
    31.84,
    37.24,
    40.48,
    42.58,
    37.7,
    37.74,
    36.26,
    38.88,
    39.04,
    37.4,
    38.32,
    40.42,
    37.52,
    38.02,
    33.44,
    34.78,
    37.34,
    38.26,
    40.16,
    39.92,
    38.42,
    38.78,
    37,
    39.98,
    38.92,
    39.22,
    39.7,
    39.3,
    38.84,
    39.36,
    42.46,
    42,
    40.96,
    42.9,
    40.86,
    36.98,
    39.98,
    39.94,
    39,
    39,
    39,
    38.92,
    39.84
  ],
  "genetic_descendants": [
    1,
    2.2222222222222223,
    4.4,
    8.613636363636363,
    14.931818181818182,
    25.023255813953487,
    34.13953488372093,
    40.58139534883721,
    45.02325581395349,
    46.25581395348837,
    46.86046511627907,
    47.04651162790697,
    47.18604651162791,
    47.48837209302326,
    47.51162790697674,
    47.41860465116279,
    47.604651162790695,
    47.348837209302324,
    47.46511627906977,
    48.54761904761905,
    48.54761904761905,
    48.57142857142857,
    48.76190476190476,
    48.476190476190474,
    48.45238095238095,
    48.42857142857143,
    48.476190476190474,
    48.61904761904762,
    48.69047619047619,
    48.69047619047619,
    48.61904761904762,
    48.54761904761905,
    48.714285714285715,
    48.61904761904762,
    48.714285714285715,
    48.76190476190476,
    48.76190476190476,
    48.69047619047619,
    49.926829268292686,
    50,
    49.97560975609756,
    50,
    49.97560975609756,
    49.951219512195124,
    50,
    49.97560975609756,
    49.926829268292686,
    49.8780487804878,
    49.829268292682926,
    49.926829268292686
  ],
  "num_gen": 50,
  "pop_size": 50,
  "recomb_rate": 1e-8,
  "roh_freq": [
    0,
    0,
    0.005112965494979658,
    0.0309343893627337,
    0.07093163630679984,
    0.07324485974306903,
    0.059127337846327586,
    0.04814204837140952,
    0.07750149748964202,
    0.10767170907257696,
    0.0929961295651794,
    0.11339424716311507,
    0.11220500874573103,
    0.11392859326632385,
    0.10502343530933268,
    0.09885270130302212,
    0.17293769360307143,
    0.1999629537656989,
    0.14844914698448636,
    0.20622984999588462,
    0.17038344390831248,
    0.2019057572658913,
    0.198544594718305,
    0.2274173442124529,
    0.18081668850678265,
    0.1564544941830469,
    0.25633926475535274,
    0.27342730558039685,
    0.21884961633074224,
    0.19669606794037728,
    0.2320894690851576,
    0.30710206950631314,
    0.26701523979228,
    0.2762908264992564,
    0.29758165794111885,
    0.29967309667392933,
    0.26502513439017233,
    0.35564427648327346,
    0.2567223925316586,
    0.3236845807624585,
    0.34847552918965025,
    0.36184908188024256,
    0.397813056761227,
    0.3374420836428343,
    0.3650601059403544,
    0.36159484729483216,
    0.3739388415600289,
    0.28380155058575307,
    0.3837782305076637,
    0.37536050108567565
  ],
  "roh_len": [
    0,
    0,
    10499845,
    19167331,
    18405104,
    13112022,
    7339861,
    6314254,
    7758249,
    7119510,
    4772652,
    4342150,
    4417824,
    3949178,
    3310047,
    2339108,
    4137095,
    3963144,
    2604928,
    3363462,
    2597585,
    2536173,
    2396372,
    2428410,
    1848546,
    1479822,
    2247562,
    2179746,
    1600918,
    1423433,
    1553568,
    1926340,
    1574706,
    1485518,
    1504709,
    1485090,
    1243711,
    1590909,
    1123200,
    1312951,
    1348045,
    1256755,
    1398045,
    1158383,
    1165284,
    1089027,
    1144159,
    813602,
    1069025,
    963434
  ],
  "runtime_genealogical_ancestors": 0.025573806,
  "runtime_genealogical_descendants": 0.02691521,
  "runtime_genetic_ancestors": 8.93004913,
  "runtime_genetic_descendants": 5.09943384,
  "seed": 505,
  "segment_count": [
    22,
    102.02,
    158.9,
    215.18,
    276,
    327.44,
    384.1,
    439.2,
    496.5,
    553.46,
    610.16,
    667.4,
    723.74,
    777.4,
    832.98,
    893.8,
    946.96,
    1004.2,
    1066.98,
    1123.98,
    1175.74,
    1236.08,
    1297.5,
    1349.16,
    1405.94,
    1465.4,
    1518.62,
    1582.58,
    1637.42,
    1687.88,
    1750.66,
    1816.88,
    1877.22,
    1932.94,
    1995.14,
    2045.56,
    2107.18,
    2161.82,
    2226.14,
    2273,
    2327.76,
    2383.22,
    2437.08,
    2495.52,
    2552.82,
    2613.3,
    2681.96,
    2729.74,
    2785.3,
    2849.82
  ],
  "segment_len": [
    130681887,
    56361527,
    36186299,
    26721828,
    20833344,
    17560478,
    14970067,
    13091992,
    11581073,
    10389193,
    9423762,
    8615527,
    7944846,
    7396453,
    6902930,
    6433209,
    6072065,
    5725954,
    5389044,
    5115752,
    4890539,
    4651804,
    4431601,
    4261913,
    4089792,
    3923845,
    3786334,
    3633309,
    3511623,
    3406642,
    3284477,
    3164767,
    3063041,
    2974744,
    2882004,
    2810967,
    2728766,
    2659797,
    2582947,
    2529697,
    2470187,
    2412703,
    2359382,
    2304130,
    2252412,
    2200284,
    2143955,
    2106428,
    2064410,
    2017672
  ],
  "seq_len": 2875001522
}
