{
  "IAP": 12,
  "TMRCA": 6,
  "chrom_lengths": [
    248956422,
    242193529,
    198295559,
    190214555,
    181538259,
    170805979,
    159345973,
    145138636,
    138394717,
    133797422,
    135086622,
    133275309,
    114364328,
    107043718,
    101991189,
    90338345,
    83257441,
    80373285,
    58617616,
    64444167,
    46709983,
    50818468
  ],
  "genealogical_ancestors": [
    1,
    2,
    3.9,
    7.5,
    12.94,
    20.94,
    28.2,
    34.24,
    35.68,
    38.34,
    34.98,
    33.52,
    40,
    39,
    39,
    42,
    40,
    38,
    38,
    38,
    35,
    39,
    35,
    40,
    41,
    39,
    41,
    39,
    42,
    42,
    39,
    39,
    37,
    37,
    38,
    42,
    45,
    41,
    43,
    39,
    38,
    42,
    44,
    43,
    39,
    38,
    39,
    36,
    43,
    40
  ],
  "genealogical_descendants": [
    1,
    2.2222222222222223,
    4.431818181818182,
    8.204545454545455,
    14.477272727272727,
    22.613636363636363,
    30.318181818181817,
    36.72727272727273,
    41.54545454545455,
    44.40909090909091,
    45.79545454545455,
    47.29545454545455,
    48.81818181818182,
    49.56818181818182,
    49.88636363636363,
    50,
    50,
    50,
    50,
    50,
    50,
    50,
    50,
    50,
    50,
    50,
    50,
    50,
    50,
    50,
    50,
    50,
    50,
    50,
    50,
    50,
    50,
    50,
    50,
    50,
    50,
    50,
    50,
    50,
    50,
    50,
    50,
    50,
    50,
    50
  ],
  "genetic_ancestors": [
    1,
    2,
    3.9,
    7.5,
    12.94,
    20.94,
    28.08,
    33.74,
    33.82,
    36.2,
    33.66,
    32.98,
    39.4,
    38.24,
    37.78,
    39.84,
    39.5,
    37.5,
    37.44,
    37,
    34.24,
    38.32,
    35,
    39.82,
    40.18,
    37.6,
    38.96,
    37.92,
    41.72,
    41.88,
    38.96,
    38.92,
    36.62,
    36.94,
    37.74,
    41.92,
    44.76,
    40.98,
    42.6,
    38.96,
    37.98,
    42,
    43.96,
    43,
    38,
    37.94,
    38.82,
    35.94,
    43,
    39.98
  ],
  "genetic_descendants": [
    1,
    2.2222222222222223,
    4.431818181818182,
    8.204545454545455,
    14.477272727272727,
    22.613636363636363,
    30.227272727272727,
    36.06818181818182,
    40.13636363636363,
    42.43181818181818,
    43.36363636363637,
    44.13636363636363,
    44.81818181818182,
    45.22727272727273,
    45.45454545454545,
    45.75,
    45.86363636363637,
    46.81395348837209,
    46.95348837209303,
    47.04651162790697,
    46.883720930232556,
    47.02325581395349,
    46.97674418604651,
    47,
    46.83720930232558,
    47.976190476190474,
    47.80952380952381,
    47.857142857142854,
    47.714285714285715,
    47.642857142857146,
    48.8780487804878,
    49.073170731707314,
    48.926829268292686,
    49.048780487804876,
    49.146341463414636,
    49.170731707317074,
    49.292682926829265,
    49.19512195121951,
    49.1219512195122,
    49.24390243902439,
    49.21951219512195,
    49.21951219512195,
    48.926829268292686,
    49.170731707317074,
    49.073170731707314,
    48.97560975609756,
    49.24390243902439,
    49.19512195121951,
    49.24390243902439,
    49.31707317073171
  ],
  "num_gen": 50,
  "pop_size": 50,
  "recomb_rate": 1e-8,
  "roh_freq": [
    0,
    0,
    0.031028005473174143,
    0.03866562485249356,
    0.0316491120104527,
    0.03545527473289456,
    0.06304591852664765,
    0.07431073968662755,
    0.05998248232579544,
    0.07491034352920249,
    0.09348987706727203,
    0.08408445700294137,
    0.10450197487582408,
    0.11819393776307016,
    0.09556887950057927,
    0.15166421302506705,
    0.14719781193214965,
    0.13665085128257543,
    0.20880855426552364,
    0.13974711835996032,
    0.20001563583172255,
    0.20514105595663057,
    0.17558697631882506,
    0.23372332402542637,
    0.19095416302183094,
    0.2647692112839167,
    0.22539807218926405,
    0.2281506432955551,
    0.29899166193902277,
    0.24367771008783487,
    0.2999786515313017,
    0.26808825793032054,
    0.2940968544085522,
    0.2553525813472595,
    0.2804128680944747,
    0.33838572898675495,
    0.31557043907540583,
    0.3402023165398519,
    0.3379953395099455,
    0.3363181157856792,
    0.3558453545681288,
    0.36902589699568167,
    0.3358704718209189,
    0.36666472506305686,
    0.35893368624101896,
    0.3276728022893895,
    0.39183485529299134,
    0.3728765371554471,
    0.4110535864405014,
    0.41626901096993574
  ],
  "roh_len": [
    0,
    0,
    22756521,
    14071358,
    8009792,
    6850401,
    6976794,
    7797207,
    4698902,
    4629564,
    5100256,
    3527034,
    3821461,
    3660143,
    2625770,
    3816163,
    2910549,
    2515826,
    3475309,
    2212651,
    2713757,
    2516344,
    2019574,
    2590419,
    1951768,
    2266051,
    1879298,
    1782330,
    2204219,
    1719283,
    1875927,
    1670758,
    1701265,
    1417366,
    1475885,
    1705813,
    1496890,
    1506688,
    1482029,
    1380557,
    1419924,
    1402556,
    1218642,
    1263891,
    1184960,
    1027731,
    1151560,
    1076715,
    1172865,
    1128776
  ],
  "runtime_genealogical_ancestors": 0.026856963,
  "runtime_genealogical_descendants": 0.031728585,
  "runtime_genetic_ancestors": 9.0674738,
  "runtime_genetic_descendants": 4.885608616,
  "seed": 500,
  "segment_count": [
    22,
    102.02,
    159.74,
    216.64,
    273.06,
    331.54,
    387.5,
    439.7,
    496.56,
    547.78,
    607.92,
    664.68,
    723.82,
    779.52,
    838.02,
    888.9,
    953.54,
    1011.64,
    1069.08,
    1130.02,
    1178.72,
    1239.64,
    1297.66,
    1351.04,
    1402.9,
    1455.98,
    1511.22,
    1570.76,
    1633.56,
    1691.6,
    1750.8,
    1806.86,
    1854.84,
    1913.94,
    1971.44,
    2033.9,
    2091.88,
    2146.56,
    2196.74,
    2252,
    2306.08,
    2355.48,
    2417.68,
    2485.3,
    2551.74,
    2611.74,
    2667.24,
    2721.6,
    2779.18,
    2841.96
  ],
  "segment_len": [
    130681887,
    56361527,
    35996012,
    26541742,
    21057654,
    17343316,
    14838717,
    13077104,
    11579674,
    10496920,
    9458486,
    8650783,
    7943968,
    7376338,
    6861415,
    6468672,
    6030164,
    5683843,
    5378459,
    5088408,
    4878175,
    4638445,
    4431055,
    4255982,
    4098654,
    3949232,
    3804874,
    3660650,
    3519921,
    3399150,
    3284214,
    3182317,
    3099999,
    3004275,
    2916651,
    2827082,
    2748725,
    2678705,
    2617516,
    2553287,
    2493410,
    2441117,
    2378314,
    2313605,
    2253365,
    2201598,
    2155787,
    2112728,
    2068956,
    2023252
  ],
  "seq_len": 2875001522
}
