{
  "IAP": 18,
  "TMRCA": 9,
  "chrom_lengths": [
    248956422,
    242193529,
    198295559,
    190214555,
    181538259,
    170805979,
    159345973,
    145138636,
    138394717,
    133797422,
    135086622,
    133275309,
    114364328,
    107043718,
    101991189,
    90338345,
    83257441,
    80373285,
    58617616,
    64444167,
    46709983,
    50818468
  ],
  "genealogical_ancestors": [
    1,
    2,
    3.982,
    7.914,
    15.626,
    30.36,
    57.336,
    104.184,
    169.632,
    245.266,
    312.788,
    353.228,
    386.386,
    402.716,
    388.534,
    386.418,
    383.454,
    375.958,
    379,
    390,
    392,
    397,
    396,
    405,
    389,
    396,
    408,
    396,
    400,
    411,
    411,
    411,
    400,
    399,
    400,
    406,
    403,
    391,
    370,
    396,
    400,
    411,
    392,
    403,
    402,
    397,
    406,
    398,
    397,
    389
  ],
  "genealogical_descendants": [
    1,
    2.34192037470726,
    4.957816377171216,
    10.166666666666666,
    20.13659793814433,
    39.19072164948454,
    74.04134366925065,
    132.5762273901809,
    216.68992248062017,
    314.41602067183464,
    397.37984496124034,
    450.2764857881137,
    477.80878552971575,
    491.61498708010333,
    497.28165374677,
    499.421188630491,
    499.9250645994832,
    499.99741602067184,
    500,
    500,
    500,
    500,
    500,
    500,
    500,
    500,
    500,
    500,
    500,
    500,
    500,
    500,
    500,
    500,
    500,
    500,
    500,
    500,
    500,
    500,
    500,
    500,
    500,
    500,
    500,
    500,
    500,
    500,
    500,
    500
  ],
  "genetic_ancestors": [
    1,
    2,
    3.982,
    7.914,
    15.626,
    30.354,
    56.864,
    98.418,
    144.032,
    184.004,
    216.076,
    234.566,
    252.792,
    269.544,
    270.72,
    282.104,
    284.116,
    277.812,
    287.85,
    297.008,
    305.79,
    313.892,
    310.778,
    321.29,
    314.828,
    327.482,
    336.638,
    324.802,
    327.944,
    338.122,
    347.308,
    348.066,
    346.172,
    340.188,
    340.476,
    344.318,
    347.714,
    338.126,
    326.328,
    342.042,
    351.882,
    356.38,
    347.568,
    356.018,
    359.336,
    357.292,
    371.728,
    356.4,
    359.658,
    351.516
  ],
  "genetic_descendants": [
    1,
    2.34192037470726,
    4.957816377171216,
    10.166666666666666,
    20.13659793814433,
    39.17783505154639,
    73.3359173126615,
    125.06976744186046,
    183.93023255813952,
    236.12919896640827,
    274.90956072351423,
    303.6640826873385,
    323.73643410852713,
    338.609819121447,
    349.8578811369509,
    360.1937984496124,
    368.0232558139535,
    375.42894056847547,
    381.9354005167959,
    387.64599483204137,
    392.61498708010333,
    397.24093264248705,
    402.77979274611397,
    406.42746113989637,
    409.64248704663214,
    412.7435233160622,
    416.02331606217615,
    419.27979274611397,
    422.0388601036269,
    424.30051813471505,
    426.83937823834196,
    429.01295336787564,
    431.3756476683938,
    432.6580310880829,
    434.80051813471505,
    436.75906735751295,
    439.0388601036269,
    440.47668393782385,
    441.60103626943004,
    443.42487046632124,
    444.69170984455957,
    446.059585492228,
    446.4637305699482,
    447.45336787564764,
    448.64248704663214,
    449.79274611398966,
    450.87823834196894,
    452.2020725388601,
    452.88082901554407,
    453.2979274611399
  ],
  "num_gen": 50,
  "pop_size": 500,
  "recomb_rate": 1e-8,
  "roh_freq": [
    0,
    0,
    0.001565489864112844,
    0.0028013231778734344,
    0.005528790273106506,
    0.003874388436584626,
    0.007054202028349396,
    0.008524123685663913,
    0.003927098225028348,
    0.013148514647638505,
    0.013426411998956847,
    0.011287395608550917,
    0.014114724099961713,
    0.01595735784518308,
    0.014588364819655216,
    0.009972821131605648,
    0.01312152809427278,
    0.014347101633290891,
    0.014774759390892594,
    0.01394125123597065,
    0.016735575779636056,
    0.01943957970815989,
    0.021245016880377148,
    0.020326889394251944,
    0.02497245258919206,
    0.021126040053623316,
    0.025848027542018117,
    0.0267559628324955,
    0.020310638556941953,
    0.026714195550954563,
    0.029055277058736808,
    0.029996243195727947,
    0.03280294197145124,
    0.03329599416191196,
    0.0448154178646727,
    0.032732444375380754,
    0.029947781848165572,
    0.035420123936894386,
    0.03575687291340501,
    0.03584671547175619,
    0.039020798009859275,
    0.03000175422098437,
    0.045185439111569276,
    0.041866915111149636,
    0.045039792808847075,
    0.03548227068242923,
    0.044409896912743274,
    0.03905550136887893,
    0.03735900093551324,
    0.041331882325869596
  ],
  "roh_len": [
    0,
    0,
    19740288,
    10298987,
    10457421,
    6080170,
    8131853,
    7625036,
    2911401,
    7527279,
    5848629,
    4561608,
    4475061,
    4072202,
    3783974,
    2102351,
    2209206,
    2371388,
    2273710,
    1830355,
    2071949,
    2136096,
    2089472,
    1938688,
    2129934,
    1682196,
    1896323,
    1748498,
    1347077,
    1540133,
    1590759,
    1575088,
    1588487,
    1541730,
    1882809,
    1294654,
    1169422,
    1283467,
    1232212,
    1210099,
    1212442,
    919309,
    1324215,
    1141919,
    1197823,
    919172,
    1106840,
    896827,
    834736,
    869868
  ],
  "runtime_genealogical_ancestors": 1.7186412469999999,
  "runtime_genealogical_descendants": 2.4081304230000002,
  "runtime_genetic_ancestors": 78.258897952,
  "runtime_genetic_descendants": 45.742553887,
  "seed": 5001,
  "segment_count": [
    22,
    101.978,
    160.09,
    217.61,
    275.246,
    333.168,
    389.564,
    447.532,
    505.876,
    562.802,
    619.178,
    676.16,
    732.806,
    790.358,
    845.362,
    905.606,
    959.622,
    1019.586,
    1077.924,
    1134.598,
    1191.642,
    1246.498,
    1304.622,
    1362.428,
    1419.35,
    1480.174,
    1536.302,
    1590.542,
    1644.658,
    1702.548,
    1759.122,
    1815.502,
    1874.626,
    1932.006,
    1987.094,
    2047.862,
    2103.476,
    2162.052,
    2217.052,
    2274.63,
    2328.876,
    2388.774,
    2444.554,
    2501.388,
    2560.356,
    2617.552,
    2677.194,
    2732.508,
    2785.226,
    2843.064
  ],
  "segment_len": [
    130681887,
    56384740,
    35917315,
    26423432,
    20890414,
    17258569,
    14760098,
    12848250,
    11366427,
    10216742,
    9286510,
    8503908,
    7846555,
    7275188,
    6801823,
    6349342,
    5991945,
    5639546,
    5334330,
    5067876,
    4825277,
    4612926,
    4407409,
    4220408,
    4051152,
    3884680,
    3742755,
    3615121,
    3496169,
    3377292,
    3268677,
    3167169,
    3067280,
    2976182,
    2893674,
    2807807,
    2733571,
    2659511,
    2593535,
    2527884,
    2469003,
    2407093,
    2352168,
    2298724,
    2245782,
    2196710,
    2147772,
    2104295,
    2064465,
    2022466
  ],
  "seq_len": 2875001522
}
