{
  "IAP": 18,
  "TMRCA": 10,
  "chrom_lengths": [
    248956422,
    242193529,
    198295559,
    190214555,
    181538259,
    170805979,
    159345973,
    145138636,
    138394717,
    133797422,
    135086622,
    133275309,
    114364328,
    107043718,
    101991189,
    90338345,
    83257441,
    80373285,
    58617616,
    64444167,
    46709983,
    50818468
  ],
  "genealogical_ancestors": [
    1,
    2,
    3.994,
    7.958,
    15.706,
    30.542,
    57.57,
    102.382,
    166.238,
    244.078,
    307.284,
    350.3,
    375.234,
    389.832,
    394.668,
    393.864,
    403.944,
    404.976,
    402,
    401,
    395,
    400,
    396,
    410,
    402,
    388,
    404,
    414,
    397,
    386,
    388,
    395,
    391,
    392,
    404,
    408,
    398,
    388,
    385,
    395,
    397,
    389,
    398,
    407,
    403,
    397,
    401,
    406,
    407,
    406
  ],
  "genealogical_descendants": [
    1,
    2.2988505747126435,
    4.798076923076923,
    9.878109452736318,
    19.68421052631579,
    38.324120603015075,
    72.01005025125629,
    129.0929648241206,
    212.50251256281408,
    310.2889447236181,
    395.8743718592965,
    451.678391959799,
    478.31658291457285,
    490.2638190954774,
    496.19849246231155,
    499.1256281407035,
    499.92964824120605,
    499.99748743718595,
    500,
    500,
    500,
    500,
    500,
    500,
    500,
    500,
    500,
    500,
    500,
    500,
    500,
    500,
    500,
    500,
    500,
    500,
    500,
    500,
    500,
    500,
    500,
    500,
    500,
    500,
    500,
    500,
    500,
    500,
    500,
    500
  ],
  "genetic_ancestors": [
    1,
    2,
    3.994,
    7.958,
    15.706,
    30.53,
    57.086,
    96.648,
    141.232,
    182.942,
    210.746,
    230.342,
    247.64,
    260.348,
    273.636,
    280.99,
    288.716,
    299.012,
    302.934,
    306.506,
    307.71,
    315.01,
    320.278,
    332.888,
    336.228,
    322.534,
    335.266,
    347.23,
    340.944,
    339.302,
    340.712,
    344.598,
    340.376,
    342.32,
    350.942,
    355.86,
    341.832,
    338.202,
    341.264,
    349.352,
    351.186,
    346.392,
    354.568,
    363.438,
    367.77,
    361.81,
    364.696,
    365.308,
    366.074,
    368.898
  ],
  "genetic_descendants": [
    1,
    2.2988505747126435,
    4.798076923076923,
    9.878109452736318,
    19.68421052631579,
    38.31658291457286,
    71.44221105527639,
    122.12060301507537,
    180.60552763819095,
    233.09798994974875,
    272.57286432160805,
    302.20603015075375,
    323.57286432160805,
    339.83879093198993,
    352.06801007556675,
    361.7632241813602,
    372.1540404040404,
    379.82070707070704,
    386.9166666666667,
    392.8686868686869,
    398.2550505050505,
    403.239898989899,
    407.54040404040404,
    411.2828282828283,
    415.3661616161616,
    418.4949494949495,
    422.05555555555554,
    425.0151515151515,
    428.04545454545456,
    431.92151898734176,
    434.4860759493671,
    436.1594936708861,
    438.1746835443038,
    440.073417721519,
    442.2278481012658,
    443.73417721518985,
    445.59746835443036,
    446.6506329113924,
    447.77974683544306,
    449.30379746835445,
    450.6101265822785,
    452.1848101265823,
    452.7721518987342,
    453.50126582278483,
    454.55443037974686,
    455.5772151898734,
    456.8050632911392,
    457.95443037974684,
    458.63291139240505,
    459.39493670886077
  ],
  "num_gen": 50,
  "pop_size": 500,
  "recomb_rate": 1e-8,
  "roh_freq": [
    0,
    0,
    0.001909150840442581,
    0.002825952900486847,
    0.0023489431217073283,
    0.004571144342510717,
    0.008950220199570385,
    0.006298164163545789,
    0.009244956264061414,
    0.008170189692859578,
    0.012552547289399313,
    0.010680558919022374,
    0.014696047881257435,
    0.010223473505347244,
    0.014906990395673258,
    0.01690609787440662,
    0.017458518423003465,
    0.012722580132254972,
    0.017890218293943567,
    0.020366167072936946,
    0.024562295633456015,
    0.021855194331963212,
    0.020732403052272193,
    0.015642056396100928,
    0.022518428311983342,
    0.026141823042137503,
    0.02548665209645757,
    0.024800691468990464,
    0.03127751227256568,
    0.03253016288872768,
    0.03291760478309757,
    0.02939290746365038,
    0.025302099728071032,
    0.03199135015275306,
    0.03042311661357096,
    0.035356542446379965,
    0.03976561612895035,
    0.03941528058919755,
    0.032309939026877496,
    0.04267494376512542,
    0.037992413341059794,
    0.04344713539459476,
    0.04650432516397117,
    0.038366616538438134,
    0.04254394136421608,
    0.03958347706641666,
    0.04475589713513898,
    0.044476824030703944,
    0.04955156010383496,
    0.05080870830509425
  ],
  "roh_len": [
    0,
    0,
    20634629,
    18054708,
    8296332,
    7596558,
    10350722,
    6416453,
    7470281,
    5053637,
    5224173,
    4092034,
    4382900,
    2943370,
    3666177,
    3762001,
    2949422,
    2370540,
    2628764,
    2455248,
    3000876,
    2498954,
    2139164,
    1586164,
    1833385,
    2043886,
    1947227,
    1613314,
    1871366,
    1851745,
    1749836,
    1536336,
    1182091,
    1481797,
    1342334,
    1427830,
    1497670,
    1407969,
    1141645,
    1427165,
    1216052,
    1312968,
    1282223,
    1029782,
    1103617,
    995055,
    1047691,
    1027207,
    1104535,
    1065060
  ],
  "runtime_genealogical_ancestors": 1.806946852,
  "runtime_genealogical_descendants": 2.376321184,
  "runtime_genetic_ancestors": 76.190858916,
  "runtime_genetic_descendants": 45.569093308,
  "seed": 5009,
  "segment_count": [
    22,
    101.978,
    159.604,
    217.644,
    275.158,
    333.044,
    391.696,
    451.068,
    509.248,
    565.848,
    623.534,
    680.532,
    739.846,
    796.8,
    852.618,
    911.478,
    971.006,
    1028.054,
    1086.988,
    1144.036,
    1199.668,
    1255.254,
    1312.482,
    1368.752,
    1425.598,
    1483.146,
    1542.324,
    1601.404,
    1660.424,
    1716.508,
    1777.378,
    1831.914,
    1892.004,
    1950.756,
    2008.166,
    2066.52,
    2127.128,
    2185.444,
    2243.252,
    2302.55,
    2364.192,
    2418.448,
    2476.28,
    2531.936,
    2586.05,
    2639.872,
    2698.21,
    2751.408,
    2807.828,
    2866.778
  ],
  "segment_len": [
    130681887,
    56384740,
    36026685,
    26419304,
    20897095,
    17264995,
    14679759,
    12747530,
    11291164,
    10161744,
    9221635,
    8449276,
    7771891,
    7216369,
    6743938,
    6308438,
    5921696,
    5593094,
    5289849,
    5026068,
    4792995,
    4580748,
    4381014,
    4200909,
    4033397,
    3876896,
    3728142,
    3590601,
    3462972,
    3349825,
    3235104,
    3138795,
    3039107,
    2947576,
    2863310,
    2782457,
    2703176,
    2631045,
    2563244,
    2497232,
    2432121,
    2377559,
    2322032,
    2270990,
    2223469,
    2178137,
    2131043,
    2089840,
    2047847,
    2005737
  ],
  "seq_len": 2875001522
}
