{
  "IAP": 13,
  "TMRCA": 5,
  "chrom_lengths": [
    248956422,
    242193529,
    198295559,
    190214555,
    181538259,
    170805979,
    159345973,
    145138636,
    138394717,
    133797422,
    135086622,
    133275309,
    114364328,
    107043718,
    101991189,
    90338345,
    83257441,
    80373285,
    58617616,
    64444167,
    46709983,
    50818468
  ],
  "genealogical_ancestors": [
    1,
    2,
    3.92,
    7.4,
    13.34,
    21.2,
    30.78,
    34.14,
    37.7,
    37.64,
    39.96,
    40.96,
    42.96,
    42,
    45,
    41,
    41,
    37,
    38,
    36,
    38,
    39,
    42,
    42,
    42,
    39,
    43,
    43,
    41,
    39,
    40,
    41,
    37,
    40,
    39,
    41,
    41,
    45,
    43,
    45,
    45,
    42,
    41,
    40,
    41,
    42,
    41,
    38,
    41,
    40
  ],
  "genealogical_descendants": [
    1,
    2.5,
    5.128205128205129,
    9.717948717948717,
    17.256410256410255,
    27.128205128205128,
    36.82051282051282,
    44.38461538461539,
    48.58974358974359,
    49.794871794871796,
    50,
    50,
    50,
    50,
    50,
    50,
    50,
    50,
    50,
    50,
    50,
    50,
    50,
    50,
    50,
    50,
    50,
    50,
    50,
    50,
    50,
    50,
    50,
    50,
    50,
    50,
    50,
    50,
    50,
    50,
    50,
    50,
    50,
    50,
    50,
    50,
    50,
    50,
    50,
    50
  ],
  "genetic_ancestors": [
    1,
    2,
    3.92,
    7.4,
    13.34,
    21.2,
    30.68,
    33.66,
    36.78,
    36.12,
    38.66,
    39.66,
    41.16,
    40,
    43.32,
    40.18,
    39.62,
    36.62,
    37.18,
    35.44,
    37.16,
    37.64,
    40.84,
    41.56,
    41.34,
    38.52,
    41.52,
    42.82,
    40.9,
    38.92,
    40,
    41,
    37,
    39.78,
    38.48,
    39.88,
    40,
    44.42,
    42.8,
    44.9,
    43.58,
    42,
    41,
    39.82,
    40.24,
    40.12,
    38.8,
    38,
    40.96,
    40
  ],
  "genetic_descendants": [
    1,
    2.5,
    5.128205128205129,
    9.717948717948717,
    17.256410256410255,
    27.128205128205128,
    36.76923076923077,
    43.76923076923077,
    47.205128205128204,
    48.84615384615385,
    49.282051282051285,
    49.58974358974359,
    49.64102564102564,
    49.794871794871796,
    49.97435897435897,
    49.97435897435897,
    50,
    50,
    50,
    50,
    50,
    50,
    50,
    50,
    49.97435897435897,
    50,
    50,
    50,
    50,
    50,
    50,
    50,
    50,
    50,
    50,
    50,
    50,
    50,
    50,
    50,
    50,
    50,
    50,
    50,
    50,
    50,
    50,
    50,
    50,
    50
  ],
  "num_gen": 50,
  "pop_size": 50,
  "recomb_rate": 1e-8,
  "roh_freq": [
    0,
    0,
    0,
    0.03395841300010275,
    0.029137143907223294,
    0.09726020825390018,
    0.08012584371772725,
    0.06508301532648719,
    0.10609937629799975,
    0.16285834853203252,
    0.10411690054750518,
    0.10238248350395134,
    0.12908216171024342,
    0.13088066048682948,
    0.12529953098230046,
    0.14495929761806922,
    0.168874248595963,
    0.1532779904385734,
    0.13328148480194094,
    0.16308954664963826,
    0.1911812592285647,
    0.2161405752535807,
    0.19893648684475376,
    0.20541843228978993,
    0.16359927007370814,
    0.19102786529933533,
    0.24017544194538343,
    0.21186724630888734,
    0.25436901950968777,
    0.23042728377379967,
    0.27808443195669375,
    0.25754172657443203,
    0.2595816849797132,
    0.2784861868466169,
    0.2800850395167199,
    0.27347803595354064,
    0.35034362705982597,
    0.29829152566271233,
    0.2549198710024196,
    0.2752536090726981,
    0.26924707425598365,
    0.31684708859781957,
    0.2887631107278419,
    0.3073034987214174,
    0.2754086496027949,
    0.34783973952275354,
    0.3402904374532015,
    0.3931582997401975,
    0.2916406175175583,
    0.39439003804464773
  ],
  "roh_len": [
    0,
    0,
    0,
    15447862,
    7374061,
    13521433,
    9055107,
    6083022,
    7773595,
    8482210,
    5255200,
    4206198,
    4928438,
    4601150,
    3769739,
    3425034,
    3561573,
    2852631,
    2420010,
    2791965,
    2780204,
    2790571,
    2191351,
    2060492,
    1600694,
    1688408,
    2019492,
    1597227,
    1916735,
    1614777,
    1753043,
    1545788,
    1525484,
    1484716,
    1441489,
    1345212,
    1665848,
    1334311,
    1067053,
    1120644,
    1045807,
    1216072,
    1053893,
    1033911,
    933418,
    1113134,
    1074881,
    1184510,
    833151,
    1134938
  ],
  "runtime_genealogical_ancestors": 0.027864935,
  "runtime_genealogical_descendants": 0.022852032,
  "runtime_genetic_ancestors": 8.965571116,
  "runtime_genetic_descendants": 5.145328555,
  "seed": 502,
  "segment_count": [
    22,
    102.02,
    159.3,
    216.42,
    275.72,
    333.08,
    390.02,
    445.16,
    502.26,
    567.86,
    626.18,
    683.52,
    742.68,
    802.64,
    865.06,
    922.12,
    978.3,
    1040.48,
    1099.82,
    1156.16,
    1206.18,
    1267.4,
    1327.62,
    1380.14,
    1443.06,
    1500.24,
    1555.6,
    1612.96,
    1683.6,
    1737.72,
    1794.54,
    1848.66,
    1905.18,
    1966.36,
    2014.12,
    2062.72,
    2127.62,
    2191.08,
    2239.88,
    2306.5,
    2362.72,
    2413.06,
    2483.24,
    2552.72,
    2615.72,
    2667.3,
    2718.12,
    2763.42,
    2810.72,
    2870.2
  ],
  "segment_len": [
    130681887,
    56361527,
    36095436,
    26568723,
    20854501,
    17263129,
    14742841,
    12916710,
    11448259,
    10125740,
    9182667,
    8412340,
    7742234,
    7163863,
    6646941,
    6235634,
    5877545,
    5526298,
    5228131,
    4973362,
    4767118,
    4536849,
    4331060,
    4166246,
    3984590,
    3832722,
    3696324,
    3564876,
    3415302,
    3308935,
    3204165,
    3110362,
    3018089,
    2924186,
    2854846,
    2787582,
    2702551,
    2624278,
    2567103,
    2492956,
    2433637,
    2382867,
    2315524,
    2252500,
    2198248,
    2155739,
    2115433,
    2080756,
    2045740,
    2003345
  ],
  "seq_len": 2875001522
}
