{
  "IAP": 12,
  "TMRCA": 6,
  "chrom_lengths": [
    248956422,
    242193529,
    198295559,
    190214555,
    181538259,
    170805979,
    159345973,
    145138636,
    138394717,
    133797422,
    135086622,
    133275309,
    114364328,
    107043718,
    101991189,
    90338345,
    83257441,
    80373285,
    58617616,
    64444167,
    46709983,
    50818468
  ],
  "genealogical_ancestors": [
    1,
    2,
    3.96,
    7.5,
    12.46,
    19.86,
    26.34,
    34.12,
    35.92,
    37.96,
    37.92,
    37.92,
    38,
    41,
    40,
    41,
    37,
    38,
    39,
    43,
    44,
    42,
    44,
    39,
    40,
    41,
    38,
    41,
    40,
    38,
    40,
    43,
    43,
    42,
    46,
    43,
    42,
    38,
    44,
    42,
    40,
    39,
    37,
    41,
    41,
    40,
    39,
    41,
    41,
    39
  ],
  "genealogical_descendants": [
    1,
    2.3255813953488373,
    4.7317073170731705,
    9.048780487804878,
    16.073170731707318,
    26.024390243902438,
    36.65853658536585,
    42.926829268292686,
    46.26829268292683,
    48.48780487804878,
    49.51219512195122,
    49.926829268292686,
    50,
    50,
    50,
    50,
    50,
    50,
    50,
    50,
    50,
    50,
    50,
    50,
    50,
    50,
    50,
    50,
    50,
    50,
    50,
    50,
    50,
    50,
    50,
    50,
    50,
    50,
    50,
    50,
    50,
    50,
    50,
    50,
    50,
    50,
    50,
    50,
    50,
    50
  ],
  "genetic_ancestors": [
    1,
    2,
    3.96,
    7.5,
    12.46,
    19.86,
    26.14,
    33.64,
    35.2,
    37.16,
    37.02,
    36.58,
    37.46,
    39.54,
    38.32,
    40.96,
    36.8,
    37.34,
    38.2,
    42.98,
    43.8,
    41.74,
    43.94,
    38.62,
    40,
    40.98,
    36.98,
    41,
    40,
    38,
    39.96,
    42.74,
    42.9,
    41.46,
    45.2,
    42.8,
    41.86,
    38,
    43.26,
    41.42,
    39.42,
    38.88,
    36.7,
    40.52,
    41,
    40,
    38.68,
    41,
    40.94,
    38.94
  ],
  "genetic_descendants": [
    1,
    2.3255813953488373,
    4.7317073170731705,
    9.048780487804878,
    16.073170731707318,
    26.024390243902438,
    36.53658536585366,
    42.390243902439025,
    45.41463414634146,
    47.073170731707314,
    48.1219512195122,
    48.46341463414634,
    48.65853658536585,
    49.02439024390244,
    49.048780487804876,
    49.34146341463415,
    49.24390243902439,
    49.34146341463415,
    49.4390243902439,
    49.51219512195122,
    49.5609756097561,
    49.63414634146341,
    49.58536585365854,
    49.609756097560975,
    49.707317073170735,
    49.8780487804878,
    49.78048780487805,
    49.75609756097561,
    49.926829268292686,
    49.951219512195124,
    49.90243902439025,
    49.829268292682926,
    49.8780487804878,
    49.8780487804878,
    49.8780487804878,
    49.80487804878049,
    49.853658536585364,
    49.8780487804878,
    49.78048780487805,
    49.78048780487805,
    49.926829268292686,
    49.90243902439025,
    49.926829268292686,
    49.90243902439025,
    49.90243902439025,
    49.90243902439025,
    49.90243902439025,
    49.951219512195124,
    49.97560975609756,
    49.90243902439025
  ],
  "num_gen": 50,
  "pop_size": 50,
  "recomb_rate": 1e-8,
  "roh_freq": [
    0,
    0,
    0.025403614801982007,
    0.016027341344830078,
    0.037562638389448476,
    0.04807672158860165,
    0.03126195075454294,
    0.07309146970253325,
    0.10593267929407378,
    0.05480057105861942,
    0.06639265837578225,
    0.07579206741025162,
    0.09967366595362796,
    0.10918056017641302,
    0.10542163630896331,
    0.13537085289236936,
    0.13146242154232848,
    0.13492792807641513,
    0.1738015243388104,
    0.14350306666028959,
    0.213584360425949,
    0.2001952081818759,
    0.17319770591064057,
    0.21466154241569824,
    0.2548958203994996,
    0.17939433033802754,
    0.22345394204629573,
    0.21138027124842682,
    0.21228474865482178,
    0.22371200524880977,
    0.26886631243320785,
    0.26689836285241453,
    0.3062294872343375,
    0.2432022383117194,
    0.3043832065143512,
    0.33044553243196506,
    0.28507799006306056,
    0.26348606756668,
    0.3186375181125904,
    0.3083618926098085,
    0.2977359296646661,
    0.3968717543656312,
    0.3161824182505598,
    0.3138423675241449,
    0.34437360988638804,
    0.3211526091150361,
    0.38254188319695787,
    0.3605356402590454,
    0.38180363434951947,
    0.4121476810126016
  ],
  "roh_len": [
    0,
    0,
    17306974,
    7456089,
    10505120,
    10969892,
    5480375,
    7056349,
    8091302,
    3389667,
    3317326,
    3140707,
    3848535,
    2961266,
    2790345,
    3318480,
    2875054,
    2581645,
    3282614,
    2308996,
    3168500,
    2605058,
    2104402,
    2229596,
    2515190,
    1822341,
    2030822,
    1782793,
    1670825,
    1559432,
    1857437,
    1683929,
    1866145,
    1393675,
    1664515,
    1655741,
    1381006,
    1249584,
    1413098,
    1335312,
    1249841,
    1522194,
    1197787,
    1113864,
    1171796,
    1029588,
    1259313,
    1106682,
    1131938,
    1129339
  ],
  "runtime_genealogical_ancestors": 0.022456713,
  "runtime_genealogical_descendants": 0.032988505,
  "runtime_genetic_ancestors": 9.030253904,
  "runtime_genetic_descendants": 4.974254026,
  "seed": 503,
  "segment_count": [
    22,
    102.02,
    158.18,
    218.18,
    275.42,
    332.3,
    389.34,
    447.6,
    502.38,
    560.76,
    620.84,
    674.78,
    730.22,
    780.06,
    838.04,
    896.1,
    944.58,
    1003.16,
    1055.08,
    1113.72,
    1165.8,
    1223.7,
    1287.7,
    1341.22,
    1391.24,
    1449.28,
    1502.68,
    1559.88,
    1620.46,
    1684.3,
    1739.78,
    1798.44,
    1850,
    1908.78,
    1964.8,
    2019.4,
    2071.58,
    2133.58,
    2184.3,
    2244.3,
    2307.7,
    2364,
    2433.58,
    2491.04,
    2560.14,
    2617.62,
    2676.5,
    2746.24,
    2792.04,
    2847.98
  ],
  "segment_len": [
    130681887,
    56361527,
    36351011,
    26354400,
    20877216,
    17303650,
    14768590,
    12846298,
    11445525,
    10253946,
    9261650,
    8521300,
    7874343,
    7371231,
    6861251,
    6416697,
    6087364,
    5731890,
    5449826,
    5162880,
    4932237,
    4698866,
    4465328,
    4287143,
    4133005,
    3967489,
    3826498,
    3686182,
    3548377,
    3413882,
    3305017,
    3197217,
    3108109,
    3012396,
    2926508,
    2847381,
    2775660,
    2695002,
    2632423,
    2562047,
    2491659,
    2432319,
    2362775,
    2308274,
    2245972,
    2196653,
    2148329,
    2093772,
    2059427,
    2018975
  ],
  "seq_len": 2875001522
}
