{
  "IAP": 17,
  "TMRCA": 10,
  "chrom_lengths": [
    248956422,
    242193529,
    198295559,
    190214555,
    181538259,
    170805979,
    159345973,
    145138636,
    138394717,
    133797422,
    135086622,
    133275309,
    114364328,
    107043718,
    101991189,
    90338345,
    83257441,
    80373285,
    58617616,
    64444167,
    46709983,
    50818468
  ],
  "genealogical_ancestors": [
    1,
    2,
    3.998,
    7.95,
    15.68,
    30.466,
    57.396,
    102.384,
    169.132,
    244.126,
    312.514,
    349.102,
    376.994,
    390.892,
    393.672,
    403.99,
    410.994,
    403,
    408,
    397,
    392,
    389,
    394,
    398,
    404,
    397,
    400,
    398,
    391,
    388,
    403,
    381,
    404,
    408,
    404,
    394,
    412,
    411,
    398,
    412,
    391,
    395,
    394,
    404,
    406,
    406,
    407,
    395,
    398,
    393
  ],
  "genealogical_descendants": [
    1,
    2.288329519450801,
    4.865853658536586,
    9.868159203980099,
    19.591478696741856,
    38.10050251256281,
    71.63224181360202,
    128.62972292191435,
    211.88916876574308,
    309.20403022670024,
    395.8110831234257,
    452.6347607052897,
    481.51889168765746,
    493.67758186397987,
    497.83123425692696,
    499.0755667506297,
    499.61964735516375,
    499.8765743073048,
    499.9773299748111,
    500,
    500,
    500,
    500,
    500,
    500,
    500,
    500,
    500,
    500,
    500,
    500,
    500,
    500,
    500,
    500,
    500,
    500,
    500,
    500,
    500,
    500,
    500,
    500,
    500,
    500,
    500,
    500,
    500,
    500,
    500
  ],
  "genetic_ancestors": [
    1,
    2,
    3.998,
    7.95,
    15.68,
    30.452,
    56.856,
    96.658,
    143.852,
    183.388,
    215.81,
    232.8,
    250.778,
    268.702,
    278.186,
    288.52,
    299.518,
    300.024,
    307.678,
    307.012,
    304.558,
    313.354,
    321.92,
    322.042,
    323.484,
    323.118,
    328.95,
    335.386,
    333.514,
    329.636,
    340.334,
    327.934,
    345.448,
    352.428,
    349.37,
    344.12,
    353.878,
    363.25,
    350.546,
    364.634,
    347.384,
    350,
    354.266,
    362.898,
    358.682,
    362.64,
    370.784,
    361.17,
    361.958,
    360.218
  ],
  "genetic_descendants": [
    1,
    2.288329519450801,
    4.865853658536586,
    9.868159203980099,
    19.591478696741856,
    38.09045226130653,
    71.0528967254408,
    121.65491183879094,
    180.33501259445845,
    232.83123425692696,
    273.0780856423174,
    302.4886649874055,
    323.19647355163727,
    338.83123425692696,
    351.16120906801007,
    360.8816120906801,
    369.5566750629723,
    377.5869017632242,
    383.95465994962217,
    389.55919395466,
    394.83123425692696,
    400.6171284634761,
    405.12594458438286,
    409.2065491183879,
    412.93198992443325,
    416.62468513853906,
    419.8287153652393,
    422.89168765743074,
    425.6272040302267,
    428.57178841309826,
    431.7103274559194,
    433.51889168765746,
    435.58438287153655,
    438.9318181818182,
    441.4343434343434,
    443.06060606060606,
    444.65656565656565,
    446.42424242424244,
    447.8686868686869,
    449.57070707070704,
    450.62626262626264,
    452.2550505050505,
    453.4141414141414,
    454.65909090909093,
    455.9166666666667,
    456.8459595959596,
    458.0151515151515,
    458.98737373737373,
    459.99242424242425,
    460.3510101010101
  ],
  "num_gen": 50,
  "pop_size": 500,
  "recomb_rate": 1e-8,
  "roh_freq": [
    0,
    0,
    0.0028467043023708005,
    0.0016881657024736697,
    0.004297835528589331,
    0.005638428964977779,
    0.006681928699862442,
    0.008002320469032433,
    0.009166223634437436,
    0.009499896775358995,
    0.009310686236916712,
    0.008535094814464588,
    0.009804476966812541,
    0.01303433538495358,
    0.01791413497693446,
    0.015528424393648026,
    0.012454991207479438,
    0.018179514990183717,
    0.01587533406599706,
    0.017659204816240094,
    0.016410683242066123,
    0.017550349124997786,
    0.023249527775380426,
    0.019448872712631557,
    0.02461905790740656,
    0.024620670408118134,
    0.027338612829436965,
    0.03163162371153694,
    0.02549970005615879,
    0.029624058770846107,
    0.028772167684438535,
    0.02865085096674951,
    0.030991148664164078,
    0.04124972201458195,
    0.033273589481598885,
    0.035039712584193895,
    0.03908824639919617,
    0.03633359395000696,
    0.031715913049871425,
    0.04174048715373167,
    0.03864730633697383,
    0.04392544650416363,
    0.04086154336373252,
    0.03554243563979581,
    0.048548935353224486,
    0.047474311271686345,
    0.05035115074001689,
    0.04350656203583046,
    0.047673925091577744,
    0.050145568325024356
  ],
  "roh_len": [
    0,
    0,
    32221571,
    7034027,
    9519478,
    13222260,
    6846242,
    8341799,
    6304523,
    5080397,
    4997803,
    3988688,
    3248200,
    3834807,
    4238943,
    3322238,
    2227427,
    3084639,
    2428778,
    2303549,
    1906138,
    1891769,
    2234486,
    1781998,
    2128332,
    2029138,
    2067077,
    2207840,
    1612166,
    1688525,
    1596480,
    1426588,
    1474670,
    1988948,
    1448935,
    1421705,
    1459502,
    1305837,
    1109420,
    1377803,
    1213638,
    1315531,
    1201687,
    945838,
    1242861,
    1148025,
    1196360,
    1013133,
    1031802,
    1079154
  ],
  "runtime_genealogical_ancestors": 1.787251462,
  "runtime_genealogical_descendants": 2.4769492189999998,
  "runtime_genetic_ancestors": 77.584623269,
  "runtime_genetic_descendants": 46.774902761999996,
  "seed": 5007,
  "segment_count": [
    22,
    101.978,
    159.194,
    216.312,
    274.924,
    333.446,
    391.386,
    449.808,
    508.934,
    569.194,
    626.718,
    683.41,
    739.774,
    797.36,
    853.684,
    910.974,
    969.272,
    1027.548,
    1082.374,
    1138.572,
    1195.926,
    1253.808,
    1309.3,
    1365.22,
    1422.54,
    1481.794,
    1542.968,
    1600.036,
    1655.742,
    1717.588,
    1776.102,
    1832.628,
    1888.808,
    1946.414,
    2006.482,
    2067.458,
    2125.438,
    2182.492,
    2238.254,
    2296.676,
    2355.694,
    2414.488,
    2469.616,
    2525.276,
    2580.506,
    2639.982,
    2696.35,
    2750.67,
    2807.518,
    2866.972
  ],
  "segment_len": [
    130681887,
    56384740,
    36119470,
    26581988,
    20914882,
    17244180,
    14691386,
    12783238,
    11298131,
    10102009,
    9174785,
    8413694,
    7772648,
    7211301,
    6735516,
    6311928,
    5932290,
    5595848,
    5312399,
    5050188,
    4807992,
    4586031,
    4391661,
    4211777,
    4042067,
    3880433,
    3726586,
    3593671,
    3472765,
    3347719,
    3237428,
    3137572,
    3044249,
    2954152,
    2865713,
    2781194,
    2705326,
    2634604,
    2568968,
    2503619,
    2440895,
    2381458,
    2328298,
    2276980,
    2228246,
    2178046,
    2132513,
    2090400,
    2048073,
    2005601
  ],
  "seq_len": 2875001522
}
