{
  "IAP": 20,
  "TMRCA": 9,
  "chrom_lengths": [
    248956422,
    242193529,
    198295559,
    190214555,
    181538259,
    170805979,
    159345973,
    145138636,
    138394717,
    133797422,
    135086622,
    133275309,
    114364328,
    107043718,
    101991189,
    90338345,
    83257441,
    80373285,
    58617616,
    64444167,
    46709983,
    50818468
  ],
  "genealogical_ancestors": [
    1,
    2,
    3.998,
    7.958,
    15.638,
    30.37,
    58.038,
    103.92,
    171.982,
    248.896,
    319.658,
    356.434,
    383.954,
    404.176,
    405.114,
    412.692,
    411.324,
    401.826,
    396.656,
    402.828,
    400,
    394,
    401,
    397,
    400,
    399,
    401,
    401,
    408,
    405,
    391,
    400,
    401,
    407,
    419,
    406,
    404,
    386,
    399,
    405,
    391,
    404,
    415,
    401,
    393,
    395,
    397,
    405,
    408,
    398
  ],
  "genealogical_descendants": [
    1,
    2.2988505747126435,
    4.73696682464455,
    9.578313253012048,
    19.18978102189781,
    37.54656862745098,
    70.995085995086,
    127.1056511056511,
    210.02457002457,
    306.53071253071255,
    392.7690417690418,
    449.05896805896805,
    479.0958230958231,
    492.55282555282554,
    497.77641277641277,
    499.4864864864865,
    499.92874692874693,
    500,
    500,
    500,
    500,
    500,
    500,
    500,
    500,
    500,
    500,
    500,
    500,
    500,
    500,
    500,
    500,
    500,
    500,
    500,
    500,
    500,
    500,
    500,
    500,
    500,
    500,
    500,
    500,
    500,
    500,
    500,
    500,
    500
  ],
  "genetic_ancestors": [
    1,
    2,
    3.998,
    7.958,
    15.638,
    30.36,
    57.562,
    98.042,
    145.122,
    186.044,
    219.78,
    237.054,
    254.604,
    273.158,
    282.422,
    293.584,
    300.752,
    295.58,
    301.972,
    310.004,
    315.202,
    315.82,
    328.014,
    322.072,
    328.972,
    327.928,
    331.91,
    335.142,
    344.148,
    341.958,
    335.548,
    340.906,
    342.862,
    351.582,
    361.554,
    356.25,
    353.146,
    346.686,
    352.896,
    357.582,
    349.536,
    356.086,
    366.368,
    355.1,
    351.252,
    354.324,
    353.306,
    367.752,
    367.756,
    365.114
  ],
  "genetic_descendants": [
    1,
    2.2988505747126435,
    4.73696682464455,
    9.578313253012048,
    19.18978102189781,
    37.52696078431372,
    70.38820638820638,
    120.12776412776412,
    178.1130221130221,
    228.9164619164619,
    269.02211302211305,
    298.8716049382716,
    319.7111111111111,
    336.4641975308642,
    348.758024691358,
    358.77777777777777,
    366.50123456790124,
    374.1530864197531,
    380.9283950617284,
    387.1111111111111,
    392.4938271604938,
    397.44444444444446,
    401.8,
    405.9654320987654,
    409.7456790123457,
    413.4864197530864,
    416.4148148148148,
    419.5432098765432,
    422.80493827160495,
    425.0246913580247,
    427.66913580246916,
    429.8913580246914,
    432.162962962963,
    433.77037037037036,
    435.9827160493827,
    437.8197530864198,
    440.0888888888889,
    441.8197530864198,
    443.27654320987654,
    444.7604938271605,
    446.0567901234568,
    447.33827160493826,
    449.1530864197531,
    450.01975308641977,
    451.58024691358025,
    452.82716049382714,
    453.99506172839506,
    455.3876543209877,
    456.29135802469136,
    456.85925925925926
  ],
  "num_gen": 50,
  "pop_size": 500,
  "recomb_rate": 1e-8,
  "roh_freq": [
    0,
    0,
    0.0001887985991820981,
    0.002544940198469919,
    0.004500803123400921,
    0.005599353400968391,
    0.003948357299687022,
    0.006537605020440055,
    0.010410590108202384,
    0.012833439422436591,
    0.006457428030537231,
    0.01065571998886754,
    0.012256971868830891,
    0.010418108816569871,
    0.013542770822922715,
    0.018167049191565608,
    0.01373237140846286,
    0.013694463589922231,
    0.020469707248384546,
    0.014858492516651962,
    0.017109549272788176,
    0.021260854227819082,
    0.017826754318497368,
    0.027582393261773027,
    0.019856279882692878,
    0.022951412605895657,
    0.02721937571134267,
    0.024212715203564335,
    0.029327696133998778,
    0.027442201479293684,
    0.02509863911230305,
    0.030295565597964924,
    0.027309002576590635,
    0.02833569040107103,
    0.030169657128271948,
    0.03175769588618674,
    0.03836312679211166,
    0.03959618087116964,
    0.03279360176491761,
    0.0396315195182008,
    0.044754488612754204,
    0.034858409176174346,
    0.05039426626432235,
    0.037830510781900036,
    0.052563610877977125,
    0.04159992234188459,
    0.04450820819078509,
    0.04468832533438916,
    0.047656660650630435,
    0.050657389373027266
  ],
  "roh_len": [
    0,
    0,
    7982297,
    11577067,
    12736039,
    9503039,
    5405492,
    5880983,
    6492508,
    6593309,
    3347478,
    3922562,
    3785049,
    2982680,
    3134902,
    3854634,
    2665806,
    2323082,
    3238166,
    1906721,
    2008902,
    2186314,
    1798061,
    2520482,
    1852025,
    1836906,
    1916811,
    1641860,
    1915689,
    1615140,
    1329867,
    1550811,
    1367734,
    1267190,
    1339704,
    1312887,
    1503791,
    1415275,
    1129338,
    1336077,
    1449924,
    1062306,
    1510336,
    1034279,
    1421213,
    1088597,
    1042300,
    1038835,
    1071854,
    1071497
  ],
  "runtime_genealogical_ancestors": 1.871331358,
  "runtime_genealogical_descendants": 2.803298318,
  "runtime_genetic_ancestors": 76.878034241,
  "runtime_genetic_descendants": 45.428970607,
  "seed": 5003,
  "segment_count": [
    22,
    101.978,
    159.618,
    217.494,
    275.85,
    334.128,
    392.238,
    450.256,
    507.166,
    563.846,
    622.778,
    680.328,
    738.64,
    794.63,
    852.826,
    911.358,
    964.95,
    1023.884,
    1084.398,
    1141.52,
    1197.426,
    1253.306,
    1310.742,
    1368.764,
    1425.936,
    1484.854,
    1544.444,
    1604.318,
    1662.066,
    1718.896,
    1776.588,
    1832.742,
    1889.21,
    1947.044,
    2003.822,
    2061.174,
    2116.978,
    2171.534,
    2226.678,
    2286.88,
    2344.236,
    2399.766,
    2458.726,
    2519.752,
    2580.5,
    2642.178,
    2702.336,
    2762.268,
    2820.622,
    2877.384
  ],
  "segment_len": [
    130681887,
    56384740,
    36023525,
    26437524,
    20844672,
    17208982,
    14659474,
    12770519,
    11337516,
    10197825,
    9232829,
    8451810,
    7784581,
    7236075,
    6742293,
    6309269,
    5958861,
    5615873,
    5302483,
    5037146,
    4801969,
    4587868,
    4386830,
    4200872,
    4032441,
    3872436,
    3723024,
    3584079,
    3459551,
    3345172,
    3236542,
    3137377,
    3043601,
    2953196,
    2869517,
    2789673,
    2716137,
    2647899,
    2582323,
    2514344,
    2452826,
    2396068,
    2338610,
    2281971,
    2228251,
    2176236,
    2127789,
    2081623,
    2038558,
    1998343
  ],
  "seq_len": 2875001522
}
