{
  "IAP": 22,
  "TMRCA": 10,
  "chrom_lengths": [
    248956422,
    242193529,
    198295559,
    190214555,
    181538259,
    170805979,
    159345973,
    145138636,
    138394717,
    133797422,
    135086622,
    133275309,
    114364328,
    107043718,
    101991189,
    90338345,
    83257441,
    80373285,
    58617616,
    64444167,
    46709983,
    50818468
  ],
  "genealogical_ancestors": [
    1,
    2,
    3.996,
    7.958,
    15.702,
    30.564,
    57.928,
    103.19,
    170.69,
    244.082,
    317.778,
    358.948,
    369.806,
    394.754,
    394.326,
    395.34,
    404.902,
    392.984,
    386.984,
    395.99,
    374.99,
    398.99,
    393,
    390,
    395,
    398,
    403,
    404,
    412,
    404,
    413,
    409,
    397,
    393,
    398,
    400,
    411,
    389,
    396,
    410,
    387,
    378,
    396,
    391,
    401,
    401,
    398,
    407,
    414,
    404
  ],
  "genealogical_descendants": [
    1,
    2.3255813953488373,
    4.938271604938271,
    10.02015113350126,
    19.916243654822335,
    38.74111675126903,
    72.95165394402035,
    129.78880407124683,
    211.8091603053435,
    305.4580152671756,
    387.91348600508906,
    443.37150127226465,
    472.7964376590331,
    487.49872773536896,
    494.47837150127225,
    497.4351145038168,
    499.04834605597966,
    499.8167938931298,
    500,
    500,
    500,
    500,
    500,
    500,
    500,
    500,
    500,
    500,
    500,
    500,
    500,
    500,
    500,
    500,
    500,
    500,
    500,
    500,
    500,
    500,
    500,
    500,
    500,
    500,
    500,
    500,
    500,
    500,
    500,
    500
  ],
  "genetic_ancestors": [
    1,
    2,
    3.996,
    7.958,
    15.702,
    30.562,
    57.422,
    97.45,
    144.856,
    183.792,
    218.264,
    237.9,
    250.856,
    270.102,
    279.66,
    289.602,
    297.614,
    293.646,
    298.462,
    308.506,
    296.034,
    314.256,
    319.85,
    315.878,
    322.316,
    323.88,
    330.842,
    336.994,
    351.748,
    338.196,
    344.234,
    347.17,
    339.912,
    338.956,
    346.326,
    346.242,
    351.984,
    338.848,
    341.934,
    353.704,
    337.73,
    331.642,
    357.296,
    351.252,
    360.71,
    359.562,
    362.74,
    365.592,
    377.322,
    370.248
  ],
  "genetic_descendants": [
    1,
    2.3255813953488373,
    4.938271604938271,
    10.02015113350126,
    19.916243654822335,
    38.73096446700507,
    72.32315521628499,
    122.59287531806616,
    180.42239185750637,
    230.63358778625954,
    268.58015267175574,
    296.5969387755102,
    315.1938775510204,
    330.2959183673469,
    344.03076923076924,
    353.8410256410256,
    361.96153846153845,
    368.5615384615385,
    375.23333333333335,
    380.98205128205126,
    387.38303341902315,
    392.32647814910024,
    396.75321336760925,
    401.04370179948586,
    405.39845758354755,
    409.03598971722363,
    411.96915167095113,
    415.09768637532136,
    417.48329048843186,
    420.19280205655525,
    422.3393316195373,
    424.74035989717225,
    426.56812339331617,
    428.82262210796915,
    431.5141388174807,
    433.5809768637532,
    435.32904884318765,
    436.95372750642673,
    438.39331619537273,
    439.56812339331617,
    441.7994858611825,
    443.0154241645244,
    443.9485861182519,
    445.1491002570694,
    446.2390745501285,
    447.3213367609255,
    448.68123393316193,
    449.68123393316193,
    450.7789203084833,
    451.8843187660668
  ],
  "num_gen": 50,
  "pop_size": 500,
  "recomb_rate": 1e-8,
  "roh_freq": [
    0,
    0,
    0,
    0.0040802977467084625,
    0.005697180823266361,
    0.005596840276037948,
    0.006583545641684707,
    0.005775025070751946,
    0.009630125150243312,
    0.009822051354726205,
    0.0119898986954345,
    0.01287771970856021,
    0.013789418350784441,
    0.011769731300337032,
    0.014513718191346404,
    0.011363231192752043,
    0.017702104822050944,
    0.018103919783594463,
    0.018574463483710113,
    0.016034314303225612,
    0.0247637912213947,
    0.024814079330424784,
    0.014269030673577501,
    0.02551682384465882,
    0.02982390707826554,
    0.029531887695466757,
    0.02305828036497297,
    0.02791787414365063,
    0.029089227571546306,
    0.02939671622546014,
    0.024414091932435506,
    0.03190998659443492,
    0.03215244482712312,
    0.037368859461076834,
    0.030110482900120007,
    0.03463914980981356,
    0.03950554674871577,
    0.03334819797358007,
    0.04082376198686409,
    0.04805783166329746,
    0.048159978450265324,
    0.03818280214044353,
    0.036442504851654824,
    0.045107233079927395,
    0.05298356259652791,
    0.05011494836558212,
    0.0528754167393446,
    0.04304860846470188,
    0.04986675213801852,
    0.04732350236508849
  ],
  "roh_len": [
    0,
    0,
    0,
    20366080,
    16217231,
    11901571,
    9444961,
    5211301,
    7312896,
    5374650,
    5563424,
    5293603,
    4544314,
    3133147,
    3223154,
    2467470,
    3318136,
    3128308,
    2906368,
    2265068,
    3006077,
    2635019,
    1423734,
    2294536,
    2502883,
    2257850,
    1789466,
    1869733,
    1923891,
    1817070,
    1317390,
    1678337,
    1533584,
    1689025,
    1337035,
    1373281,
    1533725,
    1216516,
    1388219,
    1582951,
    1525494,
    1129727,
    1056129,
    1219722,
    1404927,
    1239232,
    1236492,
    1034407,
    1124059,
    1073921
  ],
  "runtime_genealogical_ancestors": 1.7446646289999999,
  "runtime_genealogical_descendants": 2.37911204,
  "runtime_genetic_ancestors": 76.472233923,
  "runtime_genetic_descendants": 45.46379777,
  "seed": 5004,
  "segment_count": [
    22,
    101.978,
    159.612,
    218.162,
    276.45,
    334.892,
    392.968,
    450.876,
    508.884,
    566.994,
    626.246,
    681.548,
    738.786,
    794.324,
    849.952,
    906.77,
    964.576,
    1021.286,
    1077.74,
    1135.574,
    1192.194,
    1247.142,
    1306.276,
    1363.104,
    1420.082,
    1479.308,
    1538.63,
    1596.446,
    1652.86,
    1707.56,
    1764.876,
    1822.754,
    1879.798,
    1939.624,
    2000.124,
    2056.262,
    2113.114,
    2171.794,
    2227.664,
    2281.294,
    2338.788,
    2392.804,
    2449.27,
    2506.542,
    2560.056,
    2618.254,
    2675.064,
    2731.268,
    2791.708,
    2846.948
  ],
  "segment_len": [
    130681887,
    56384740,
    36024879,
    26356574,
    20799432,
    17169723,
    14632242,
    12752958,
    11299241,
    10141206,
    9181700,
    8436680,
    7783042,
    7238863,
    6765091,
    6341192,
    5961171,
    5630159,
    5335241,
    5063521,
    4823043,
    4610543,
    4401828,
    4218315,
    4049064,
    3886954,
    3737092,
    3601752,
    3478820,
    3367379,
    3258020,
    3154568,
    3058840,
    2964493,
    2874823,
    2796337,
    2721104,
    2647582,
    2581180,
    2520500,
    2458539,
    2403039,
    2347639,
    2293998,
    2246045,
    2196121,
    2149482,
    2105250,
    2059672,
    2019707
  ],
  "seq_len": 2875001522
}
