{
  "IAP": 18,
  "TMRCA": 9,
  "chrom_lengths": [
    248956422,
    242193529,
    198295559,
    190214555,
    181538259,
    170805979,
    159345973,
    145138636,
    138394717,
    133797422,
    135086622,
    133275309,
    114364328,
    107043718,
    101991189,
    90338345,
    83257441,
    80373285,
    58617616,
    64444167,
    46709983,
    50818468
  ],
  "genealogical_ancestors": [
    1,
    2,
    3.99,
    7.93,
    15.632,
    30.342,
    57.508,
    102.976,
    167.332,
    243.074,
    308.938,
    347.942,
    382.214,
    396.022,
    392.556,
    399.23,
    404.796,
    405.884,
    394,
    398,
    406,
    407,
    394,
    395,
    410,
    406,
    403,
    394,
    401,
    401,
    396,
    400,
    393,
    384,
    389,
    390,
    383,
    396,
    399,
    405,
    397,
    384,
    395,
    386,
    392,
    394,
    405,
    407,
    398,
    398
  ],
  "genealogical_descendants": [
    1,
    2.347417840375587,
    4.844660194174757,
    9.915211970074813,
    19.561097256857856,
    38.25125628140704,
    71.83165829145729,
    127.95477386934674,
    209.1180904522613,
    303.39195979899495,
    387.7713567839196,
    442.84422110552765,
    473.6608040201005,
    488.87688442211055,
    495.81909547738695,
    498.57286432160805,
    499.7286432160804,
    499.9824120603015,
    500,
    500,
    500,
    500,
    500,
    500,
    500,
    500,
    500,
    500,
    500,
    500,
    500,
    500,
    500,
    500,
    500,
    500,
    500,
    500,
    500,
    500,
    500,
    500,
    500,
    500,
    500,
    500,
    500,
    500,
    500,
    500
  ],
  "genetic_ancestors": [
    1,
    2,
    3.99,
    7.93,
    15.632,
    30.336,
    56.99,
    96.922,
    141.554,
    181.804,
    211.168,
    232.56,
    254.582,
    269.208,
    274.806,
    282.548,
    298.462,
    302.712,
    306.702,
    311.13,
    319.152,
    317.602,
    314.42,
    324.182,
    338.306,
    337.48,
    336.036,
    334.394,
    336.618,
    342.458,
    345.576,
    346.62,
    344.442,
    335.726,
    338.468,
    336.666,
    336.468,
    345.61,
    351.368,
    357.244,
    347.886,
    338.19,
    344.654,
    336.002,
    345.966,
    341.466,
    363.256,
    365.232,
    358.418,
    358.424
  ],
  "genetic_descendants": [
    1,
    2.347417840375587,
    4.844660194174757,
    9.915211970074813,
    19.561097256857856,
    38.23618090452261,
    71.11809045226131,
    120.68844221105527,
    177.76633165829145,
    228.38442211055278,
    266.5251256281407,
    295.16120906801007,
    315.448362720403,
    330.4836272040302,
    342.9471032745592,
    353.4256926952141,
    362.095717884131,
    369.07304785894206,
    375.44080604534,
    381.7229219143577,
    387.4962216624685,
    392.5465994962217,
    397.09823677581863,
    401.6523929471033,
    405.9697732997481,
    409.17380352644835,
    412.8337531486146,
    415.7103274559194,
    418.08060453400503,
    420.80856423173805,
    423.65994962216627,
    425.8992443324937,
    428.44584382871534,
    430.4005037783375,
    432.13350125944584,
    434.3022670025189,
    436.272040302267,
    438.5818639798489,
    439.3173803526448,
    441.5415617128464,
    442.2896725440806,
    443.98992443324937,
    446.5656565656566,
    447.6060606060606,
    449.0858585858586,
    450.25252525252523,
    453.2335025380711,
    454.3477157360406,
    455.3984771573604,
    456.39086294416245
  ],
  "num_gen": 50,
  "pop_size": 500,
  "recomb_rate": 1e-8,
  "roh_freq": [
    0,
    0,
    0.0028008205597047334,
    0.002996074415295562,
    0.004962467996912594,
    0.005669644980452292,
    0.00951797587048373,
    0.004966524393373869,
    0.009090333406786975,
    0.008215789639501972,
    0.009289161309181386,
    0.013211793389791466,
    0.013798754937146083,
    0.010125901895087762,
    0.014067228770670544,
    0.013833204562734836,
    0.01793570807299211,
    0.018821909138453666,
    0.02026465662441482,
    0.022057936409676796,
    0.01701750818690523,
    0.02041059963445821,
    0.023615058375610835,
    0.027058133504528976,
    0.02882859785630402,
    0.023478441089326143,
    0.0220903942484939,
    0.02440837131842047,
    0.03184855347843534,
    0.03131397649534879,
    0.03207749500036612,
    0.032851091432570034,
    0.04207732374689157,
    0.03606894052559045,
    0.04481634525966001,
    0.03253553401910164,
    0.03740905073510427,
    0.03442759693189477,
    0.034700157592473094,
    0.0388979633068869,
    0.03951600994456795,
    0.04329805434029958,
    0.05432553058244955,
    0.04150313199382021,
    0.04695836878447399,
    0.04935234387747221,
    0.048864919542814765,
    0.0507414173890653,
    0.046197991682315365,
    0.045126555172654965
  ],
  "roh_len": [
    0,
    0,
    23408033,
    18564048,
    12471243,
    8887806,
    10038222,
    3961921,
    6146453,
    4882266,
    4801573,
    4587430,
    3994305,
    2667398,
    3277946,
    2811827,
    3385764,
    2683644,
    3188186,
    2965609,
    2039916,
    2278323,
    2185454,
    2161013,
    2430850,
    1812776,
    1565980,
    1641422,
    1960698,
    1835203,
    1729286,
    1711677,
    1965368,
    1635928,
    1879716,
    1289349,
    1380949,
    1206359,
    1174373,
    1214347,
    1184286,
    1266553,
    1462223,
    1147256,
    1187528,
    1199716,
    1186904,
    1111123,
    1022741,
    979028
  ],
  "runtime_genealogical_ancestors": 1.839486999,
  "runtime_genealogical_descendants": 3.500068317,
  "runtime_genetic_ancestors": 78.003577672,
  "runtime_genetic_descendants": 46.168223451,
  "seed": 5000,
  "segment_count": [
    22,
    101.978,
    159.75,
    217.524,
    275.416,
    333.734,
    391.18,
    449.056,
    506.374,
    563.794,
    620.552,
    677.73,
    736.324,
    794.628,
    851.79,
    909.582,
    965.282,
    1023.952,
    1082.192,
    1137.442,
    1197.022,
    1256.598,
    1314.826,
    1374.694,
    1433.93,
    1491.76,
    1550.818,
    1608.27,
    1664.628,
    1723.048,
    1782.46,
    1838.144,
    1893.324,
    1948.492,
    2006.686,
    2067.066,
    2124.81,
    2181.498,
    2237.69,
    2296.16,
    2353.506,
    2408.656,
    2467.6,
    2526.234,
    2582.196,
    2637.956,
    2692.624,
    2753.19,
    2810.488,
    2868.972
  ],
  "segment_len": [
    130681887,
    56384740,
    35993759,
    26433878,
    20877519,
    17229299,
    14699123,
    12804645,
    11355249,
    10198765,
    9265948,
    8484209,
    7809066,
    7236094,
    6750493,
    6321588,
    5956811,
    5615500,
    5313292,
    5055205,
    4803590,
    4575849,
    4373204,
    4182751,
    4009960,
    3854509,
    3707722,
    3575272,
    3454227,
    3337111,
    3225880,
    3128157,
    3036988,
    2951001,
    2865422,
    2781722,
    2706125,
    2635804,
    2569615,
    2504182,
    2443164,
    2387224,
    2330200,
    2276116,
    2226787,
    2179719,
    2135464,
    2088487,
    2045909,
    2004203
  ],
  "seq_len": 2875001522
}
