{
  "IAP": 20,
  "TMRCA": 10,
  "chrom_lengths": [
    248956422,
    242193529,
    198295559,
    190214555,
    181538259,
    170805979,
    159345973,
    145138636,
    138394717,
    133797422,
    135086622,
    133275309,
    114364328,
    107043718,
    101991189,
    90338345,
    83257441,
    80373285,
    58617616,
    64444167,
    46709983,
    50818468
  ],
  "genealogical_ancestors": [
    1,
    2,
    3.992,
    7.936,
    15.682,
    30.368,
    57.554,
    101.872,
    168.54,
    244.038,
    311.1,
    350.702,
    367.286,
    391.068,
    404.226,
    394.276,
    390.608,
    405.678,
    409.76,
    407.926,
    394,
    385,
    386,
    393,
    406,
    400,
    410,
    403,
    406,
    396,
    401,
    396,
    395,
    403,
    405,
    413,
    403,
    396,
    383,
    396,
    384,
    391,
    403,
    406,
    410,
    410,
    398,
    393,
    392,
    401
  ],
  "genealogical_descendants": [
    1,
    2.242152466367713,
    4.674473067915691,
    9.454761904761904,
    18.857831325301206,
    36.86440677966102,
    69.41504854368932,
    123.92233009708738,
    204.35922330097088,
    299.9296116504854,
    385.86650485436894,
    442.7257281553398,
    473.70388349514565,
    488.7839805825243,
    496.17233009708735,
    498.70873786407765,
    499.5533980582524,
    499.9271844660194,
    499.997572815534,
    500,
    500,
    500,
    500,
    500,
    500,
    500,
    500,
    500,
    500,
    500,
    500,
    500,
    500,
    500,
    500,
    500,
    500,
    500,
    500,
    500,
    500,
    500,
    500,
    500,
    500,
    500,
    500,
    500,
    500,
    500
  ],
  "genetic_ancestors": [
    1,
    2,
    3.992,
    7.936,
    15.682,
    30.352,
    57.012,
    96.256,
    142.694,
    182.984,
    214.094,
    233.674,
    246.438,
    263.308,
    276.774,
    280.27,
    285.516,
    302.44,
    313.464,
    320.262,
    315.738,
    314.426,
    317.82,
    320.87,
    328.994,
    331.478,
    343.728,
    334.95,
    340.872,
    336.166,
    337.994,
    343.05,
    341.688,
    348.77,
    353.65,
    366.36,
    358.358,
    349.304,
    343.6,
    348.856,
    344.926,
    345.804,
    355.244,
    358.58,
    368.692,
    369.49,
    367.238,
    361.072,
    357.908,
    363.642
  ],
  "genetic_descendants": [
    1,
    2.242152466367713,
    4.674473067915691,
    9.454761904761904,
    18.857831325301206,
    36.85230024213075,
    68.89077669902913,
    117.29854368932038,
    174.33333333333334,
    225.87104622871047,
    265.2652068126521,
    293.7883211678832,
    314.4184914841849,
    330.22141119221413,
    342.669099756691,
    352.56447688564475,
    362.77560975609754,
    370.50243902439024,
    377.0780487804878,
    382.65365853658534,
    388.7682926829268,
    393.7121951219512,
    398.6829268292683,
    403.3243902439024,
    406.5536585365854,
    410.0975609756098,
    413.77560975609754,
    418.679706601467,
    421.49388753056235,
    424.21515892420535,
    426.60146699266505,
    428.52567237163817,
    430.4498777506112,
    432.93887530562347,
    434.6234718826406,
    436.4254278728606,
    438.7359413202934,
    440.5085574572127,
    441.93398533007337,
    443.22982885085577,
    444.1540342298288,
    445.43031784841077,
    447.55392156862746,
    448.546568627451,
    449.5735294117647,
    451.1348039215686,
    453.26781326781327,
    453.85749385749386,
    454.982800982801,
    455.8845208845209
  ],
  "num_gen": 50,
  "pop_size": 500,
  "recomb_rate": 1e-8,
  "roh_freq": [
    0,
    0,
    0.001574430830510009,
    0.00392580809353742,
    0.005297737972467063,
    0.004420851539987463,
    0.007162802148248742,
    0.007424669999879048,
    0.006275679604318484,
    0.011311189298911265,
    0.009060502013883804,
    0.010019503083240455,
    0.00827733849248376,
    0.012835680833423919,
    0.0128858937167547,
    0.015542399992510336,
    0.016177465030921122,
    0.012949039652717095,
    0.026060980280761047,
    0.021864635927660563,
    0.01912552521146109,
    0.02317720564184105,
    0.0239174292096253,
    0.019463520613051,
    0.021239688185458985,
    0.02728283940991945,
    0.02342716329525477,
    0.024030886444170722,
    0.027100510911659964,
    0.02941900109088012,
    0.02952737832672354,
    0.03596720182327611,
    0.036878447126609905,
    0.032212509765064394,
    0.03487033632394717,
    0.03770581680756411,
    0.03732277351121347,
    0.040351294323940884,
    0.0378459832585786,
    0.03804652513015261,
    0.0369674247539407,
    0.03740906389753209,
    0.03895906779627785,
    0.04562130029926294,
    0.04124028776983722,
    0.043545250276218805,
    0.0468907223896767,
    0.04355186691758558,
    0.04751999385898064,
    0.043623732628410065
  ],
  "roh_len": [
    0,
    0,
    25429724,
    26370804,
    12907631,
    8189403,
    6110702,
    5501530,
    4235349,
    6694048,
    4246650,
    3650961,
    2596831,
    4168843,
    2891583,
    3327705,
    3002597,
    2325038,
    3781816,
    2852385,
    2317538,
    2355574,
    2240993,
    1830715,
    1882023,
    2174972,
    1634546,
    1542023,
    1671687,
    1731416,
    1553988,
    1898258,
    1685032,
    1489449,
    1400249,
    1568258,
    1449884,
    1451104,
    1283316,
    1256909,
    1147648,
    1138757,
    1096434,
    1214501,
    1045130,
    1096546,
    1103939,
    1020120,
    1051878,
    932048
  ],
  "runtime_genealogical_ancestors": 1.742790253,
  "runtime_genealogical_descendants": 3.245480919,
  "runtime_genetic_ancestors": 76.808611137,
  "runtime_genetic_descendants": 45.447120315,
  "seed": 5002,
  "segment_count": [
    22,
    101.978,
    160.366,
    219.146,
    276.948,
    334.64,
    393.414,
    450.426,
    508.752,
    566.308,
    622.426,
    680.564,
    738.168,
    794.5,
    851.23,
    907.586,
    961.824,
    1021.228,
    1078.738,
    1135.918,
    1194.97,
    1252.048,
    1308.904,
    1367.094,
    1424.886,
    1479.638,
    1537.506,
    1594.73,
    1652.028,
    1708.496,
    1766.944,
    1820.872,
    1876.302,
    1935.55,
    1992.514,
    2050.864,
    2109.796,
    2170.714,
    2227.098,
    2284.27,
    2344.192,
    2403.468,
    2458.802,
    2514.868,
    2566.802,
    2625.43,
    2682.728,
    2738.926,
    2793.038,
    2850.764
  ],
  "segment_len": [
    130681887,
    56384740,
    35855499,
    26238229,
    20762031,
    17182653,
    14615654,
    12765699,
    11302172,
    10153490,
    9238050,
    8448879,
    7789558,
    7237259,
    6754934,
    6335491,
    5978227,
    5630479,
    5330305,
    5061987,
    4811838,
    4592478,
    4392990,
    4206004,
    4035412,
    3886087,
    3739824,
    3605627,
    3480572,
    3365534,
    3254207,
    3157829,
    3064540,
    2970733,
    2885803,
    2803697,
    2725383,
    2648899,
    2581836,
    2517216,
    2452872,
    2392377,
    2338538,
    2286403,
    2240142,
    2190118,
    2143341,
    2099364,
    2058691,
    2017004
  ],
  "seq_len": 2875001522
}
