{
  "IAP": 18,
  "TMRCA": 10,
  "chrom_lengths": [
    248956422,
    242193529,
    198295559,
    190214555,
    181538259,
    170805979,
    159345973,
    145138636,
    138394717,
    133797422,
    135086622,
    133275309,
    114364328,
    107043718,
    101991189,
    90338345,
    83257441,
    80373285,
    58617616,
    64444167,
    46709983,
    50818468
  ],
  "genealogical_ancestors": [
    1,
    2,
    3.988,
    7.914,
    15.632,
    30.396,
    57.14,
    102.576,
    169.1,
    253.798,
    311.75,
    351.998,
    379.792,
    401.92,
    408.08,
    407.98,
    401.078,
    410.108,
    406,
    390,
    403,
    412,
    408,
    388,
    390,
    390,
    389,
    387,
    386,
    406,
    388,
    392,
    387,
    389,
    395,
    394,
    393,
    392,
    386,
    402,
    403,
    391,
    393,
    404,
    395,
    402,
    394,
    400,
    394,
    395
  ],
  "genealogical_descendants": [
    1,
    2.331002331002331,
    4.837772397094431,
    9.819753086419754,
    19.6475,
    38.26315789473684,
    72.27568922305764,
    129.58395989974937,
    212.1203007518797,
    307.7518796992481,
    390.02255639097746,
    443.56390977443607,
    472.546365914787,
    488.32581453634083,
    496.04761904761904,
    499.0952380952381,
    499.9047619047619,
    499.9949874686717,
    500,
    500,
    500,
    500,
    500,
    500,
    500,
    500,
    500,
    500,
    500,
    500,
    500,
    500,
    500,
    500,
    500,
    500,
    500,
    500,
    500,
    500,
    500,
    500,
    500,
    500,
    500,
    500,
    500,
    500,
    500,
    500
  ],
  "genetic_ancestors": [
    1,
    2,
    3.988,
    7.914,
    15.632,
    30.392,
    56.626,
    97.04,
    143.786,
    189.534,
    215.086,
    236.52,
    252.714,
    272.368,
    284.314,
    291.432,
    296.936,
    308.44,
    313.006,
    303.942,
    314.678,
    317.53,
    315.54,
    310.09,
    317.922,
    314.614,
    317.362,
    321.266,
    323.646,
    339.678,
    325.002,
    335.302,
    334.888,
    338.616,
    350.22,
    351.742,
    346.5,
    347.788,
    342.634,
    356.556,
    362.166,
    349.612,
    351.78,
    360.762,
    352.53,
    362.152,
    362.798,
    365.864,
    352.498,
    357.942
  ],
  "genetic_descendants": [
    1,
    2.331002331002331,
    4.837772397094431,
    9.819753086419754,
    19.6475,
    38.24812030075188,
    71.59147869674186,
    122.26315789473684,
    180.328320802005,
    232.28320802005013,
    271.17336683417085,
    299.51256281407035,
    319.52261306532665,
    335.8467336683417,
    348.17336683417085,
    357.964824120603,
    365.75125628140705,
    373.1708542713568,
    379.12311557788945,
    385.3467336683417,
    390.76633165829145,
    395.7537688442211,
    399.76884422110555,
    403.74120603015075,
    408.4584382871536,
    411.5768261964736,
    415.10831234256926,
    417.58438287153655,
    420.4231738035264,
    423.088161209068,
    425.1234256926952,
    427.43324937027705,
    429.3123425692695,
    431.1586901763224,
    432.7833753148615,
    435.0528967254408,
    436.27959697732996,
    437.9647355163728,
    439.39798488664985,
    440.4785894206549,
    442.41057934508814,
    443.5642317380353,
    444.6448362720403,
    446.6868686868687,
    448.0479797979798,
    449.300505050505,
    450.2146464646465,
    451.0429292929293,
    452.1641414141414,
    452.8358585858586
  ],
  "num_gen": 50,
  "pop_size": 500,
  "recomb_rate": 1e-8,
  "roh_freq": [
    0,
    0,
    0.0007727733835961427,
    0.0011053771783011946,
    0.00204115754899416,
    0.004425676196215941,
    0.00504933170327553,
    0.0056317372391290164,
    0.010841537207367085,
    0.010120585287119718,
    0.006768742507817009,
    0.012386992217390555,
    0.008730501252235512,
    0.01616060778488868,
    0.01790943392551011,
    0.017128338440580485,
    0.011591187895725922,
    0.017228414617166243,
    0.019320491327378158,
    0.017187019958036738,
    0.019759857839824823,
    0.01928483412468955,
    0.02080170351088948,
    0.021718300778694334,
    0.024626492148340506,
    0.02320532304886898,
    0.026954078090397616,
    0.02424851834148003,
    0.031036694685269806,
    0.03137008829590456,
    0.0313280624169353,
    0.03299441814347672,
    0.029437974491618373,
    0.03133881789645884,
    0.03470746486651773,
    0.03191749063567974,
    0.03106174433183483,
    0.04242032263731094,
    0.036288604009302505,
    0.03724037168492324,
    0.04746186792592592,
    0.032967277081671055,
    0.03798500607889418,
    0.04565195663572939,
    0.04392086432432852,
    0.04295584194198559,
    0.04575148931764635,
    0.03873265414431318,
    0.04838891747480613,
    0.05118073374223417
  ],
  "roh_len": [
    0,
    0,
    8415623,
    7157569,
    5868331,
    7873654,
    5652973,
    5053449,
    6243877,
    5205133,
    3307298,
    5585417,
    2638238,
    4644319,
    4256750,
    3324601,
    2340216,
    2702221,
    3021127,
    2218801,
    2462062,
    2221311,
    2121644,
    2162953,
    2159890,
    1848684,
    1977871,
    1548798,
    1927808,
    1837817,
    1652446,
    1748424,
    1463652,
    1435248,
    1490960,
    1243769,
    1246128,
    1522806,
    1221231,
    1155497,
    1432276,
    952304,
    1063959,
    1214238,
    1120589,
    1081722,
    1074567,
    867153,
    1064587,
    1043979
  ],
  "runtime_genealogical_ancestors": 1.863314151,
  "runtime_genealogical_descendants": 2.48537973,
  "runtime_genetic_ancestors": 78.050557664,
  "runtime_genetic_descendants": 46.4461466,
  "seed": 5005,
  "segment_count": [
    22,
    101.978,
    159.544,
    217.218,
    275.268,
    333.278,
    390.784,
    449.616,
    508.288,
    564.544,
    621.658,
    678.58,
    735.492,
    792.368,
    849.298,
    906.844,
    962.368,
    1019.034,
    1074.2,
    1130.546,
    1189.314,
    1247.916,
    1306.25,
    1359.412,
    1419.148,
    1476.544,
    1534.732,
    1592.542,
    1647.89,
    1707.804,
    1763.386,
    1821.418,
    1879.188,
    1936.278,
    1995.888,
    2055.924,
    2110.314,
    2166.432,
    2219.748,
    2278.91,
    2337.638,
    2401.466,
    2458.154,
    2517.954,
    2577.464,
    2633.434,
    2690.316,
    2744.46,
    2804.19,
    2863.25
  ],
  "segment_len": [
    130681887,
    56384740,
    36040233,
    26471116,
    20888744,
    17252873,
    14714018,
    12788697,
    11312490,
    10185216,
    9249463,
    8473581,
    7817900,
    7256733,
    6770300,
    6340674,
    5974848,
    5642601,
    5352823,
    5086040,
    4834722,
    4607684,
    4401916,
    4229772,
    4051728,
    3894230,
    3746584,
    3610581,
    3489312,
    3366898,
    3260773,
    3156882,
    3059833,
    2969616,
    2880924,
    2796797,
    2724714,
    2654135,
    2590385,
    2523137,
    2459749,
    2394372,
    2339154,
    2283601,
    2230876,
    2183461,
    2137296,
    2095130,
    2050504,
    2008208
  ],
  "seq_len": 2875001522
}
