{
  "IAP": 11,
  "TMRCA": 6,
  "chrom_lengths": [
    248956422,
    242193529,
    198295559,
    190214555,
    181538259,
    170805979,
    159345973,
    145138636,
    138394717,
    133797422,
    135086622,
    133275309,
    114364328,
    107043718,
    101991189,
    90338345,
    83257441,
    80373285,
    58617616,
    64444167,
    46709983,
    50818468
  ],
  "genealogical_ancestors": [
    1,
    2,
    3.9,
    7.2,
    12.7,
    21.52,
    29.54,
    29.34,
    34.26,
    36.58,
    41.54,
    43,
    39,
    38,
    42,
    46,
    43,
    43,
    38,
    37,
    43,
    43,
    42,
    40,
    43,
    45,
    42,
    39,
    42,
    40,
    40,
    40,
    41,
    41,
    47,
    42,
    44,
    41,
    44,
    40,
    41,
    42,
    43,
    42,
    45,
    41,
    38,
    38,
    37,
    37
  ],
  "genealogical_descendants": [
    1,
    2.127659574468085,
    4.333333333333333,
    8.534883720930232,
    15.162790697674419,
    24.511627906976745,
    32.93023255813954,
    40.06976744186046,
    44.93023255813954,
    47.74418604651163,
    49.348837209302324,
    49.81395348837209,
    50,
    50,
    50,
    50,
    50,
    50,
    50,
    50,
    50,
    50,
    50,
    50,
    50,
    50,
    50,
    50,
    50,
    50,
    50,
    50,
    50,
    50,
    50,
    50,
    50,
    50,
    50,
    50,
    50,
    50,
    50,
    50,
    50,
    50,
    50,
    50,
    50,
    50
  ],
  "genetic_ancestors": [
    1,
    2,
    3.9,
    7.2,
    12.7,
    21.52,
    29.44,
    29,
    33.24,
    35.66,
    39.66,
    41.02,
    37.94,
    37.46,
    41.42,
    44.74,
    41.66,
    42.42,
    37.68,
    36.04,
    42.54,
    42.76,
    41.34,
    39.96,
    42.84,
    44.44,
    41.46,
    38.66,
    42,
    40,
    40,
    40,
    41,
    40.9,
    46.22,
    41.24,
    43.98,
    40.76,
    43.4,
    39.98,
    40.56,
    41.14,
    41.3,
    41.46,
    43.94,
    40.74,
    37.98,
    37.96,
    36.96,
    36.9
  ],
  "genetic_descendants": [
    1,
    2.127659574468085,
    4.333333333333333,
    8.534883720930232,
    15.162790697674419,
    24.511627906976745,
    32.86046511627907,
    39.325581395348834,
    43.25581395348837,
    45.30232558139535,
    46.53488372093023,
    46.7906976744186,
    47.348837209302324,
    47.325581395348834,
    47.44186046511628,
    47.55813953488372,
    47.651162790697676,
    47.69767441860465,
    48.88095238095238,
    49.04761904761905,
    48.92857142857143,
    48.904761904761905,
    48.976190476190474,
    49.023809523809526,
    49.04761904761905,
    49.23809523809524,
    49.30952380952381,
    49.214285714285715,
    49.214285714285715,
    49.285714285714285,
    49.23809523809524,
    49.30952380952381,
    49.404761904761905,
    49.404761904761905,
    49.38095238095238,
    49.595238095238095,
    49.76190476190476,
    49.80952380952381,
    49.61904761904762,
    49.69047619047619,
    49.666666666666664,
    49.54761904761905,
    49.45238095238095,
    49.23809523809524,
    49.333333333333336,
    49.45238095238095,
    49.476190476190474,
    49.5,
    49.38095238095238,
    49.38095238095238
  ],
  "num_gen": 50,
  "pop_size": 50,
  "recomb_rate": 1e-8,
  "roh_freq": [
    0,
    0,
    0.011325591736504131,
    0.012103360681281755,
    0.0664397848482252,
    0.03683370715099051,
    0.0510858422564689,
    0.07963087982671335,
    0.09235855449401045,
    0.07419768369778275,
    0.1260363594270125,
    0.11809276048793688,
    0.09879450918774156,
    0.14744019477426906,
    0.15677124189710256,
    0.1450995315542654,
    0.10728359227630349,
    0.1752573656063616,
    0.2000227582209955,
    0.1683639675721883,
    0.15591258806297079,
    0.1775447936197649,
    0.18800580355310156,
    0.23757955659266602,
    0.2485871387723043,
    0.2336948978561271,
    0.26909274597594457,
    0.2718298440817313,
    0.2287031426761102,
    0.28979243716727326,
    0.27007743627900593,
    0.2783537053654471,
    0.31417396983903234,
    0.3658605282157482,
    0.379557399100396,
    0.3181357340164914,
    0.3506338831635582,
    0.3331463922125882,
    0.30863136769497684,
    0.3219187919720343,
    0.3292315231198684,
    0.4016730032882396,
    0.3242111443306568,
    0.37441456253253425,
    0.3625602560011445,
    0.37318165276435633,
    0.38997219192428656,
    0.44705146755049263,
    0.5023457488451375,
    0.37347008496644546
  ],
  "roh_len": [
    0,
    0,
    9576792,
    7219332,
    18763701,
    8196359,
    6527638,
    6651333,
    6280297,
    4276632,
    6447592,
    5147314,
    3391860,
    4672517,
    3868156,
    3129492,
    2061492,
    3211787,
    3154848,
    2345869,
    1964281,
    2050295,
    2089035,
    2232453,
    2340938,
    2084879,
    2226179,
    2008406,
    1550393,
    1853594,
    1675600,
    1684206,
    1759008,
    1949169,
    1930352,
    1577347,
    1576690,
    1504313,
    1332986,
    1326525,
    1265124,
    1451605,
    1155658,
    1287949,
    1167859,
    1166091,
    1218081,
    1313702,
    1403269,
    1033523
  ],
  "runtime_genealogical_ancestors": 0.02502985,
  "runtime_genealogical_descendants": 0.025988619,
  "runtime_genetic_ancestors": 9.015962289,
  "runtime_genetic_descendants": 5.287258672,
  "seed": 506,
  "segment_count": [
    22,
    102.02,
    161.68,
    218.08,
    275.28,
    334.72,
    391.4,
    447.52,
    507.26,
    562.98,
    617.54,
    669.84,
    730.16,
    788.66,
    844.64,
    900.22,
    964.3,
    1025.26,
    1082.32,
    1141.32,
    1193.68,
    1261.22,
    1321.06,
    1376.74,
    1438.4,
    1494.4,
    1546,
    1595.16,
    1654.78,
    1719.44,
    1778.8,
    1829.16,
    1892.16,
    1945.06,
    2002,
    2064.3,
    2122.98,
    2172.38,
    2222.74,
    2286.52,
    2338.56,
    2405.28,
    2460.14,
    2525.1,
    2590.96,
    2636.54,
    2693.36,
    2740.96,
    2789,
    2835.96
  ],
  "segment_len": [
    130681887,
    56361527,
    35564096,
    26366484,
    20887834,
    17178546,
    14690861,
    12848594,
    11335415,
    10213512,
    9311142,
    8584144,
    7874990,
    7290851,
    6807637,
    6387330,
    5962877,
    5608336,
    5312664,
    5038028,
    4817038,
    4559080,
    4352567,
    4176535,
    3997499,
    3847700,
    3719277,
    3604655,
    3474783,
    3344113,
    3232518,
    3143521,
    3038856,
    2956208,
    2872129,
    2785449,
    2708458,
    2646867,
    2586898,
    2514739,
    2458779,
    2390575,
    2337266,
    2277138,
    2219255,
    2180889,
    2134880,
    2097806,
    2061671,
    2027533
  ],
  "seq_len": 2875001522
}
