{
  "IAP": 18,
  "TMRCA": 10,
  "chrom_lengths": [
    248956422,
    242193529,
    198295559,
    190214555,
    181538259,
    170805979,
    159345973,
    145138636,
    138394717,
    133797422,
    135086622,
    133275309,
    114364328,
    107043718,
    101991189,
    90338345,
    83257441,
    80373285,
    58617616,
    64444167,
    46709983,
    50818468
  ],
  "genealogical_ancestors": [
    1,
    2,
    3.99,
    7.94,
    15.694,
    30.628,
    57.846,
    103.376,
    168.508,
    246.9,
    321.108,
    365.084,
    377.844,
    394.18,
    385.562,
    397.738,
    394.41,
    382.518,
    403,
    396,
    387,
    398,
    402,
    391,
    397,
    397,
    392,
    387,
    402,
    408,
    399,
    403,
    389,
    396,
    401,
    393,
    402,
    408,
    401,
    407,
    402,
    397,
    390,
    398,
    402,
    400,
    409,
    397,
    407,
    398,
    393,
    394,
    402,
    394,
    410,
    406,
    400,
    386,
    387,
    402,
    398,
    410,
    394,
    386,
    391,
    397,
    400,
    401,
    421,
    402,
    387,
    388,
    393,
    399,
    386,
    391,
    401,
    409,
    406,
    396,
    401,
    409,
    402,
    402,
    395,
    396,
    389,
    394,
    405,
    401,
    386,
    391,
    395,
    396,
    397,
    408,
    410,
    404,
    403,
    410
  ],
  "genealogical_descendants": [
    1,
    2.2675736961451247,
    4.795673076923077,
    9.746928746928747,
    19.358024691358025,
    37.76119402985075,
    71.18952618453865,
    127.07481296758105,
    208.13216957605985,
    301.93017456359104,
    387.3366583541147,
    443.84788029925187,
    474.17456359102243,
    488.3840399002494,
    494.94014962593513,
    498.0199501246883,
    499.53366583541145,
    499.9426433915212,
    500,
    500,
    500,
    500,
    500,
    500,
    500,
    500,
    500,
    500,
    500,
    500,
    500,
    500,
    500,
    500,
    500,
    500,
    500,
    500,
    500,
    500,
    500,
    500,
    500,
    500,
    500,
    500,
    500,
    500,
    500,
    500,
    500,
    500,
    500,
    500,
    500,
    500,
    500,
    500,
    500,
    500,
    500,
    500,
    500,
    500,
    500,
    500,
    500,
    500,
    500,
    500,
    500,
    500,
    500,
    500,
    500,
    500,
    500,
    500,
    500,
    500,
    500,
    500,
    500,
    500,
    500,
    500,
    500,
    500,
    500,
    500,
    500,
    500,
    500,
    500,
    500,
    500,
    500,
    500,
    500,
    500
  ],
  "genetic_ancestors": [
    1,
    2,
    3.99,
    7.94,
    15.694,
    30.614,
    57.378,
    97.654,
    142.756,
    184.994,
    219.258,
    239.956,
    253.876,
    269.296,
    270.722,
    280.64,
    295.654,
    295.068,
    309.572,
    306.14,
    308.234,
    316.426,
    326.946,
    323.632,
    325.722,
    329.39,
    331.362,
    329.614,
    343.626,
    349.382,
    343.964,
    345.622,
    336.968,
    344.108,
    344.116,
    342.758,
    354.024,
    361.64,
    353.434,
    361.162,
    360.838,
    358.19,
    353.206,
    358.738,
    367.418,
    360.33,
    367.346,
    360.776,
    368.676,
    360.636,
    362.048,
    361.362,
    364.77,
    362.552,
    373.038,
    369.018,
    362.852,
    343.336,
    359.364,
    370.268,
    363.186,
    378.892,
    367.224,
    358.096,
    361.932,
    368.432,
    366.148,
    369.912,
    383.162,
    366.808,
    366.23,
    367.066,
    370.366,
    368.028,
    359.44,
    366.696,
    374.24,
    380.592,
    380.722,
    373.596,
    372.928,
    376.006,
    370.62,
    371.574,
    370.556,
    373.846,
    367.424,
    370.274,
    379.528,
    380.318,
    367.112,
    371.32,
    377.226,
    374.668,
    376.642,
    388.194,
    387.504,
    374.8,
    381.508,
    381.548
  ],
  "genetic_descendants": [
    1,
    2.2675736961451247,
    4.795673076923077,
    9.746928746928747,
    19.358024691358025,
    37.74875621890547,
    70.52119700748129,
    120.08229426433915,
    176.82543640897757,
    226.69077306733166,
    265.2643391521197,
    292.91022443890273,
    313.1371571072319,
    328.1695760598504,
    340.20947630922694,
    350.5361596009975,
    359.25935162094765,
    366.27680798004985,
    372.927680798005,
    380.0925,
    385.6275,
    390.7375,
    395.8421052631579,
    400.6390977443609,
    405.1954887218045,
    409.856783919598,
    413.36180904522615,
    416.15829145728645,
    418.7964824120603,
    421.1507537688442,
    423.0251256281407,
    425.84170854271355,
    428.19095477386935,
    430.7035175879397,
    432.29396984924625,
    434.22613065326635,
    436.04522613065325,
    437.5150753768844,
    439.321608040201,
    440.79145728643215,
    441.99748743718595,
    443.70100502512565,
    445.29396984924625,
    446.53015075376885,
    447.65577889447235,
    448.8542713567839,
    449.63819095477385,
    450.8140703517588,
    451.9849246231156,
    453.16331658291455,
    453.64824120603015,
    454.5427135678392,
    455.5678391959799,
    456.13819095477385,
    457.2638190954774,
    457.85929648241205,
    458.16331658291455,
    459.0100502512563,
    459.7437185929648,
    460.03768844221105,
    460.92713567839195,
    461.50502512562815,
    463.06801007556675,
    463.64987405541564,
    464.2367758186398,
    465.2670025188917,
    465.5163727959698,
    466.2468513853904,
    466.9571788413098,
    466.96725440806046,
    467.3073047858942,
    468.06801007556675,
    468.9244332493703,
    469.1133501259446,
    469.7531486146096,
    470.15617128463475,
    470.50125944584386,
    470.61460957178844,
    471.18639798488664,
    471.5768261964736,
    471.89672544080605,
    472.19143576826195,
    472.42821158690174,
    473.3073047858942,
    473.5415617128464,
    473.7758186397985,
    474.1889168765743,
    474.7884130982368,
    475.0125944584383,
    474.98488664987406,
    475.49874055415614,
    475.5113350125945,
    475.8513853904282,
    476.0176322418136,
    476.23173803526447,
    476.7153652392947,
    477.1813602015113,
    477.57178841309826,
    477.9395465994962,
    478.3828715365239
  ],
  "num_gen": 100,
  "pop_size": 500,
  "recomb_rate": 1e-8,