{
  "IAP": 19,
  "TMRCA": 10,
  "chrom_lengths": [
    248956422,
    242193529,
    198295559,
    190214555,
    181538259,
    170805979,
    159345973,
    145138636,
    138394717,
    133797422,
    135086622,
    133275309,
    114364328,
    107043718,
    101991189,
    90338345,
    83257441,
    80373285,
    58617616,
    64444167,
    46709983,
    50818468
  ],
  "genealogical_ancestors": [
    1,
    2,
    3.986,
    7.93,
    15.636,
    30.444,
    57.48,
    102.618,
    170.722,
    247.136,
    310.652,
    350.924,
    378.444,
    389.638,
    392.372,
    385.422,
    398.914,
    385.998,
    385.996,
    391,
    400,
    408,
    407,
    400,
    395,
    404,
    407,
    405,
    392,
    397,
    391,
    401,
    408,
    410,
    400,
    403,
    393,
    392,
    395,
    404,
    403,
    392,
    399,
    406,
    391,
    393,
    391,
    385,
    391,
    395
  ],
  "genealogical_descendants": [
    1,
    2.336448598130841,
    4.87041564792176,
    9.93969849246231,
    19.68686868686869,
    38.441624365482234,
    72.82442748091603,
    130.35368956743002,
    212.20356234096693,
    308.6972010178117,
    391.75063613231555,
    444.9236641221374,
    472.68447837150126,
    485.9236641221374,
    492.47582697201017,
    496.0458015267176,
    498.23664122137404,
    499.4910941475827,
    499.95674300254456,
    500,
    500,
    500,
    500,
    500,
    500,
    500,
    500,
    500,
    500,
    500,
    500,
    500,
    500,
    500,
    500,
    500,
    500,
    500,
    500,
    500,
    500,
    500,
    500,
    500,
    500,
    500,
    500,
    500,
    500,
    500
  ],
  "genetic_ancestors": [
    1,
    2,
    3.986,
    7.93,
    15.636,
    30.43,
    56.924,
    96.542,
    144.062,
    185.034,
    214.572,
    232.548,
    250.196,
    261.374,
    270.16,
    276.316,
    295.21,
    295.118,
    298.81,
    302.664,
    315.554,
    320.486,
    324.972,
    318.874,
    316.608,
    326.99,
    336.412,
    338.544,
    328.484,
    333.972,
    332.98,
    340.718,
    343.844,
    349.352,
    347.838,
    347.418,
    342.096,
    344.794,
    347.432,
    354.608,
    359.36,
    354.508,
    359.518,
    369.326,
    358.368,
    354.53,
    352.044,
    350.642,
    351.128,
    351.268
  ],
  "genetic_descendants": [
    1,
    2.336448598130841,
    4.87041564792176,
    9.93969849246231,
    19.68686868686869,
    38.434010152284266,
    72.20101781170483,
    123.46428571428571,
    181.2908163265306,
    234.93589743589743,
    274.6666666666667,
    304.1362467866324,
    325.00771208226223,
    340.8817480719794,
    353.16452442159385,
    363.3213367609255,
    372.12853470437017,
    379.5038560411311,
    386.2107969151671,
    392.34447300771205,
    397.7634961439589,
    402.80462724935734,
    407.02570694087404,
    410.89203084832906,
    414.7223650385604,
    417.5115681233933,
    420.9177377892031,
    424.41131105398455,
    426.5912596401028,
    429.71979434447303,
    432.5115681233933,
    434.61696658097685,
    436.4601542416452,
    437.80462724935734,
    440.2005141388175,
    441.67095115681235,
    443.2005141388175,
    444.9485861182519,
    446.38817480719797,
    447.987146529563,
    448.8431876606684,
    450.1850899742931,
    450.6375321336761,
    452.0822622107969,
    453.5629820051414,
    454.4035989717224,
    455.82519280205656,
    456.4601542416452,
    457.44987146529564,
    458.68123393316193
  ],
  "num_gen": 50,
  "pop_size": 500,
  "recomb_rate": 1e-8,
  "roh_freq": [
    0,
    0,
    0.0026642027196812036,
    0.0038791855853494046,
    0.0022087553232258777,
    0.005182985087129287,
    0.007628842355096325,
    0.00710829454440894,
    0.009021903431882776,
    0.009125862202587036,
    0.010007813764211287,
    0.011855433657053903,
    0.010226075139448221,
    0.017087431852149122,
    0.010777384192981307,
    0.016417432000232518,
    0.014761946797327643,
    0.01842298193607704,
    0.015664198909596264,
    0.019051961849361414,
    0.0143713677213142,
    0.022115330725727526,
    0.022263017836412817,
    0.020224533858872858,
    0.030167716378690666,
    0.02976632635187871,
    0.021908806665320437,
    0.020592250798815402,
    0.021104587975936385,
    0.026226774520643193,
    0.027509639455418698,
    0.02959744794180321,
    0.030416571591644535,
    0.03797190547991647,
    0.02958807098607164,
    0.03572066234196588,
    0.0297451292528394,
    0.03414060570921673,
    0.03505516979827185,
    0.027909716519447465,
    0.03917250665998082,
    0.041752017510062384,
    0.045422757145935175,
    0.037502027762752604,
    0.05078933785691401,
    0.05033317006988353,
    0.04698108331923172,
    0.04044479558226822,
    0.04783549188535004,
    0.050160875187181896
  ],
  "roh_len": [
    0,
    0,
    12982350,
    13089981,
    5720878,
    10305041,
    9996779,
    7351207,
    6088729,
    4575665,
    4437458,
    4445016,
    3232898,
    4667147,
    2620960,
    3421787,
    2888295,
    3084086,
    2392403,
    2611539,
    1840432,
    2464976,
    2351440,
    1933030,
    2449924,
    2246973,
    1557948,
    1372467,
    1315434,
    1673814,
    1531866,
    1514105,
    1522630,
    1724197,
    1287821,
    1466931,
    1150818,
    1313944,
    1250728,
    927935,
    1186558,
    1263415,
    1298580,
    1037852,
    1350506,
    1229443,
    1090440,
    906360,
    1023632,
    1046383
  ],
  "runtime_genealogical_ancestors": 1.9575146810000001,
  "runtime_genealogical_descendants": 3.445455156,
  "runtime_genetic_ancestors": 76.693927363,
  "runtime_genetic_descendants": 45.864326082,
  "seed": 5008,
  "segment_count": [
    22,
    101.978,
    159.946,
    217.576,
    274.748,
    331.898,
    390.298,
    447.634,
    505.524,
    563.964,
    622.798,
    681.874,
    739.71,
    798.254,
    853.738,
    911.164,
    965.92,
    1025.698,
    1083.782,
    1143.69,
    1201.908,
    1261.812,
    1319.57,
    1373.252,
    1428.934,
    1485.884,
    1542.402,
    1601.198,
    1656.584,
    1715.468,
    1773.596,
    1829.382,
    1886.942,
    1945.91,
    2004.046,
    2058.55,
    2111.028,
    2167.346,
    2224.734,
    2282.63,
    2337.826,
    2398.354,
    2452.882,
    2515.45,
    2568.022,
    2623.848,
    2679.424,
    2732.976,
    2789.464,
    2845.404
  ],
  "segment_len": [
    130681887,
    56384740,
    35949652,
    26427561,
    20928279,
    17324608,
    14732340,
    12845322,
    11374342,
    10195691,
    9232532,
    8432647,
    7773320,
    7203224,
    6735090,
    6310612,
    5952877,
    5605941,
    5305497,
    5027588,
    4784062,
    4556941,
    4357482,
    4187143,
    4023980,
    3869752,
    3727953,
    3591063,
    3470999,
    3351856,
    3242002,
    3143139,
    3047260,
    2954917,
    2869197,
    2793229,
    2723792,
    2653015,
    2584580,
    2519025,
    2459551,
    2397478,
    2344182,
    2285874,
    2239078,
    2191439,
    2145984,
    2103934,
    2061329,
    2020803
  ],
  "seq_len": 2875001522
}
