{
  "IAP": 10,
  "TMRCA": 5,
  "chrom_lengths": [
    248956422,
    242193529,
    198295559,
    190214555,
    181538259,
    170805979,
    159345973,
    145138636,
    138394717,
    133797422,
    135086622,
    133275309,
    114364328,
    107043718,
    101991189,
    90338345,
    83257441,
    80373285,
    58617616,
    64444167,
    46709983,
    50818468
  ],
  "genealogical_ancestors": [
    1,
    2,
    3.84,
    7.24,
    13.26,
    19.46,
    28.86,
    33.2,
    39.46,
    45.32,
    42,
    44,
    45,
    43,
    44,
    40,
    39,
    39,
    41,
    38,
    40,
    39,
    38,
    39,
    42,
    41,
    41,
    44,
    44,
    41,
    40,
    39,
    38,
    39,
    40,
    33,
    38,
    43,
    41,
    42,
    40,
    40,
    42,
    37,
    38,
    44,
    45,
    43,
    43,
    44
  ],
  "genealogical_descendants": [
    1,
    2.380952380952381,
    4.85,
    9.35,
    16.7,
    26.7,
    35.05,
    42.525,
    45.95,
    47.85,
    49.35,
    49.75,
    49.95,
    50,
    50,
    50,
    50,
    50,
    50,
    50,
    50,
    50,
    50,
    50,
    50,
    50,
    50,
    50,
    50,
    50,
    50,
    50,
    50,
    50,
    50,
    50,
    50,
    50,
    50,
    50,
    50,
    50,
    50,
    50,
    50,
    50,
    50,
    50,
    50,
    50
  ],
  "genetic_ancestors": [
    1,
    2,
    3.84,
    7.24,
    13.26,
    19.46,
    28.82,
    32.68,
    37.92,
    42.96,
    40.98,
    43.34,
    43.4,
    41.6,
    43.02,
    38.7,
    38.94,
    38.28,
    40,
    37.9,
    39.32,
    38.18,
    37.16,
    37.72,
    41.3,
    40.68,
    40.02,
    41.98,
    43.06,
    40.98,
    39.6,
    38.96,
    37.98,
    37.82,
    39.24,
    33,
    38,
    42.96,
    40.9,
    41.96,
    39.96,
    39.98,
    40.52,
    36,
    37,
    44,
    44.36,
    42.66,
    42.84,
    42.96
  ],
  "genetic_descendants": [
    1,
    2.380952380952381,
    4.85,
    9.35,
    16.7,
    26.7,
    34.875,
    42.025,
    44.925,
    46.3,
    47.5,
    47.575,
    48.1,
    48.125,
    48.625,
    48.55,
    48.85,
    48.6,
    48.575,
    48.725,
    48.8,
    48.725,
    49,
    49,
    49.1,
    48.9,
    48.7,
    48.475,
    48.5,
    48.5,
    48.3,
    48.475,
    48.725,
    48.6,
    48.6,
    48.85,
    48.825,
    49.025,
    49.225,
    49.175,
    49.175,
    49.075,
    49.325,
    49.35,
    49.475,
    49.525,
    49.575,
    49.65,
    49.725,
    49.75
  ],
  "num_gen": 50,
  "pop_size": 50,
  "recomb_rate": 1e-8,
  "roh_freq": [
    0,
    0,
    0.030494990798825738,
    0.0276433228128218,
    0.041512208994232316,
    0.04672427764370415,
    0.0626493274322517,
    0.07132216398179701,
    0.0718425511706564,
    0.10420582091782281,
    0.08238487301920809,
    0.10364545275534641,
    0.07892349775249963,
    0.135296953181926,
    0.10373049509641268,
    0.1436039721094798,
    0.14383226569297097,
    0.17476593134130522,
    0.15728818404430744,
    0.18501071573345762,
    0.19964552949547967,
    0.193584349253781,
    0.21782127752209238,
    0.19384222835204468,
    0.2691053104979887,
    0.2671125228086053,
    0.24914863974113752,
    0.25620741365993616,
    0.3076864255030471,
    0.2642345705721682,
    0.28887938457933104,
    0.30236845670094226,
    0.29146495923141985,
    0.3049837120677531,
    0.3219152605999907,
    0.24838769818223425,
    0.36591984816347517,
    0.33244450849372453,
    0.34248336444532845,
    0.3426435516927006,
    0.34288871154900213,
    0.3057887123928973,
    0.3520861359043135,
    0.37187453694850603,
    0.38285079144385925,
    0.38550266068346106,
    0.32728265830810227,
    0.40923480917030275,
    0.3432332519092141,
    0.4119619152118139
  ],
  "roh_len": [
    0,
    0,
    22252067,
    18228118,
    10080039,
    11065269,
    7730339,
    7036764,
    4938963,
    6013486,
    4357186,
    4238703,
    2663206,
    3673771,
    2441668,
    3040218,
    2541910,
    2830717,
    2330466,
    2415558,
    2470861,
    2146707,
    2195934,
    1756371,
    2249587,
    2151358,
    1894479,
    1775359,
    2057781,
    1593611,
    1653122,
    1646295,
    1446907,
    1433476,
    1484516,
    1090418,
    1482219,
    1345030,
    1271192,
    1247531,
    1205406,
    986958,
    1113584,
    1151370,
    1094479,
    1054840,
    871077,
    1057877,
    847821,
    993500
  ],
  "runtime_genealogical_ancestors": 0.025898649,
  "runtime_genealogical_descendants": 0.029597946,
  "runtime_genetic_ancestors": 8.98808534,
  "runtime_genetic_descendants": 5.23243034,
  "seed": 507,
  "segment_count": [
    22,
    102.02,
    157.94,
    212.24,
    267.92,
    328.94,
    387.22,
    447.98,
    509.68,
    564.14,
    626.06,
    682.88,
    741.16,
    796.02,
    856.9,
    917.98,
    981.34,
    1039.84,
    1091.42,
    1145.74,
    1191.94,
    1257.62,
    1320.34,
    1383.74,
    1438.82,
    1495.06,
    1557.62,
    1617.84,
    1667.64,
    1734.28,
    1798.6,
    1858.18,
    1915.52,
    1964.52,
    2016.92,
    2082.64,
    2137.06,
    2181,
    2244.78,
    2300.18,
    2359.74,
    2412.42,
    2483.18,
    2541.08,
    2607.74,
    2674.92,
    2725.54,
    2800.38,
    2863.36,
    2917
  ],
  "segment_len": [
    130681887,
    56361527,
    36406249,
    27091985,
    21461641,
    17480400,
    14849447,
    12835401,
    11281594,
    10192510,
    9184428,
    8420224,
    7758113,
    7223440,
    6710238,
    6263756,
    5859338,
    5529699,
    5268368,
    5018593,
    4824070,
    4572130,
    4354941,
    4155407,
    3996332,
    3846001,
    3691531,
    3554123,
    3447988,
    3315498,
    3196932,
    3094427,
    3001797,
    2926925,
    2850883,
    2760920,
    2690613,
    2636406,
    2561499,
    2499805,
    2436710,
    2383499,
    2315580,
    2262818,
    2204975,
    2149598,
    2109674,
    2053293,
    2008131,
    1971204
  ],
  "seq_len": 2875001522
}
