{
  "IAP": 15,
  "TMRCA": 6,
  "chrom_lengths": [
    248956422,
    242193529,
    198295559,
    190214555,
    181538259,
    170805979,
    159345973,
    145138636,
    138394717,
    133797422,
    135086622,
    133275309,
    114364328,
    107043718,
    101991189,
    90338345,
    83257441,
    80373285,
    58617616,
    64444167,
    46709983,
    50818468
  ],
  "genealogical_ancestors": [
    1,
    2,
    3.98,
    7.64,
    13.5,
    21.46,
    29.82,
    37.24,
    36.46,
    37.88,
    40.84,
    38.9,
    41.96,
    42.98,
    43.98,
    40,
    40,
    34,
    34,
    33,
    35,
    37,
    39,
    46,
    45,
    41,
    44,
    42,
    40,
    39,
    44,
    44,
    42,
    41,
    38,
    40,
    38,
    40,
    42,
    40,
    38,
    41,
    43,
    42,
    44,
    41,
    43,
    41,
    39,
    39
  ],
  "genealogical_descendants": [
    1,
    2.272727272727273,
    4.5813953488372094,
    8.604651162790697,
    15.13953488372093,
    24.13953488372093,
    32.95348837209303,
    40.97674418604651,
    44.97674418604651,
    47.55813953488372,
    48.81395348837209,
    49.395348837209305,
    49.883720930232556,
    50,
    50,
    50,
    50,
    50,
    50,
    50,
    50,
    50,
    50,
    50,
    50,
    50,
    50,
    50,
    50,
    50,
    50,
    50,
    50,
    50,
    50,
    50,
    50,
    50,
    50,
    50,
    50,
    50,
    50,
    50,
    50,
    50,
    50,
    50,
    50,
    50
  ],
  "genetic_ancestors": [
    1,
    2,
    3.98,
    7.64,
    13.5,
    21.44,
    29.72,
    36.7,
    35.64,
    36.36,
    39.82,
    36.66,
    39.88,
    41,
    42.26,
    39.88,
    39.98,
    33.92,
    33.86,
    32.62,
    33.94,
    36.5,
    38,
    45.76,
    44.74,
    40.06,
    43.98,
    41.32,
    39.98,
    38.82,
    43.24,
    42.58,
    41.86,
    40.38,
    37.9,
    38.58,
    37.26,
    39.12,
    42,
    39.92,
    37.84,
    40.6,
    43,
    42,
    43.54,
    41,
    42.28,
    40.84,
    38.84,
    38.72
  ],
  "genetic_descendants": [
    1,
    2.272727272727273,
    4.5813953488372094,
    8.604651162790697,
    15.13953488372093,
    24.13953488372093,
    32.83720930232558,
    40.58139534883721,
    44.06976744186046,
    45.95348837209303,
    47.06976744186046,
    47.58139534883721,
    47.7906976744186,
    48.04651162790697,
    48.44186046511628,
    48.58139534883721,
    48.395348837209305,
    48.604651162790695,
    48.46511627906977,
    48.627906976744185,
    48.72093023255814,
    48.651162790697676,
    48.906976744186046,
    48.906976744186046,
    48.81395348837209,
    48.651162790697676,
    48.7906976744186,
    48.74418604651163,
    48.81395348837209,
    48.83720930232558,
    48.883720930232556,
    48.86046511627907,
    49.116279069767444,
    49.27906976744186,
    49.25581395348837,
    49.23255813953488,
    49.18604651162791,
    49.116279069767444,
    49.348837209302324,
    49.2093023255814,
    49.23255813953488,
    49.46511627906977,
    49.348837209302324,
    49.27906976744186,
    49.06976744186046,
    49.04651162790697,
    49.02325581395349,
    49.04651162790697,
    49.16279069767442,
    49.2093023255814
  ],
  "num_gen": 50,
  "pop_size": 50,
  "recomb_rate": 1e-8,
  "roh_freq": [
    0,
    0,
    0.007988669704780769,
    0.04389615478610519,
    0.03256205214628057,
    0.029494579105826292,
    0.05764950782519969,
    0.0641442708843199,
    0.062979399814036,
    0.0806482611663814,
    0.13078357107040167,
    0.06278193521596334,
    0.11882497745682934,
    0.10524162088426192,
    0.10182864715019098,
    0.14350490023149282,
    0.13128677150662044,
    0.13035762737241433,
    0.1587435252425581,
    0.15166167129423871,
    0.18038723187848107,
    0.17872128034998652,
    0.212850829669926,
    0.1883756183208031,
    0.23623501916184375,
    0.1909822116121996,
    0.25228069529348934,
    0.23019522254708563,
    0.23169568297014626,
    0.23473731076515236,
    0.1784582507222756,
    0.2953560640654158,
    0.2965220490829361,
    0.2944463049365996,
    0.28293968818984155,
    0.30228439904109383,
    0.2861775275679315,
    0.2920071618730781,
    0.30440870049737667,
    0.33932199748588515,
    0.32623485168367156,
    0.34024153381300365,
    0.34838855206004304,
    0.29267477925182117,
    0.3532083385658813,
    0.3523398848621549,
    0.2877859945981622,
    0.34412849915701715,
    0.36762819883474135,
    0.3851628011625101
  ],
  "roh_len": [
    0,
    0,
    9985842,
    18668862,
    7537516,
    7544213,
    7452447,
    8292035,
    5269670,
    4967092,
    7284055,
    3041762,
    4700357,
    3355176,
    2798829,
    3491088,
    2686092,
    2516642,
    2631084,
    2276668,
    2335255,
    2285083,
    2450923,
    1993889,
    2358413,
    1799181,
    2052834,
    1850703,
    1768787,
    1661096,
    1210293,
    1779440,
    1753757,
    1675972,
    1496361,
    1447144,
    1393942,
    1329702,
    1305764,
    1364521,
    1235283,
    1242499,
    1189117,
    1000357,
    1105290,
    1095371,
    845841,
    1010943,
    1031072,
    1023574
  ],
  "runtime_genealogical_ancestors": 0.029117221,
  "runtime_genealogical_descendants": 0.029717939,
  "runtime_genetic_ancestors": 8.760702782,
  "runtime_genetic_descendants": 5.182901706,
  "seed": 509,
  "segment_count": [
    22,
    102.02,
    160.26,
    218.86,
    275.1,
    334.02,
    394.04,
    451.7,
    506.9,
    568.6,
    626.2,
    685.5,
    743.8,
    801.66,
    867.84,
    930.88,
    989.88,
    1047.7,
    1101.56,
    1156.96,
    1215.96,
    1275.64,
    1341.46,
    1397.9,
    1458.44,
    1517.16,
    1563.1,
    1626.86,
    1695.14,
    1749.38,
    1809.08,
    1866.32,
    1923.92,
    1982.46,
    2035.42,
    2099.42,
    2159.52,
    2215.4,
    2292.36,
    2353.42,
    2407.74,
    2453.5,
    2521.68,
    2582.36,
    2646.9,
    2707.58,
    2767.74,
    2821.86,
    2869.22,
    2917.62
  ],
  "segment_len": [
    130681887,
    56361527,
    35879215,
    26272516,
    20901501,
    17214547,
    14592434,
    12729694,
    11343466,
    10112562,
    9182374,
    8388042,
    7730576,
    7172620,
    6625648,
    6176954,
    5808787,
    5488215,
    5219872,
    4969923,
    4728776,
    4507543,
    4286376,
    4113315,
    3942570,
    3789978,
    3678589,
    3534417,
    3392052,
    3286880,
    3178412,
    3080930,
    2988691,
    2900438,
    2824971,
    2738853,
    2662630,
    2595469,
    2508333,
    2443254,
    2388132,
    2343592,
    2280227,
    2226646,
    2172353,
    2123668,
    2077508,
    2037664,
    2004030,
    1970785
  ],
  "seq_len": 2875001522
}
